-- MySQL dump 10.13  Distrib 8.0.44, for Linux (x86_64)
--
-- Host: 192.168.48.201    Database: SampleDB_W
-- ------------------------------------------------------
-- Server version	8.0.44-0ubuntu0.24.04.1

/*!40101 SET @OLD_CHARACTER_SET_CLIENT=@@CHARACTER_SET_CLIENT */;
/*!40101 SET @OLD_CHARACTER_SET_RESULTS=@@CHARACTER_SET_RESULTS */;
/*!40101 SET @OLD_COLLATION_CONNECTION=@@COLLATION_CONNECTION */;
/*!50503 SET NAMES utf8mb4 */;
/*!40103 SET @OLD_TIME_ZONE=@@TIME_ZONE */;
/*!40103 SET TIME_ZONE='+00:00' */;
/*!40014 SET @OLD_UNIQUE_CHECKS=@@UNIQUE_CHECKS, UNIQUE_CHECKS=0 */;
/*!40014 SET @OLD_FOREIGN_KEY_CHECKS=@@FOREIGN_KEY_CHECKS, FOREIGN_KEY_CHECKS=0 */;
/*!40101 SET @OLD_SQL_MODE=@@SQL_MODE, SQL_MODE='NO_AUTO_VALUE_ON_ZERO' */;
/*!40111 SET @OLD_SQL_NOTES=@@SQL_NOTES, SQL_NOTES=0 */;

--
-- Table structure for table `auth_group`
--

DROP TABLE IF EXISTS `auth_group`;
/*!40101 SET @saved_cs_client     = @@character_set_client */;
/*!50503 SET character_set_client = utf8mb4 */;
CREATE TABLE `auth_group` (
  `id` int NOT NULL AUTO_INCREMENT,
  `name` varchar(150) NOT NULL,
  PRIMARY KEY (`id`),
  UNIQUE KEY `name` (`name`)
) ENGINE=InnoDB DEFAULT CHARSET=utf8mb4 COLLATE=utf8mb4_0900_ai_ci;
/*!40101 SET character_set_client = @saved_cs_client */;

--
-- Dumping data for table `auth_group`
--

LOCK TABLES `auth_group` WRITE;
/*!40000 ALTER TABLE `auth_group` DISABLE KEYS */;
/*!40000 ALTER TABLE `auth_group` ENABLE KEYS */;
UNLOCK TABLES;

--
-- Table structure for table `auth_group_permissions`
--

DROP TABLE IF EXISTS `auth_group_permissions`;
/*!40101 SET @saved_cs_client     = @@character_set_client */;
/*!50503 SET character_set_client = utf8mb4 */;
CREATE TABLE `auth_group_permissions` (
  `id` bigint NOT NULL AUTO_INCREMENT,
  `group_id` int NOT NULL,
  `permission_id` int NOT NULL,
  PRIMARY KEY (`id`),
  UNIQUE KEY `auth_group_permissions_group_id_permission_id_0cd325b0_uniq` (`group_id`,`permission_id`),
  KEY `auth_group_permissio_permission_id_84c5c92e_fk_auth_perm` (`permission_id`),
  CONSTRAINT `auth_group_permissio_permission_id_84c5c92e_fk_auth_perm` FOREIGN KEY (`permission_id`) REFERENCES `auth_permission` (`id`),
  CONSTRAINT `auth_group_permissions_group_id_b120cbf9_fk_auth_group_id` FOREIGN KEY (`group_id`) REFERENCES `auth_group` (`id`)
) ENGINE=InnoDB DEFAULT CHARSET=utf8mb4 COLLATE=utf8mb4_0900_ai_ci;
/*!40101 SET character_set_client = @saved_cs_client */;

--
-- Dumping data for table `auth_group_permissions`
--

LOCK TABLES `auth_group_permissions` WRITE;
/*!40000 ALTER TABLE `auth_group_permissions` DISABLE KEYS */;
/*!40000 ALTER TABLE `auth_group_permissions` ENABLE KEYS */;
UNLOCK TABLES;

--
-- Table structure for table `auth_permission`
--

DROP TABLE IF EXISTS `auth_permission`;
/*!40101 SET @saved_cs_client     = @@character_set_client */;
/*!50503 SET character_set_client = utf8mb4 */;
CREATE TABLE `auth_permission` (
  `id` int NOT NULL AUTO_INCREMENT,
  `name` varchar(255) NOT NULL,
  `content_type_id` int NOT NULL,
  `codename` varchar(100) NOT NULL,
  PRIMARY KEY (`id`),
  UNIQUE KEY `auth_permission_content_type_id_codename_01ab375a_uniq` (`content_type_id`,`codename`),
  CONSTRAINT `auth_permission_content_type_id_2f476e4b_fk_django_co` FOREIGN KEY (`content_type_id`) REFERENCES `django_content_type` (`id`)
) ENGINE=InnoDB AUTO_INCREMENT=41 DEFAULT CHARSET=utf8mb4 COLLATE=utf8mb4_0900_ai_ci;
/*!40101 SET character_set_client = @saved_cs_client */;

--
-- Dumping data for table `auth_permission`
--

LOCK TABLES `auth_permission` WRITE;
/*!40000 ALTER TABLE `auth_permission` DISABLE KEYS */;
INSERT INTO `auth_permission` VALUES (1,'Can add log entry',1,'add_logentry'),(2,'Can change log entry',1,'change_logentry'),(3,'Can delete log entry',1,'delete_logentry'),(4,'Can view log entry',1,'view_logentry'),(5,'Can add permission',2,'add_permission'),(6,'Can change permission',2,'change_permission'),(7,'Can delete permission',2,'delete_permission'),(8,'Can view permission',2,'view_permission'),(9,'Can add group',3,'add_group'),(10,'Can change group',3,'change_group'),(11,'Can delete group',3,'delete_group'),(12,'Can view group',3,'view_group'),(13,'Can add user',4,'add_user'),(14,'Can change user',4,'change_user'),(15,'Can delete user',4,'delete_user'),(16,'Can view user',4,'view_user'),(17,'Can add content type',5,'add_contenttype'),(18,'Can change content type',5,'change_contenttype'),(19,'Can delete content type',5,'delete_contenttype'),(20,'Can view content type',5,'view_contenttype'),(21,'Can add session',6,'add_session'),(22,'Can change session',6,'change_session'),(23,'Can delete session',6,'delete_session'),(24,'Can view session',6,'view_session'),(25,'Can add meetings',7,'add_meetings'),(26,'Can change meetings',7,'change_meetings'),(27,'Can delete meetings',7,'delete_meetings'),(28,'Can view meetings',7,'view_meetings'),(29,'Can add chat messages',8,'add_chatmessages'),(30,'Can change chat messages',8,'change_chatmessages'),(31,'Can delete chat messages',8,'delete_chatmessages'),(32,'Can view chat messages',8,'view_chatmessages'),(33,'Can add participants',9,'add_participants'),(34,'Can change participants',9,'change_participants'),(35,'Can delete participants',9,'delete_participants'),(36,'Can view participants',9,'view_participants'),(37,'Can add attendance session',10,'add_attendancesession'),(38,'Can change attendance session',10,'change_attendancesession'),(39,'Can delete attendance session',10,'delete_attendancesession'),(40,'Can view attendance session',10,'view_attendancesession');
/*!40000 ALTER TABLE `auth_permission` ENABLE KEYS */;
UNLOCK TABLES;

--
-- Table structure for table `auth_user`
--

DROP TABLE IF EXISTS `auth_user`;
/*!40101 SET @saved_cs_client     = @@character_set_client */;
/*!50503 SET character_set_client = utf8mb4 */;
CREATE TABLE `auth_user` (
  `id` int NOT NULL AUTO_INCREMENT,
  `password` varchar(128) NOT NULL,
  `last_login` datetime(6) DEFAULT NULL,
  `is_superuser` tinyint(1) NOT NULL,
  `username` varchar(150) NOT NULL,
  `first_name` varchar(150) NOT NULL,
  `last_name` varchar(150) NOT NULL,
  `email` varchar(254) NOT NULL,
  `is_staff` tinyint(1) NOT NULL,
  `is_active` tinyint(1) NOT NULL,
  `date_joined` datetime(6) NOT NULL,
  PRIMARY KEY (`id`),
  UNIQUE KEY `username` (`username`)
) ENGINE=InnoDB DEFAULT CHARSET=utf8mb4 COLLATE=utf8mb4_0900_ai_ci;
/*!40101 SET character_set_client = @saved_cs_client */;

--
-- Dumping data for table `auth_user`
--

LOCK TABLES `auth_user` WRITE;
/*!40000 ALTER TABLE `auth_user` DISABLE KEYS */;
/*!40000 ALTER TABLE `auth_user` ENABLE KEYS */;
UNLOCK TABLES;

--
-- Table structure for table `auth_user_groups`
--

DROP TABLE IF EXISTS `auth_user_groups`;
/*!40101 SET @saved_cs_client     = @@character_set_client */;
/*!50503 SET character_set_client = utf8mb4 */;
CREATE TABLE `auth_user_groups` (
  `id` bigint NOT NULL AUTO_INCREMENT,
  `user_id` int NOT NULL,
  `group_id` int NOT NULL,
  PRIMARY KEY (`id`),
  UNIQUE KEY `auth_user_groups_user_id_group_id_94350c0c_uniq` (`user_id`,`group_id`),
  KEY `auth_user_groups_group_id_97559544_fk_auth_group_id` (`group_id`),
  CONSTRAINT `auth_user_groups_group_id_97559544_fk_auth_group_id` FOREIGN KEY (`group_id`) REFERENCES `auth_group` (`id`),
  CONSTRAINT `auth_user_groups_user_id_6a12ed8b_fk_auth_user_id` FOREIGN KEY (`user_id`) REFERENCES `auth_user` (`id`)
) ENGINE=InnoDB DEFAULT CHARSET=utf8mb4 COLLATE=utf8mb4_0900_ai_ci;
/*!40101 SET character_set_client = @saved_cs_client */;

--
-- Dumping data for table `auth_user_groups`
--

LOCK TABLES `auth_user_groups` WRITE;
/*!40000 ALTER TABLE `auth_user_groups` DISABLE KEYS */;
/*!40000 ALTER TABLE `auth_user_groups` ENABLE KEYS */;
UNLOCK TABLES;

--
-- Table structure for table `auth_user_user_permissions`
--

DROP TABLE IF EXISTS `auth_user_user_permissions`;
/*!40101 SET @saved_cs_client     = @@character_set_client */;
/*!50503 SET character_set_client = utf8mb4 */;
CREATE TABLE `auth_user_user_permissions` (
  `id` bigint NOT NULL AUTO_INCREMENT,
  `user_id` int NOT NULL,
  `permission_id` int NOT NULL,
  PRIMARY KEY (`id`),
  UNIQUE KEY `auth_user_user_permissions_user_id_permission_id_14a6b632_uniq` (`user_id`,`permission_id`),
  KEY `auth_user_user_permi_permission_id_1fbb5f2c_fk_auth_perm` (`permission_id`),
  CONSTRAINT `auth_user_user_permi_permission_id_1fbb5f2c_fk_auth_perm` FOREIGN KEY (`permission_id`) REFERENCES `auth_permission` (`id`),
  CONSTRAINT `auth_user_user_permissions_user_id_a95ead1b_fk_auth_user_id` FOREIGN KEY (`user_id`) REFERENCES `auth_user` (`id`)
) ENGINE=InnoDB DEFAULT CHARSET=utf8mb4 COLLATE=utf8mb4_0900_ai_ci;
/*!40101 SET character_set_client = @saved_cs_client */;

--
-- Dumping data for table `auth_user_user_permissions`
--

LOCK TABLES `auth_user_user_permissions` WRITE;
/*!40000 ALTER TABLE `auth_user_user_permissions` DISABLE KEYS */;
/*!40000 ALTER TABLE `auth_user_user_permissions` ENABLE KEYS */;
UNLOCK TABLES;

--
-- Table structure for table `django_admin_log`
--

DROP TABLE IF EXISTS `django_admin_log`;
/*!40101 SET @saved_cs_client     = @@character_set_client */;
/*!50503 SET character_set_client = utf8mb4 */;
CREATE TABLE `django_admin_log` (
  `id` int NOT NULL AUTO_INCREMENT,
  `action_time` datetime(6) NOT NULL,
  `object_id` longtext,
  `object_repr` varchar(200) NOT NULL,
  `action_flag` smallint unsigned NOT NULL,
  `change_message` longtext NOT NULL,
  `content_type_id` int DEFAULT NULL,
  `user_id` int NOT NULL,
  PRIMARY KEY (`id`),
  KEY `django_admin_log_content_type_id_c4bce8eb_fk_django_co` (`content_type_id`),
  KEY `django_admin_log_user_id_c564eba6_fk_auth_user_id` (`user_id`),
  CONSTRAINT `django_admin_log_content_type_id_c4bce8eb_fk_django_co` FOREIGN KEY (`content_type_id`) REFERENCES `django_content_type` (`id`),
  CONSTRAINT `django_admin_log_user_id_c564eba6_fk_auth_user_id` FOREIGN KEY (`user_id`) REFERENCES `auth_user` (`id`),
  CONSTRAINT `django_admin_log_chk_1` CHECK ((`action_flag` >= 0))
) ENGINE=InnoDB DEFAULT CHARSET=utf8mb4 COLLATE=utf8mb4_0900_ai_ci;
/*!40101 SET character_set_client = @saved_cs_client */;

--
-- Dumping data for table `django_admin_log`
--

LOCK TABLES `django_admin_log` WRITE;
/*!40000 ALTER TABLE `django_admin_log` DISABLE KEYS */;
/*!40000 ALTER TABLE `django_admin_log` ENABLE KEYS */;
UNLOCK TABLES;

--
-- Table structure for table `django_content_type`
--

DROP TABLE IF EXISTS `django_content_type`;
/*!40101 SET @saved_cs_client     = @@character_set_client */;
/*!50503 SET character_set_client = utf8mb4 */;
CREATE TABLE `django_content_type` (
  `id` int NOT NULL AUTO_INCREMENT,
  `app_label` varchar(100) NOT NULL,
  `model` varchar(100) NOT NULL,
  PRIMARY KEY (`id`),
  UNIQUE KEY `django_content_type_app_label_model_76bd3d3b_uniq` (`app_label`,`model`)
) ENGINE=InnoDB AUTO_INCREMENT=11 DEFAULT CHARSET=utf8mb4 COLLATE=utf8mb4_0900_ai_ci;
/*!40101 SET character_set_client = @saved_cs_client */;

--
-- Dumping data for table `django_content_type`
--

LOCK TABLES `django_content_type` WRITE;
/*!40000 ALTER TABLE `django_content_type` DISABLE KEYS */;
INSERT INTO `django_content_type` VALUES (1,'admin','logentry'),(3,'auth','group'),(2,'auth','permission'),(4,'auth','user'),(5,'contenttypes','contenttype'),(10,'core','attendancesession'),(8,'core','chatmessages'),(7,'core','meetings'),(9,'core','participants'),(6,'sessions','session');
/*!40000 ALTER TABLE `django_content_type` ENABLE KEYS */;
UNLOCK TABLES;

--
-- Table structure for table `django_migrations`
--

DROP TABLE IF EXISTS `django_migrations`;
/*!40101 SET @saved_cs_client     = @@character_set_client */;
/*!50503 SET character_set_client = utf8mb4 */;
CREATE TABLE `django_migrations` (
  `id` bigint NOT NULL AUTO_INCREMENT,
  `app` varchar(255) NOT NULL,
  `name` varchar(255) NOT NULL,
  `applied` datetime(6) NOT NULL,
  PRIMARY KEY (`id`)
) ENGINE=InnoDB AUTO_INCREMENT=22 DEFAULT CHARSET=utf8mb4 COLLATE=utf8mb4_0900_ai_ci;
/*!40101 SET character_set_client = @saved_cs_client */;

--
-- Dumping data for table `django_migrations`
--

LOCK TABLES `django_migrations` WRITE;
/*!40000 ALTER TABLE `django_migrations` DISABLE KEYS */;
INSERT INTO `django_migrations` VALUES (1,'contenttypes','0001_initial','2025-08-28 13:56:23.835310'),(2,'auth','0001_initial','2025-08-28 13:56:24.078971'),(3,'admin','0001_initial','2025-08-28 13:56:24.149466'),(4,'admin','0002_logentry_remove_auto_add','2025-08-28 13:56:24.159587'),(5,'admin','0003_logentry_add_action_flag_choices','2025-08-28 13:56:24.168664'),(6,'contenttypes','0002_remove_content_type_name','2025-08-28 13:56:24.236823'),(7,'auth','0002_alter_permission_name_max_length','2025-08-28 13:56:24.272265'),(8,'auth','0003_alter_user_email_max_length','2025-08-28 13:56:24.294775'),(9,'auth','0004_alter_user_username_opts','2025-08-28 13:56:24.304021'),(10,'auth','0005_alter_user_last_login_null','2025-08-28 13:56:24.334992'),(11,'auth','0006_require_contenttypes_0002','2025-08-28 13:56:24.336602'),(12,'auth','0007_alter_validators_add_error_messages','2025-08-28 13:56:24.345905'),(13,'auth','0008_alter_user_username_max_length','2025-08-28 13:56:24.377829'),(14,'auth','0009_alter_user_last_name_max_length','2025-08-28 13:56:24.410252'),(15,'auth','0010_alter_group_name_max_length','2025-08-28 13:56:24.427143'),(16,'auth','0011_update_proxy_permissions','2025-08-28 13:56:24.440756'),(17,'auth','0012_alter_user_first_name_max_length','2025-08-28 13:56:24.472703'),(18,'core','0001_initial','2025-08-28 13:57:35.482211'),(19,'sessions','0001_initial','2025-08-28 13:57:35.484501'),(20,'core','0002_meetings_livekit_room_name_meetings_livekit_room_sid_and_more','2025-09-02 08:23:16.259476'),(21,'core','0003_attendancesession_break_count_and_more','2025-09-10 04:44:53.293155');
/*!40000 ALTER TABLE `django_migrations` ENABLE KEYS */;
UNLOCK TABLES;

--
-- Table structure for table `django_session`
--

DROP TABLE IF EXISTS `django_session`;
/*!40101 SET @saved_cs_client     = @@character_set_client */;
/*!50503 SET character_set_client = utf8mb4 */;
CREATE TABLE `django_session` (
  `session_key` varchar(40) NOT NULL,
  `session_data` longtext NOT NULL,
  `expire_date` datetime(6) NOT NULL,
  PRIMARY KEY (`session_key`),
  KEY `django_session_expire_date_a5c62663` (`expire_date`)
) ENGINE=InnoDB DEFAULT CHARSET=utf8mb4 COLLATE=utf8mb4_0900_ai_ci;
/*!40101 SET character_set_client = @saved_cs_client */;

--
-- Dumping data for table `django_session`
--

LOCK TABLES `django_session` WRITE;
/*!40000 ALTER TABLE `django_session` DISABLE KEYS */;
INSERT INTO `django_session` VALUES ('00x6jgzjf29cfv63beixyfebenyxkiv5','eyJVc2VyX0lkIjo1MywiVXNlcl9UeXBlIjoidXNlciIsIl9zZXNzaW9uX2V4cGlyeSI6ODY0MDB9:1vKwgl:ayzSM2m-CGtixpFlJ9Tha7xRUS-wjsGe8oPNOCG8f5o','2025-11-18 10:42:27.319106'),('01fdejr04zx85gjydoe0av4c4da3grwp','eyJVc2VyX0lkIjoxMjAsIlVzZXJfVHlwZSI6InVzZXIiLCJfc2Vzc2lvbl9leHBpcnkiOjg2NDAwfQ:1vDFoT:gGUx7LRKLXSsOy20rb9b0wOJAAC_iNXIkFfy6GyLe9Y','2025-10-28 05:30:37.349817'),('01z4tzjzmnatmbh34u0rkra987dyf70j','eyJVc2VyX0lkIjo2NiwiVXNlcl9UeXBlIjoidXNlciIsIl9zZXNzaW9uX2V4cGlyeSI6ODY0MDB9:1uzVVs:epxr3kS0b2LskpSxObLMXkRo8H9rmwhFB-bJ72LFDZQ','2025-09-20 07:26:36.917835'),('021dextbx9v0x41ia6yvcst8xjr4y8j4','eyJVc2VyX0lkIjoxNjYsIlVzZXJfVHlwZSI6InVzZXIiLCJfc2Vzc2lvbl9leHBpcnkiOjg2NDAwfQ:1vO9xI:i7aBM1c5xtLol2453lvAxELivPttuYrrnTxd63HEjUw','2025-11-27 07:28:48.781633'),('02ayz9fkaf9bj9t9hyejjcxgf5k0s9zi','eyJVc2VyX0lkIjoxMTMsIlVzZXJfVHlwZSI6InVzZXIiLCJfc2Vzc2lvbl9leHBpcnkiOjg2NDAwfQ:1vGaK8:mgDOP9yAZQQRO-aZpBNR6mOeHWx6AGUm611GV_1IMVI','2025-11-06 10:01:04.602863'),('02nmg5nfdp7nz8eeycojtqlf1nr3hnbn','e30:1vQl6C:CQPlhtDBKNBdv9i0eK8c27bDY75g137YNvciBJJhMiQ','2025-12-04 11:32:44.349363'),('03m36lexajfcihns9qpdg94u3zw22u8c','eyJVc2VyX0lkIjoxMjYsIlVzZXJfVHlwZSI6InVzZXIiLCJfc2Vzc2lvbl9leHBpcnkiOjg2NDAwfQ:1vE5DL:-nkV5itERyBj2Vfbv9Y6Wcy-rG0YGOENtM68l_DB0k4','2025-10-30 12:23:43.146040'),('040xhz2s0nq92w7ow1jw0xicsxdcs8qm','eyJVc2VyX0lkIjo2NSwiVXNlcl9UeXBlIjoidXNlciIsIl9zZXNzaW9uX2V4cGlyeSI6ODY0MDB9:1v8xTD:un-lL1A8JbfOSMrktQ3-sb4q7y-IupIL5xVlc0NDpWs','2025-10-16 09:06:55.132731'),('054olhvyoiror1q0bfk6s25xw81qzbwb','eyJVc2VyX0lkIjoxMjYsIlVzZXJfVHlwZSI6InVzZXIiLCJfc2Vzc2lvbl9leHBpcnkiOjg2NDAwfQ:1vIixI:jXvGX8qPl4DalPy8iwrTcTUlQ1v9pO7ZlbuUrzPVxOU','2025-11-12 07:38:20.177394'),('059rii60yz81mqg0y4lsmz1s97ctjb7b','eyJVc2VyX0lkIjoxNjIsIlVzZXJfVHlwZSI6InVzZXIiLCJfc2Vzc2lvbl9leHBpcnkiOjg2NDAwfQ:1vPvos:RVs_5y-92SvXiTvTLP2LaCAFzpksS5eXPGs34eVyV-8','2025-12-02 04:47:26.650688'),('05kyybi00m3apndsghk5xjer3r71rutr','eyJVc2VyX0lkIjoxNjMsIlVzZXJfVHlwZSI6InVzZXIiLCJfc2Vzc2lvbl9leHBpcnkiOjg2NDAwfQ:1vLegA:9ri3EAnziSamXw3Iyc1S5IpAC1Jx8s_rP2MArDS5mqQ','2025-11-20 09:40:46.798408'),('0600l1ute2ajrlcqzmancy3nozp9t81x','eyJVc2VyX0lkIjoxNCwiVXNlcl9UeXBlIjoidXNlciIsIl9zZXNzaW9uX2V4cGlyeSI6ODY0MDB9:1v90Xi:6B6L14Q9PF2gmuVjnmZUkeV4XnhMek6nDjU-BDkpbAQ','2025-10-16 12:23:46.997645'),('06fytgjh810wn9mcdvnnuq330544v18y','eyJVc2VyX0lkIjoxMTMsIlVzZXJfVHlwZSI6InVzZXIiLCJfc2Vzc2lvbl9leHBpcnkiOjg2NDAwfQ:1vBond:6IXULOwopEpLIWw6QJLa65jX-MXx3JiWwoFFZf0NFWA','2025-10-24 06:27:49.146406'),('07lw1g83ccpjt7ml1eyl2tbpwhjgl4qe','eyJVc2VyX0lkIjoyMDYsIlVzZXJfVHlwZSI6InVzZXIiLCJfc2Vzc2lvbl9leHBpcnkiOjg2NDAwfQ:1vXXfX:dMj0WDbpVVbBI5I1-SjFmDwBETP4GheZmmbEIns1Qpk','2025-12-23 04:37:15.476674'),('07ozmmgz6a4m36ajr0whomeetl45h832','eyJVc2VyX0lkIjo2MiwiVXNlcl9UeXBlIjoidXNlciIsIl9zZXNzaW9uX2V4cGlyeSI6ODY0MDB9:1vGz19:3QhaNiBl-TAmOCDqrVQ9oFmqFDUGdrTm5phhvFpO61k','2025-11-07 12:23:07.610921'),('089o7nc0n3eeddm07ck9ps7pj3hhojjp','eyJVc2VyX0lkIjoxMTIsIlVzZXJfVHlwZSI6InVzZXIiLCJfc2Vzc2lvbl9leHBpcnkiOjg2NDAwfQ:1vCXpC:msTwjE9ZU6WOn47-xa-AvHr7jgaO6fpUj4GKK908X8k','2025-10-26 06:32:26.861328'),('09un5x47873d611n8uzscnsd91kakb0t','eyJVc2VyX0lkIjo4MSwiVXNlcl9UeXBlIjoidXNlciIsIl9zZXNzaW9uX2V4cGlyeSI6ODY0MDB9:1urvWm:e7KiWEvxBdpnE5u0lYN2tP3zrXuaIUsdMUHFJPo2NrE','2025-08-30 09:36:12.740045'),('0awe7pgmkjl3he2as0pw2cp27ag558ng','eyJVc2VyX0lkIjoxMzksIlVzZXJfVHlwZSI6InVzZXIiLCJfc2Vzc2lvbl9leHBpcnkiOjg2NDAwfQ:1vKwf1:mE9pf92aiwA0hdr1EE9KQxILhnrBTQm_o5bcwQ-r8_g','2025-11-18 10:40:39.718394'),('0bjcyahz19fmm027c52ancpvixjkr970','eyJVc2VyX0lkIjoxMTYsIlVzZXJfVHlwZSI6InVzZXIiLCJfc2Vzc2lvbl9leHBpcnkiOjg2NDAwfQ:1vGElh:Zee76h4gb289QP3FP6IqmAnJphWmqRpav96gqCByfK0','2025-11-05 11:00:05.568993'),('0bot21lb56g2kbxsxeexfp6gsh9rqovb','eyJVc2VyX0lkIjoxNCwiVXNlcl9UeXBlIjoidXNlciIsIl9zZXNzaW9uX2V4cGlyeSI6ODY0MDB9:1v60aP:fyzi63WNZZWd-nZs_bhdBEzjw2Ea2HAJAGPZRQeRIdQ','2025-10-08 05:50:09.596103'),('0c4irbq0okcoec74q9yidlbwxzrqr3pa','eyJVc2VyX0lkIjo4MiwiVXNlcl9UeXBlIjoidXNlciIsIl9zZXNzaW9uX2V4cGlyeSI6ODY0MDB9:1ursPA:0Pl9UbGmLO-qvNnkwUQ8iKBfN70I_lr-acL-9SPdhtY','2025-08-30 06:16:08.310840'),('0cyio3sv3i8url5cobkdoloi3mel5z92','eyJVc2VyX0lkIjoxMTYsIlVzZXJfVHlwZSI6InVzZXIiLCJfc2Vzc2lvbl9leHBpcnkiOjg2NDAwfQ:1vEQYx:uO60XniLSKxkcdrsZ-DFE6PR96BDLmV-CSt1FrNo6QY','2025-10-31 11:11:27.491442'),('0gvo88lvujbf5b0m229d4h031zni3arm','eyJVc2VyX0lkIjoxMjcsIlVzZXJfVHlwZSI6InVzZXIiLCJfc2Vzc2lvbl9leHBpcnkiOjg2NDAwfQ:1vGWc1:y19RYIbPkkygFyB3mfg1ER5-rpYyMHZIBKsdjqnbAcA','2025-11-06 06:03:17.519715'),('0jkyiq70qgfb4f1jvjfa7lpoeqnw8qk4','eyJVc2VyX0lkIjoyMDYsIlVzZXJfVHlwZSI6InVzZXIiLCJfc2Vzc2lvbl9leHBpcnkiOjg2NDAwfQ:1vXc0h:COX9tlmzdIfVVBbAHehAYKGgPxK0oqCNbMBZCFSx46A','2025-12-23 09:15:23.716250'),('0kl10cfe8j63zxxcyfa8mf6ucar8hxbs','eyJVc2VyX0lkIjoxNjcsIlVzZXJfVHlwZSI6InVzZXIiLCJfc2Vzc2lvbl9leHBpcnkiOjg2NDAwfQ:1vLeIT:o1oBIgSo-RpY7dOO1NEUnWI2h_EZ5R2NVJoBUDkrNZA','2025-11-20 09:16:17.288390'),('0l24sosgd8ejzte6ww7wl52li2qz2fh3','eyJVc2VyX0lkIjoyMSwiVXNlcl9UeXBlIjoidXNlciIsIl9zZXNzaW9uX2V4cGlyeSI6ODY0MDB9:1uu8yS:KHbNmA-tw_HtxiC0Lqh6dBGgHtt6zSgwYGBKiJsV5q8','2025-09-05 12:21:56.068149'),('0l7o70e9n5xbjuqrzoeeg07hjyycq48o','eyJVc2VyX0lkIjo4NywiVXNlcl9UeXBlIjoidXNlciIsIl9zZXNzaW9uX2V4cGlyeSI6ODY0MDB9:1uwbYJ:i3ZOVnle8UXCk4TwPryXVj13MS0KgdB6GRIEXrSB7FY','2025-09-12 07:17:07.402664'),('0m7qsfoquqjeh116ob7kqak1ih02tgcv','eyJVc2VyX0lkIjoxMzEsIlVzZXJfVHlwZSI6InVzZXIiLCJfc2Vzc2lvbl9leHBpcnkiOjg2NDAwfQ:1vLEd7:4Cg76lGGdhksCCsvy-OZklyoUD3KIysNWNwyj4VztGA','2025-11-19 05:51:53.722559'),('0mn9bra9xe34tt4skbvsz4fp00h52k0y','eyJVc2VyX0lkIjo0NCwiVXNlcl9UeXBlIjoidXNlciIsIl9zZXNzaW9uX2V4cGlyeSI6ODY0MDB9:1v0FnJ:y-wJnBthd9lgjoSDZr1-8veehP0rjcKKSS-PCbZovSk','2025-09-22 08:51:41.695218'),('0n3uq6aka9go03lq0udiv0cpb622o2z9','eyJVc2VyX0lkIjoxMjQsIlVzZXJfVHlwZSI6InVzZXIiLCJfc2Vzc2lvbl9leHBpcnkiOjg2NDAwfQ:1vLDH6:zd9ehUXFyE4zi0xFIam2y18VUYBpNxjXYJ4LP8L6bpU','2025-11-19 04:25:04.220123'),('0n4ebauoz33hf0gq8835knl063oj6wly','eyJVc2VyX0lkIjoyMTYsIlVzZXJfVHlwZSI6InVzZXIiLCJfc2Vzc2lvbl9leHBpcnkiOjg2NDAwfQ:1vWtjM:p7tKcdLVtqFBSkCGpPOT6iBIN011ubJfH1SJBbkYyOo','2025-12-21 09:58:32.296281'),('0n5z4gkpolaescvt1es4gk5kvlkxupha','eyJVc2VyX0lkIjoxMzksIlVzZXJfVHlwZSI6InVzZXIiLCJfc2Vzc2lvbl9leHBpcnkiOjg2NDAwfQ:1vLDZ5:1e5v_TYLv4p0izLf1rp_RPFL69LgSb-_4GU1OiGC4m0','2025-11-19 04:43:39.539268'),('0nfap96nviileckfssbqrygf1ddkayej','eyJVc2VyX0lkIjo1OCwiVXNlcl9UeXBlIjoidXNlciIsIl9zZXNzaW9uX2V4cGlyeSI6ODY0MDB9:1urrN0:t34JWwoM7m2klGWGbCwuI5IPjlcaWWpktBHwQrC4750','2025-08-30 05:09:50.051352'),('0p5720b5r60tqba81j1j68rr03wi735f','eyJVc2VyX0lkIjoxNCwiVXNlcl9UeXBlIjoidXNlciIsIl9zZXNzaW9uX2V4cGlyeSI6ODY0MDB9:1v0Etq:xd0vza-7rDTCvXYxqtVlEmM_d4a1vrZkVRYohK7oBVE','2025-09-22 07:54:22.941559'),('0pe2v2r7dnumoy8ndyalyo8zdg35q8zr','eyJVc2VyX0lkIjoxMTMsIlVzZXJfVHlwZSI6InVzZXIiLCJfc2Vzc2lvbl9leHBpcnkiOjg2NDAwfQ:1vK9zG:zB_s1h-24HKnxNn0pzO41XT0LjIzYJMeMJys3ZfIv04','2025-11-16 06:42:18.277957'),('0qwe9cvb2r9wnmqqswwjsvbs5o6dz2ly','eyJVc2VyX0lkIjoxMTcsIlVzZXJfVHlwZSI6InVzZXIiLCJfc2Vzc2lvbl9leHBpcnkiOjg2NDAwfQ:1vBuSk:9VE7t_Wk3RQ4wPbng8FLlF6sx3o0jmRYeAAsNkTSEps','2025-10-24 12:30:38.958455'),('0spqfcaqfs7cdehlw3ye4luyc2xnzwo8','eyJVc2VyX0lkIjoxNjMsIlVzZXJfVHlwZSI6InVzZXIiLCJfc2Vzc2lvbl9leHBpcnkiOjg2NDAwfQ:1vODBM:NKuDxepJMqfMAjuiXIMrNxaLDRkYaOeY_uUjjvhtFhM','2025-11-27 10:55:32.724151'),('0sxphb6dqf4wk2ms9l1rljn0iz8x9k19','eyJVc2VyX0lkIjoxMjMsIlVzZXJfVHlwZSI6InVzZXIiLCJfc2Vzc2lvbl9leHBpcnkiOjg2NDAwfQ:1vEhb0:9VUIaMhptk41nU4ZIYdQI6yi1WtYnXVlzGMq4ab-S0g','2025-11-01 05:22:42.731941'),('0z17amod2dj5cl8bputn4e5d9grqvggh','eyJVc2VyX0lkIjoxNCwiVXNlcl9UeXBlIjoidXNlciIsIl9zZXNzaW9uX2V4cGlyeSI6ODY0MDB9:1vGCxu:_xzPPLEgYUO-4MGCxT8hmxUUWBhYfthifcpS1uj015w','2025-11-05 09:04:34.316539'),('10aior4dl95sd9cs1mzcnc45rpwj83n2','eyJVc2VyX0lkIjo2MiwiVXNlcl9UeXBlIjoidXNlciIsIl9zZXNzaW9uX2V4cGlyeSI6ODY0MDB9:1vBnp1:wcBC-kox8tBnU4M48nnPo-nFdjccACq-MXs9MKLd6x8','2025-10-24 05:25:11.047363'),('11ueddwtxzylvmjx58mnq6znbb2ni3qz','eyJVc2VyX0lkIjoxMTYsIlVzZXJfVHlwZSI6InVzZXIiLCJfc2Vzc2lvbl9leHBpcnkiOjg2NDAwfQ:1vHH2q:qV286i2YeyU_WVc_iPGe9j4OE7dK9Px6AFTSRg_fa5s','2025-11-08 07:38:04.784514'),('13hfqu60sbqenl2yxbhzcbtxdjyoko6x','eyJVc2VyX0lkIjo2NSwiVXNlcl9UeXBlIjoidXNlciIsIl9zZXNzaW9uX2V4cGlyeSI6ODY0MDB9:1v0f0q:8K5XeG3BGluzYGLrLXQFCTjQnlB0Hn3ihVtLh2xApIs','2025-09-23 11:47:20.978455'),('14wbu356arlq2q0wrnuhz1wd4oan7skk','eyJVc2VyX0lkIjoxOTksIlVzZXJfVHlwZSI6InVzZXIiLCJfc2Vzc2lvbl9leHBpcnkiOjg2NDAwfQ:1vTGCo:MfXcoXl0jDDes1Jh5fqUL1XBPbd_dICEJYAtD6Su3Ng','2025-12-11 09:09:54.430627'),('151qtbr5pnwwjg2skni0sdnb2vkz1hal','eyJVc2VyX0lkIjoxMjMsIlVzZXJfVHlwZSI6InVzZXIiLCJfc2Vzc2lvbl9leHBpcnkiOjg2NDAwfQ:1vGGqx:YPa-iakz8JBw1oM5EE9gce1fH6omQrg2zsdBMB0P-Ws','2025-11-05 13:13:39.296789'),('155y7vxmy5js4ltttq8bqrh22kgtvywz','eyJVc2VyX0lkIjoxNjEsIlVzZXJfVHlwZSI6InVzZXIiLCJfc2Vzc2lvbl9leHBpcnkiOjg2NDAwfQ:1vLzfR:H-WiayS2hSsUpb3fkRKJKVcU38tX5WkAmzuB9iM-X_E','2025-11-21 08:05:25.292815'),('15gzst8hlgmer8h01ibz5y4qtwd9ge6f','eyJVc2VyX0lkIjoxMjYsIlVzZXJfVHlwZSI6InVzZXIiLCJfc2Vzc2lvbl9leHBpcnkiOjg2NDAwfQ:1vJRMb:5wNdudImsyYuXmuEQBb8xt8vw6XqqrEnOO4jxCsCinw','2025-11-14 07:03:25.603080'),('15tq8452lwjlt40173zbwq76upulspnn','eyJVc2VyX0lkIjoxMTMsIlVzZXJfVHlwZSI6InVzZXIiLCJfc2Vzc2lvbl9leHBpcnkiOjg2NDAwfQ:1vCF1d:m6i0Oyyvd5Er1B7nNvk8Lb71gBbzYNAEtyLvZCA8Atc','2025-10-25 10:28:01.248452'),('179z8l3ahc72vjvv223qwsuja7e1jr14','eyJVc2VyX0lkIjoxMzIsIlVzZXJfVHlwZSI6InVzZXIiLCJfc2Vzc2lvbl9leHBpcnkiOjg2NDAwfQ:1vLEuL:lnGEyplfHwNO4j7zNs195Tc17Q0ZFpmnvapzFs0xve4','2025-11-19 06:09:41.749372'),('17py7zyawn266mv7eif5b7ag2j5mkoh5','eyJVc2VyX0lkIjoyMywiVXNlcl9UeXBlIjoidXNlciIsIl9zZXNzaW9uX2V4cGlyeSI6ODY0MDB9:1v90mI:es7dhfwJPG5sU_olYAAHyoq_Dw83GIXj2sCxF-Qq0V0','2025-10-16 12:38:50.439563'),('17rqm598zzne28postevkppwdmp639ti','eyJVc2VyX0lkIjoxNjIsIlVzZXJfVHlwZSI6InVzZXIiLCJfc2Vzc2lvbl9leHBpcnkiOjg2NDAwfQ:1vQKCC:g_V1lqYbzn21MKxiIW5QWOlbf6uDST5DKGv7zi40WHE','2025-12-03 06:49:08.624307'),('191phfbyh8ayqxe5f629i41kmu8f6r4d','eyJVc2VyX0lkIjo1MywiVXNlcl9UeXBlIjoidXNlciIsIl9zZXNzaW9uX2V4cGlyeSI6ODY0MDB9:1v8XjL:EXh_frG-omyXQcKE5KiNvN0HwurGv2VRzajnWbj2GyM','2025-10-15 05:37:51.181743'),('194urksy53upvk020f3bha1g3lak7gbr','eyJVc2VyX0lkIjo2NiwiVXNlcl9UeXBlIjoidXNlciIsIl9zZXNzaW9uX2V4cGlyeSI6ODY0MDB9:1v1LiM:JmrDknt6R77682QJ4QiUtkYD5nJ6xWKd9XEwR7GSnBw','2025-09-25 09:23:06.049143'),('1af7l97jb6b0k3gcisw84deynpomt8z4','eyJVc2VyX0lkIjoxMjYsIlVzZXJfVHlwZSI6InVzZXIiLCJfc2Vzc2lvbl9leHBpcnkiOjg2NDAwfQ:1vGFLB:lP9ijQgHo84lJHs7Gjj9whZWsbRXqTSgIAWlZJm4jSc','2025-11-05 11:36:45.741713'),('1bzxlcsnvsh3hf3tixy8vkys2fuf3ri3','e30:1vXw5T:UcNiW8vb31uglRmKAPMHQVjAHfKEpHjiRDzCS8lG0PY','2025-12-24 06:41:39.077980'),('1ceal5xy9g5jf1l2smxwf7nxvajqacsn','eyJVc2VyX0lkIjoxMzEsIlVzZXJfVHlwZSI6InVzZXIiLCJfc2Vzc2lvbl9leHBpcnkiOjg2NDAwfQ:1vJ48Y:KpofqMHB-Ysx79oMIXV6cqOR-S1rvwJ9RJzzgaFcm8E','2025-11-13 06:15:22.822934'),('1cge4169m416cy2wq7r1jbtf4at6pu2l','eyJVc2VyX0lkIjoxODMsIlVzZXJfVHlwZSI6InVzZXIiLCJfc2Vzc2lvbl9leHBpcnkiOjg2NDAwfQ:1vOYH8:uKoOyiLqMzs5Z1MynMX3SxnJsFovEz1nxMtZu5Lh_iM','2025-11-28 09:26:54.672391'),('1d03jlbggco2dj4yu7p01w8o6hh0r3id','e30:1vXzXy:J49WtCSE7wh-3kaNhB9zihNw6bO-brZc2XhxLp9yzEk','2025-12-24 10:23:18.358241'),('1d1752emqnloh9mkbgcpv9bz5linn9ir','eyJVc2VyX0lkIjoxMTcsIlVzZXJfVHlwZSI6InVzZXIiLCJfc2Vzc2lvbl9leHBpcnkiOjg2NDAwfQ:1vCcRX:gk4D7kplkukiWxmu45gBcehBic7p5HzTQ0sqmtdAuGA','2025-10-26 11:28:19.441732'),('1dyopq5tjtfgyssivzy9jykwb7ms6473','eyJVc2VyX0lkIjoyNCwiVXNlcl9UeXBlIjoidXNlciIsIl9zZXNzaW9uX2V4cGlyeSI6ODY0MDB9:1uyTqy:E4jE9NwTBx-cWpY-36dtrlYZ9jQbm6E-Z-pNKLnr-hQ','2025-09-17 11:28:08.854560'),('1edn4uimhv6aggzcxcqy9wyszzwz2hpq','eyJVc2VyX0lkIjoxMjYsIlVzZXJfVHlwZSI6InVzZXIiLCJfc2Vzc2lvbl9leHBpcnkiOjg2NDAwfQ:1vE30U:zTxx4JI3E25sBfE7YOrgbuD3j8hHBztVww_0Epc1S6k','2025-10-30 10:02:18.999180'),('1eyyk2r0t7yjyg8a6kwfd5pwlw5zkhn2','eyJVc2VyX0lkIjoxNCwiVXNlcl9UeXBlIjoidXNlciIsIl9zZXNzaW9uX2V4cGlyeSI6ODY0MDB9:1vDGiq:fq48VVKdLjDkWz2TN7MTrZL5XoGtsmAh461827XVBvM','2025-10-28 06:28:52.518188'),('1f9f92nhf5locuor6e7s99a4g2q7a74n','eyJVc2VyX0lkIjo0NCwiVXNlcl9UeXBlIjoidXNlciIsIl9zZXNzaW9uX2V4cGlyeSI6ODY0MDB9:1v8I8S:SUYPThKxztalwmFR_K_-gMqI9de9OjbYWErIednt0IE','2025-10-14 12:58:44.093709'),('1hs70brm9imxfrxohtf4w70bnf335bnw','eyJVc2VyX0lkIjoxNTIsIlVzZXJfVHlwZSI6InVzZXIiLCJfc2Vzc2lvbl9leHBpcnkiOjg2NDAwfQ:1vLHzR:YIoupMNI9SrCBIxcl0f3Bf_1wtOx1tHPnUi-YazlNWk','2025-11-19 09:27:09.676595'),('1i2fszee5f9b09719jnli4qcv47wzpjj','eyJVc2VyX0lkIjoxMDgsIlVzZXJfVHlwZSI6InVzZXIiLCJfc2Vzc2lvbl9leHBpcnkiOjg2NDAwfQ:1vFoTd:t5oO11ctW5bO6cbF3ntA6wLRmUhPg3oF51IO8N_n0B4','2025-11-04 06:55:41.330424'),('1il36efoqluj1uq68agnawrx4p9t7210','eyJVc2VyX0lkIjoxNjIsIlVzZXJfVHlwZSI6InVzZXIiLCJfc2Vzc2lvbl9leHBpcnkiOjg2NDAwfQ:1vLzvy:xs8LICBN_R3sTLka-9W2tMdYTV9IEFZrTrP8oAwv2bY','2025-11-21 08:22:30.744307'),('1j7xjg2l0l5plykw12qhvupnurajipsm','eyJVc2VyX0lkIjo1MywiVXNlcl9UeXBlIjoidXNlciIsIl9zZXNzaW9uX2V4cGlyeSI6ODY0MDB9:1uvVbn:7F6DNpcgZh-3oSRhU4LL0PvYNzZ_G4UQfIJzc9e_Pzc','2025-09-09 06:44:11.499041'),('1jbnl3g9cxk5d71l152f62z3gpz3ypwc','eyJVc2VyX0lkIjo0NCwiVXNlcl9UeXBlIjoidXNlciIsIl9zZXNzaW9uX2V4cGlyeSI6ODY0MDB9:1v6P9X:l2zNe4DlrDNB17l3nYbxrNwckJRgxtxe9edC9KG1F0s','2025-10-09 08:04:03.339013'),('1k38xmpcvpscqdadytyggq7xbvbgnfzy','e30:1vXzXy:J49WtCSE7wh-3kaNhB9zihNw6bO-brZc2XhxLp9yzEk','2025-12-24 10:23:18.179360'),('1k68bchwbnyk3n9wlch99pjt22xa58gm','eyJVc2VyX0lkIjo1MywiVXNlcl9UeXBlIjoidXNlciIsIl9zZXNzaW9uX2V4cGlyeSI6ODY0MDB9:1uyW0o:wxBu-ijewwkpwReKipW18hguu9ScItqeo5NOmaFqLms','2025-09-17 13:46:26.026131'),('1lb459tckqmwbhwjj1mlcf315vj7gez6','eyJVc2VyX0lkIjoxMjMsIlVzZXJfVHlwZSI6InVzZXIiLCJfc2Vzc2lvbl9leHBpcnkiOjg2NDAwfQ:1vDycG:OZHVuGpEgIAgcz14w6WaWIKc0Xi_7vLy4E4wEDCc4R0','2025-10-30 05:21:00.356163'),('1li48efqeefl6wow45to7hjipu8tp895','eyJVc2VyX0lkIjo0NCwiVXNlcl9UeXBlIjoidXNlciIsIl9zZXNzaW9uX2V4cGlyeSI6ODY0MDB9:1v0EkV:sNT--fBlJSchaaDd1MUJD7OX7re5ZcvP9w_6rKRlLhQ','2025-09-22 07:44:43.067303'),('1lrb8wnj3svnvz618b8euu9o05ypkv4q','eyJVc2VyX0lkIjo2MSwiVXNlcl9UeXBlIjoidXNlciIsIl9zZXNzaW9uX2V4cGlyeSI6ODY0MDB9:1ut0qC:iEMS6Z5ea0g86lr0e5fhCyIzHsq5ELdqEbcuLcSSDgg','2025-09-02 09:28:44.785301'),('1mo5xu61eyp09albkl5ev1qw746v5jum','eyJVc2VyX0lkIjo5MCwiVXNlcl9UeXBlIjoidXNlciIsIl9zZXNzaW9uX2V4cGlyeSI6ODY0MDB9:1urvlZ:b_s3NfdKMQbLmFAef9BUh6fQ6gNGXt8WxFNExPb2d_c','2025-08-30 09:51:29.755622'),('1nczrhovyuldk79vrvjgcy7epgtvfrtq','eyJVc2VyX0lkIjoxMzAsIlVzZXJfVHlwZSI6InVzZXIiLCJfc2Vzc2lvbl9leHBpcnkiOjg2NDAwfQ:1vDiRf:6hHuoD8v7py-XmCNWsknYXV6cc2hB_9Vp6heq20WzbE','2025-10-29 12:04:59.172860'),('1qv4iwayu4suhrdsg63zogfty6q3ovd0','eyJVc2VyX0lkIjoxMzEsIlVzZXJfVHlwZSI6InVzZXIiLCJfc2Vzc2lvbl9leHBpcnkiOjg2NDAwfQ:1vIigN:oTX2fS2vTY0_9pXkMBHtJ-Lb9fGVum_1YuSwPZMyWQo','2025-11-12 07:20:51.989593'),('1qw153fcf25l77oxa9l61thypvvkryv1','eyJVc2VyX0lkIjo1MywiVXNlcl9UeXBlIjoidXNlciIsIl9zZXNzaW9uX2V4cGlyeSI6ODY0MDB9:1uthKY:w48yVQZAE5j8PAAujQeECkzYOrXkD1Dr_z3rCNXK3XA','2025-09-04 06:50:54.198351'),('1r7l09ranozdhpbvfwhksl0a9zyyjd6n','e30:1vW5x8:dn3wPIeiiwUL8x7gVKdeb7-8kvIQIZJkHzkMssYQDwk','2025-12-19 04:49:26.024055'),('1rjdikjab2g8l0n1bjhb1k2l7gxfhrp4','eyJVc2VyX0lkIjoxMTYsIlVzZXJfVHlwZSI6InVzZXIiLCJfc2Vzc2lvbl9leHBpcnkiOjg2NDAwfQ:1vCbPD:8Jaqn1jufZoxmfhBJQdsK8GfBtXiqJuP0G3xfUOKl6U','2025-10-26 10:21:51.195633'),('1st209drv4c19n5zb449ojzvkct3mh7q','eyJVc2VyX0lkIjoyMDUsIlVzZXJfVHlwZSI6InVzZXIiLCJfc2Vzc2lvbl9leHBpcnkiOjg2NDAwfQ:1vYKek:Uf92BQursa52QytcJaOAT9s1z_nL5KGP_IBZrux-LjA','2025-12-25 08:55:42.825547'),('1suq21j7wzmd3rqon3znkmaxevdecsff','eyJVc2VyX0lkIjoxMzIsIlVzZXJfVHlwZSI6InVzZXIiLCJfc2Vzc2lvbl9leHBpcnkiOjg2NDAwfQ:1vKx0C:Q64k96yUR8m143JHg_eHbUVOGGTqfO0rQx9nCSE9VtM','2025-11-18 11:02:32.804568'),('1u9juldvzlufkg9rljss13tscalrtzds','eyJVc2VyX0lkIjoxNSwiVXNlcl9UeXBlIjoidXNlciIsIl9zZXNzaW9uX2V4cGlyeSI6ODY0MDB9:1uvwcD:wCwSqmPIXeYHFgECxpOqqCWLKg2nWnWFY12T1sOLSuM','2025-09-10 11:34:25.260537'),('1xrwnz6hoqhu4k5bjevse5qfvl3m1x3t','eyJVc2VyX0lkIjoxNjcsIlVzZXJfVHlwZSI6InVzZXIiLCJfc2Vzc2lvbl9leHBpcnkiOjg2NDAwfQ:1vOVOH:J9oyla6PfTsZv9rPaRO7FXAb2HdPjHXCnVxYCd_lTc8','2025-11-28 06:22:05.400738'),('1zi593yl51804ybgdq6f73ty662g8j8y','e30:1vXzXy:J49WtCSE7wh-3kaNhB9zihNw6bO-brZc2XhxLp9yzEk','2025-12-24 10:23:18.324060'),('1zzlrn7f65apvxxxt8zajwqktmzxxbma','eyJVc2VyX0lkIjoyNCwiVXNlcl9UeXBlIjoidXNlciIsIl9zZXNzaW9uX2V4cGlyeSI6ODY0MDB9:1v8BGx:DkjmbK5QoslWXZHG9fHGVowD72NLpPAlNwYPYGXfda4','2025-10-14 05:39:03.519713'),('20k2fhcrxkbk9yw6h7xks8v4zynbr0nr','eyJVc2VyX0lkIjo4NCwiVXNlcl9UeXBlIjoidXNlciIsIl9zZXNzaW9uX2V4cGlyeSI6ODY0MDB9:1urvOj:nIN3fuT6TU7b8FNPUVsCV3su5Z4UKKHQoalArDIuzmQ','2025-08-30 09:27:53.294691'),('21clai05zagzu8zbmgiooebwztn2ckfj','eyJVc2VyX0lkIjoxNCwiVXNlcl9UeXBlIjoidXNlciIsIl9zZXNzaW9uX2V4cGlyeSI6ODY0MDB9:1v9Kd5:CBJ0JUtAYDzPDrEjnaCpQi8qDa8EESsGLgHEdUTUfKE','2025-10-17 09:50:39.629849'),('21zexp3z6rqv6cgo96279hm8xoc0skwy','eyJVc2VyX0lkIjoyNCwiVXNlcl9UeXBlIjoidXNlciIsIl9zZXNzaW9uX2V4cGlyeSI6ODY0MDB9:1v6142:QOPKOaP4ie424C0pSjPIN3n4u4be_1yNKSBDQYTZ0dY','2025-10-08 06:20:46.355400'),('22ykmljxy2c7a2warxz47trjvrcw0xac','eyJVc2VyX0lkIjoxMTIsIlVzZXJfVHlwZSI6InVzZXIiLCJfc2Vzc2lvbl9leHBpcnkiOjg2NDAwfQ:1vCBib:E-xvlc75EeiDorWKlGsrcMoV7B1d2FGmPoWr2H1Vpw0','2025-10-25 06:56:09.419664'),('23rbuodcr32m0cgfdakvz8qre6x5a46b','eyJVc2VyX0lkIjoxMzEsIlVzZXJfVHlwZSI6InVzZXIiLCJfc2Vzc2lvbl9leHBpcnkiOjg2NDAwfQ:1vGsFL:A8XV109xl1A6IOzSN-G4cbi5r6IYcbwrQ3lUAzvxM6k','2025-11-07 05:09:19.514686'),('23s52tbstq0rqa5hb7tucavnfv122tbg','eyJVc2VyX0lkIjoxMjAsIlVzZXJfVHlwZSI6InVzZXIiLCJfc2Vzc2lvbl9leHBpcnkiOjg2NDAwfQ:1vBoli:1P9bQrpFDk9N_VEhcgwtCvlqQZx0l4at-yFWTzL9oQU','2025-10-24 06:25:50.573364'),('23sksqyneb2fovpjbfie7mtfm9yqq4e0','eyJVc2VyX0lkIjoxNSwiVXNlcl9UeXBlIjoidXNlciIsIl9zZXNzaW9uX2V4cGlyeSI6ODY0MDB9:1v3Ukr:iEGABlnrleSBqC-dkY9uunj9Jq_ssjcoJe_IP3TDciE','2025-10-01 07:26:33.122155'),('24pwf1ogqkvoqxo0tq3xgscyu0a2v51g','eyJVc2VyX0lkIjoxNiwiVXNlcl9UeXBlIjoidXNlciIsIl9zZXNzaW9uX2V4cGlyeSI6ODY0MDB9:1v60yy:9Xam8rqE0QvjPHkU_XPstrlEF7ebLTYeItsv4Ue43ns','2025-10-08 06:15:32.531157'),('29nosj99uazf8jj6xo30yhf1o7nlbxv2','eyJVc2VyX0lkIjo1MywiVXNlcl9UeXBlIjoidXNlciIsIl9zZXNzaW9uX2V4cGlyeSI6ODY0MDB9:1v5zrJ:VsOhveuLgKvoKTg-aZfbCmQatTbiawpiNoEjTwUep6E','2025-10-08 05:03:33.585511'),('29q2suebew2jqy1pmcbhsn6lymhl45ze','eyJVc2VyX0lkIjoyNCwiVXNlcl9UeXBlIjoidXNlciIsIl9zZXNzaW9uX2V4cGlyeSI6ODY0MDB9:1uvrF7:nSHxEyFJHQKMUPBuGlX3wa_Y6Xva2J8k_ne_mKq7AHI','2025-09-10 05:50:13.595208'),('2agfgh6a3bg5rx1e1aangp8xfo9kxwmz','eyJVc2VyX0lkIjoxMjQsIlVzZXJfVHlwZSI6InVzZXIiLCJfc2Vzc2lvbl9leHBpcnkiOjg2NDAwfQ:1vFo8Y:aA-QYFGLJTN_cY8T6_YhCYND-388YQDSsdh10cZo8oM','2025-11-04 06:33:54.501391'),('2an9n2ax01mbnjm66snk9v52husnoxkr','eyJVc2VyX0lkIjoxNjIsIlVzZXJfVHlwZSI6InVzZXIiLCJfc2Vzc2lvbl9leHBpcnkiOjg2NDAwfQ:1vQMRF:vIbLf7rkX4CpPCq_NDyK-2YXn0dXWKUPExeJRQH7lxY','2025-12-03 09:12:49.612849'),('2b18v5n05ygqa0hder7joikn3dbjqj9f','e30:1vW5x8:dn3wPIeiiwUL8x7gVKdeb7-8kvIQIZJkHzkMssYQDwk','2025-12-19 04:49:26.112718'),('2bb4yjdx3gwz04uvihoz5lj73amv5lw0','eyJVc2VyX0lkIjo2NiwiVXNlcl9UeXBlIjoidXNlciIsIl9zZXNzaW9uX2V4cGlyeSI6ODY0MDB9:1usH6G:KMCQR9kQYlm7JzgWbRkPRo7hKqeONms0GzVcicZFa9I','2025-08-31 08:38:16.688542'),('2bydnoj5haushexoxqcp59n0p67zps41','eyJVc2VyX0lkIjoyNCwiVXNlcl9UeXBlIjoidXNlciIsIl9zZXNzaW9uX2V4cGlyeSI6ODY0MDB9:1v7UfE:1isu-XvY2j0MrXFc01bGGdLba42GzaSV9JehPnspCYI','2025-10-12 08:09:16.595457'),('2c5kqb4v5p7iflkjavhbu3gcmiypd210','eyJVc2VyX0lkIjo1MywiVXNlcl9UeXBlIjoidXNlciIsIl9zZXNzaW9uX2V4cGlyeSI6ODY0MDB9:1utOl0:Jey4w8HyfDHYUDvCLdZMt0DYNPUbG7N3doBz23qUTt0','2025-09-03 11:00:58.786417'),('2c663zaghujnbjaszw5nfns5xxjhws2q','eyJVc2VyX0lkIjoxMzMsIlVzZXJfVHlwZSI6InVzZXIiLCJfc2Vzc2lvbl9leHBpcnkiOjg2NDAwfQ:1vGWHd:jgZQ0LKeBGWuWiKw8cj8EtKMwk4Xm_LsY-MNIU5wZwM','2025-11-06 05:42:13.697520'),('2c7q9iglhbomih0kolp0m7zytzksn6mg','eyJVc2VyX0lkIjoxNjAsIlVzZXJfVHlwZSI6InVzZXIiLCJfc2Vzc2lvbl9leHBpcnkiOjg2NDAwfQ:1vOuz8:a3NB_vrRPqwL7gITXMjIrwl3tmR1PAaj6J6GD6HgY8c','2025-11-29 09:41:50.636403'),('2cc5rqk5b5cg12tyqczvjkgzq05j9x0r','eyJVc2VyX0lkIjoxMTYsIlVzZXJfVHlwZSI6InVzZXIiLCJfc2Vzc2lvbl9leHBpcnkiOjg2NDAwfQ:1vE5U2:83aMT4Qq0L9vR31KLJWeIzHcm6IXWImenaasrkmL4g4','2025-10-30 12:40:58.600938'),('2cljadhy335ftkczwvuifp8nucfqejpu','eyJVc2VyX0lkIjoxMTMsIlVzZXJfVHlwZSI6InVzZXIiLCJfc2Vzc2lvbl9leHBpcnkiOjg2NDAwfQ:1vIM97:fnrYs0V29GDkkf98uvEJoQF1koJi_Ye2mLBV0mK1ik0','2025-11-11 07:17:01.776811'),('2fax1woqh55y32t6zf4qudjmco7c7656','eyJVc2VyX0lkIjo2MiwiVXNlcl9UeXBlIjoidXNlciIsIl9zZXNzaW9uX2V4cGlyeSI6ODY0MDB9:1uvqoV:60D6TUM-W6frpA1VjusAaFML5wpSyWsyR0qZs-LGyTQ','2025-09-10 05:22:43.066975'),('2ik6tt1j7xw7anruqat4452z49m4r3xt','eyJVc2VyX0lkIjoxMTYsIlVzZXJfVHlwZSI6InVzZXIiLCJfc2Vzc2lvbl9leHBpcnkiOjg2NDAwfQ:1vJqxF:6xQcFagH6cbqcBBzxKY6-296WaOzrnvjG3LkG3oZ5_M','2025-11-15 10:22:57.503329'),('2m6gg8ytkikup6z14xizru8jti5pxf9p','eyJVc2VyX0lkIjoxNzEsIlVzZXJfVHlwZSI6InVzZXIiLCJfc2Vzc2lvbl9leHBpcnkiOjg2NDAwfQ:1vMP8l:wHOt8w9HEVxUH-bQTbBhzoYMUmTgKOk7hhZeWyyPGJA','2025-11-22 11:17:23.372053'),('2na1kopkvfe7rslf5vurhvukq3pravhp','eyJVc2VyX0lkIjo2NiwiVXNlcl9UeXBlIjoidXNlciIsIl9zZXNzaW9uX2V4cGlyeSI6ODY0MDB9:1usFzL:rp2-pZ8B_LQ13dPd0Cj0Qgd5jsRREMJdiqgFQwl0xFk','2025-08-31 07:27:03.707536'),('2oass52i4anctd182y43az04z9pfs6d4','eyJVc2VyX0lkIjo0NCwiVXNlcl9UeXBlIjoidXNlciIsIl9zZXNzaW9uX2V4cGlyeSI6ODY0MDB9:1v773S:dDRfXqhNrvsJh4_EQCAqgDU43kmGgF8tdDMnYVkVOgc','2025-10-11 06:56:42.041344'),('2p2a1jic927rjvvmq226jvb8li7wybsz','e30:1vXwth:xEytsuu17DKhgLS0XbMIJUS_xFg1L2eyU_gg_sExHCU','2025-12-24 07:33:33.182393'),('2pfr9kf9bjmtmnwvwzmyx8cup6o48stw','eyJVc2VyX0lkIjoyMywiVXNlcl9UeXBlIjoidXNlciIsIl9zZXNzaW9uX2V4cGlyeSI6ODY0MDB9:1uz6lx:5QWy8Yzth4vVtXAVkBymSymHAahn8QbcyhvIYu5N7nA','2025-09-19 05:01:33.705331'),('2psn194bn9gpd6y5txzxaau5mbwt209a','eyJVc2VyX0lkIjoxMjcsIlVzZXJfVHlwZSI6InVzZXIiLCJfc2Vzc2lvbl9leHBpcnkiOjg2NDAwfQ:1vIhoU:tPkSX501mU_W8qlsNzMUaXOXn6325J-b14hlVknPuFc','2025-11-12 06:25:10.189706'),('2px7rx7et3ivkaom1inayw8s6kzj9vmz','eyJVc2VyX0lkIjo1OSwiVXNlcl9UeXBlIjoidXNlciIsIl9zZXNzaW9uX2V4cGlyeSI6ODY0MDB9:1vCIiO:baykIaQw6VV09csxdSgIOqIGmWNu8WOdLN-UDItFQnY','2025-10-25 14:24:24.771584'),('2qjfkkbcm22demg3a2dbj0ty2gsu3s5f','eyJVc2VyX0lkIjoxOTMsIlVzZXJfVHlwZSI6InVzZXIiLCJfc2Vzc2lvbl9leHBpcnkiOjg2NDAwfQ:1vROYc:QanCX58VhBAC3hbhVjLiyJmcOjmRWnTvXzgQa4arf5g','2025-12-06 05:40:42.968566'),('2rn5yrzy4357avnssgzzuah7emblakzp','eyJVc2VyX0lkIjoxMDksIlVzZXJfVHlwZSI6InVzZXIiLCJfc2Vzc2lvbl9leHBpcnkiOjg2NDAwfQ:1vCBk1:iB8FPt8ZyLOc7YGThvGErDfspRj-l_BT3igH3Qb5NtE','2025-10-25 06:57:37.017487'),('2t3qv5opt619onpvcucehxni883hrf5n','eyJVc2VyX0lkIjoxNjMsIlVzZXJfVHlwZSI6InVzZXIiLCJfc2Vzc2lvbl9leHBpcnkiOjg2NDAwfQ:1vOD6X:xsHpURQ-_ITSaJnwqhWpN-2FLAi5B9SPH3h7phSxixI','2025-11-27 10:50:33.122243'),('2upgzk8xcbyoblhxhjuaa1mri6i6x57q','eyJVc2VyX0lkIjoxMzEsIlVzZXJfVHlwZSI6InVzZXIiLCJfc2Vzc2lvbl9leHBpcnkiOjg2NDAwfQ:1vGWbJ:PQawSGpjXOhrFgYstEsCfTnbHsFv12QxHLZ0TStmYG0','2025-11-06 06:02:33.058151'),('2usr96f717gg0ft5kydgt7xfhe28bogr','eyJVc2VyX0lkIjoxMDksIlVzZXJfVHlwZSI6InVzZXIiLCJfc2Vzc2lvbl9leHBpcnkiOjg2NDAwfQ:1vGEpl:VD0AzpYuLGWemRTfUIs3HaJ9mbaFsONQSuATa3MCd2g','2025-11-05 11:04:17.254899'),('2vesuf3yuocr7j904y8qcun7mndpjagr','eyJVc2VyX0lkIjoxNjMsIlVzZXJfVHlwZSI6InVzZXIiLCJfc2Vzc2lvbl9leHBpcnkiOjg2NDAwfQ:1vO9ca:vIpfDPYpcwFiPX6nixYRIIwhNwjwRFqBLT7kWC-j5gU','2025-11-27 07:07:24.736388'),('2w5lumiqpdzht90or08crotmv9d3e7v4','eyJVc2VyX0lkIjoxMzksIlVzZXJfVHlwZSI6InVzZXIiLCJfc2Vzc2lvbl9leHBpcnkiOjg2NDAwfQ:1vKANZ:5OTv8QDMxMb35o5yCTAdmgRupJrmMQsMXEjlKRZ1XAk','2025-11-16 07:07:25.631854'),('2w60fdsk0uvie3eckaxz19casx3a5j5q','eyJVc2VyX0lkIjo4NywiVXNlcl9UeXBlIjoidXNlciIsIl9zZXNzaW9uX2V4cGlyeSI6ODY0MDB9:1uzW2k:m8FvHg63S0nTW1V-UlUTle1mDbNpmF2cZFB_lp-mAXo','2025-09-20 08:00:34.695798'),('2wimrm7ma6mk76uy191tolf3fwd5ndnm','eyJVc2VyX0lkIjoxMjQsIlVzZXJfVHlwZSI6InVzZXIiLCJfc2Vzc2lvbl9leHBpcnkiOjg2NDAwfQ:1vEmJX:RZ9B2UeFQ_d4nEvnMHCimmUzVsqwJcG4N7fkFYKYlOg','2025-11-01 10:24:59.138945'),('2wk86h1yeicxinf2wehiiowabu3ced3l','eyJVc2VyX0lkIjoxOTQsIlVzZXJfVHlwZSI6InVzZXIiLCJfc2Vzc2lvbl9leHBpcnkiOjg2NDAwfQ:1vQl3a:E3usSgtKzv__m_3R0tZBL54SaNN5hWzkQExUIwkrIjs','2025-12-04 11:30:02.280063'),('2wnoh5y2vv41he8ygok68gm3mvcelsnj','eyJVc2VyX0lkIjoxMzEsIlVzZXJfVHlwZSI6InVzZXIiLCJfc2Vzc2lvbl9leHBpcnkiOjg2NDAwfQ:1vJPzL:eaQkc0cLl2w2qrKm-cb12zzJYnkzFUI-ANzEY6QgSIo','2025-11-14 05:35:19.130789'),('2xsf3ch2sj680u9bp15fblr78zfk5pq0','eyJVc2VyX0lkIjoxNjIsIlVzZXJfVHlwZSI6InVzZXIiLCJfc2Vzc2lvbl9leHBpcnkiOjg2NDAwfQ:1vLxRe:wlEr2PlscM26aA9R1hBELekubM7Izh6YG4yGG0pV4l0','2025-11-21 05:43:02.648816'),('2y2lrtbwp4c3fwvd0hgiwlx385snygre','e30:1vQlST:2Fj7CMEAPQlFvrcH21KCPjQ8esSg3JbYsaM9y6qF0h0','2025-12-04 11:55:45.045379'),('317tr74qg79ahkt5murym08cunjp5u0o','eyJVc2VyX0lkIjoxMjQsIlVzZXJfVHlwZSI6InVzZXIiLCJfc2Vzc2lvbl9leHBpcnkiOjg2NDAwfQ:1vDGi3:VxTb-SoOQvd8LaxAn2Ju_UFhF3NgxKi-B-_SDrgghkk','2025-10-28 06:28:03.572675'),('3187svd2kf427wcmwe7i5g2i7zvil0ce','eyJVc2VyX0lkIjoxMTcsIlVzZXJfVHlwZSI6InVzZXIiLCJfc2Vzc2lvbl9leHBpcnkiOjg2NDAwfQ:1vCZto:uIeDwiezyYp5YTDdHaL3FCOP2IZgZMMU2OSrCFcB8p8','2025-10-26 08:45:20.843425'),('33hnwwp28r144z5nn031h4kkmpjhcqiv','eyJVc2VyX0lkIjo2MCwiVXNlcl9UeXBlIjoidXNlciIsIl9zZXNzaW9uX2V4cGlyeSI6ODY0MDB9:1vEUAL:zsDDIhZ8BT2a_9GoLN0eACULBtxskSjV6rioIS8migA','2025-10-31 15:02:17.009391'),('34fegkfmojo8ghfzlxbuhp2ksliam852','eyJVc2VyX0lkIjo3MiwiVXNlcl9UeXBlIjoidXNlciIsIl9zZXNzaW9uX2V4cGlyeSI6ODY0MDB9:1urrSr:jzhOPDwJpA0JOFb_mcuYan5Pez87ekRG6LTvCzNM1hY','2025-08-30 05:15:53.716681'),('35re501tmu4wfsj6n2casc4t16e9kid3','eyJVc2VyX0lkIjo2MiwiVXNlcl9UeXBlIjoidXNlciIsIl9zZXNzaW9uX2V4cGlyeSI6ODY0MDB9:1v9HnU:WXyk49pdLpSKMVlHJGsezafTkHOdVVhCYFlT0O03acA','2025-10-17 06:49:12.837172'),('368yfvy82pjgqtzthrjad8e25g4ecxzi','eyJVc2VyX0lkIjoxOTcsIlVzZXJfVHlwZSI6InVzZXIiLCJfc2Vzc2lvbl9leHBpcnkiOjg2NDAwfQ:1vRrGd:hAPk73F9FTsCsi7PiAG-MTenYLfwD1k_CFM-smwakCE','2025-12-07 12:20:03.768185'),('3ay19q6w5vizbp2l2atk39yq0qsgtehy','eyJVc2VyX0lkIjoxMzIsIlVzZXJfVHlwZSI6InVzZXIiLCJfc2Vzc2lvbl9leHBpcnkiOjg2NDAwfQ:1vFsla:VG1LOgquSGGcJMc1zkODU5-GeN_rZpYsywONPAE_70o','2025-11-04 11:30:30.437463'),('3bxxre74yil0ix1w0ept82b05mv399x0','eyJVc2VyX0lkIjoxMDksIlVzZXJfVHlwZSI6InVzZXIiLCJfc2Vzc2lvbl9leHBpcnkiOjg2NDAwfQ:1vGDDN:LlO5l0-OwI87cwZgr7EK4FTr_w9UtKUVvCMpLFD9unU','2025-11-05 09:20:33.427890'),('3byda3q4cwn3y8nutut84kjtre2ru71l','eyJVc2VyX0lkIjoxMjYsIlVzZXJfVHlwZSI6InVzZXIiLCJfc2Vzc2lvbl9leHBpcnkiOjg2NDAwfQ:1vJVze:965flmoJIILeikhDROfI9oXHRdbjdf_JZT5jfPXE4R8','2025-11-14 12:00:02.361902'),('3eixxm2vf4yepqb1s3yubk3d6gzuwhup','eyJVc2VyX0lkIjoxMDksIlVzZXJfVHlwZSI6InVzZXIiLCJfc2Vzc2lvbl9leHBpcnkiOjg2NDAwfQ:1vB5Ff:9VTyXosewhpIUR1moqN7FFk6P5GZpgqdZ_OhfdfTzmk','2025-10-22 05:49:43.403317'),('3f1hb9ll1s8s03bn5n9jb6koajpq46m3','eyJVc2VyX0lkIjoxMjYsIlVzZXJfVHlwZSI6InVzZXIiLCJfc2Vzc2lvbl9leHBpcnkiOjg2NDAwfQ:1vLHoy:a0-kNrQaEv9mkTLGyao16zpTDX4GitHYcud4s2LrqIg','2025-11-19 09:16:20.781698'),('3hlkv24qp1enwjnjmc8gpckja1z2hhoz','eyJVc2VyX0lkIjoyMywiVXNlcl9UeXBlIjoidXNlciIsIl9zZXNzaW9uX2V4cGlyeSI6ODY0MDB9:1usweU:eb5tN6KaUg7HCemlytJnYw1y0yDomZddba7XreQh-Eo','2025-09-02 05:00:22.157124'),('3i9wjknqogepndrzu9kkjxz56cw3gfd6','eyJVc2VyX0lkIjoxMjYsIlVzZXJfVHlwZSI6InVzZXIiLCJfc2Vzc2lvbl9leHBpcnkiOjg2NDAwfQ:1vJSDe:eGQdV5U_T0ubQtGmzeKKZsxVEaTAPpTTFhRCml0AZLQ','2025-11-14 07:58:14.449858'),('3icowzzmg47fxlsx77d6gq09tjrb72ai','eyJVc2VyX0lkIjo1OCwiVXNlcl9UeXBlIjoidXNlciIsIl9zZXNzaW9uX2V4cGlyeSI6ODY0MDB9:1v8bHj:dePl6TCR-lidFntcEww2PlpQcJllShmAWOkN3b8bCJU','2025-10-15 09:25:35.305027'),('3kiyvpv6mnha06u52ohlb4fifbg9o6gx','eyJVc2VyX0lkIjoxOTIsIlVzZXJfVHlwZSI6InVzZXIiLCJfc2Vzc2lvbl9leHBpcnkiOjg2NDAwfQ:1vQPeu:EwMK2fk56U8lFpHCLSXtiIL8FmX1y5sYuCYKvrGwB1s','2025-12-03 12:39:08.410671'),('3m0gb23lar7t5pflgya6enhff5b3drq3','eyJVc2VyX0lkIjoxNjUsIlVzZXJfVHlwZSI6InVzZXIiLCJfc2Vzc2lvbl9leHBpcnkiOjg2NDAwfQ:1vNV51:sQAiiqGN6L2gwxnUIiMiP28ar1k0EKn1933eF97Vvac','2025-11-25 11:50:03.623068'),('3n7yj99vww32gqknx318dm42jit1f92w','eyJVc2VyX0lkIjoxNjYsIlVzZXJfVHlwZSI6InVzZXIiLCJfc2Vzc2lvbl9leHBpcnkiOjg2NDAwfQ:1vLgsS:-BSYUY4Cw9us-4Ucls_EE1BznBlciUEt4UB8IyReq1Q','2025-11-20 12:01:36.183199'),('3o97fgsk47x6mbdaafsnm97z9oxflrmw','e30:1urqpH:j1_IZJSuvQHANmh4yCA0qoON9GIrKaAxei7aIxghuA8','2025-08-30 04:34:59.050240'),('3osi6wt5l5i5hjvwtp1pziznncklsxeb','eyJVc2VyX0lkIjoxMjAsIlVzZXJfVHlwZSI6InVzZXIiLCJfc2Vzc2lvbl9leHBpcnkiOjg2NDAwfQ:1vCWDl:BE0KnLVN9jPOCHvSFc1jYoBsEfHsPeuvB9jKeUa9u90','2025-10-26 04:49:41.894012'),('3qy69kch0bgdda5j7st20g2bybzgqc14','.eJxNjU8LwjAMxb9Lrm4jdlTnTl69z3MpM26B_hlrKwzxu5vhRQi85Je8lzfcE63m9oBet9VvGLaFoIciPVTwLM6ZYP2Okg05ppmZZUHesvuDPm6bvU47bcbo5cKWPFPIPNpM8iCvhSpwceJgMntK2fpFAhQqXeOlxnbAc6-lVNMdT6rTB8QeUZISpcQxmBetu4rp2CB8vtDBPWc:1utiNM:85mHEUUxmRZ_Dq2R5egQ-f_HNxZ-xwUKc5wmk0QXecA','2025-09-04 07:57:52.816607'),('3rx9bw8b5dkc16dx7l4aarxnegzrfutr','eyJVc2VyX0lkIjoyMywiVXNlcl9UeXBlIjoidXNlciIsIl9zZXNzaW9uX2V4cGlyeSI6ODY0MDB9:1v8XN2:wyGsWEdhNJ3bxNGk_Kt6uhA5ur6L4TIGF3ezzvv3Nz0','2025-10-15 05:14:48.320174'),('3t8elu0i2s86dtuusdcva2yc467bvpfg','eyJVc2VyX0lkIjo1MywiVXNlcl9UeXBlIjoidXNlciIsIl9zZXNzaW9uX2V4cGlyeSI6ODY0MDB9:1vG9Mn:4CFp1xVr3V94g_qUVFQ2ZeSKjoihZIdzpZquFadZHDI','2025-11-05 05:14:01.720957'),('3tjjbtcqesue7xy6jcqvyof1wdguiwk4','eyJVc2VyX0lkIjoxNjksIlVzZXJfVHlwZSI6InVzZXIiLCJfc2Vzc2lvbl9leHBpcnkiOjg2NDAwfQ:1vMPPP:9sM-S6ljsy6i3HBraofpUawJdD9af1yRJWewzSZvDt4','2025-11-22 11:34:35.924664'),('3tw9twbkibiyaz1zsqd2sf8n3o8vsqaf','eyJVc2VyX0lkIjoyMywiVXNlcl9UeXBlIjoidXNlciIsIl9zZXNzaW9uX2V4cGlyeSI6ODY0MDB9:1uwbJL:Moiw7cKSSsHgESE388bTKYNKmketkNx6e1JKpvNaPZ8','2025-09-12 07:01:39.531961'),('3u9tl9nbv5wlre8herm0rbbf6cmnyvcv','eyJVc2VyX0lkIjoxNjEsIlVzZXJfVHlwZSI6InVzZXIiLCJfc2Vzc2lvbl9leHBpcnkiOjg2NDAwfQ:1vPwbd:2s6FdU2vq1g822LhUzSYqr45GGWs47XrvtNJ6_mphEQ','2025-12-02 05:37:49.205375'),('3x3q6gj19rd3jad564g274rh9gz3r3w5','eyJVc2VyX0lkIjo2NiwiVXNlcl9UeXBlIjoidXNlciIsIl9zZXNzaW9uX2V4cGlyeSI6ODY0MDB9:1usyFy:966r_MvufdyhmiZ115Q64eR59IKWlIi65n16aaycqCs','2025-09-02 06:43:10.324351'),('3xmpzg7l450oaw7s6gy59p6ovjbk21au','eyJVc2VyX0lkIjoyMywiVXNlcl9UeXBlIjoidXNlciIsIl9zZXNzaW9uX2V4cGlyeSI6ODY0MDB9:1uvUx1:p7A9JXGu5AKm3w1p1ABW1tUdBADFE20vznlb8ySBUZ8','2025-09-09 06:02:03.423156'),('3y62f1q654pmt1zotsf6qbfetyf9cyyv','eyJVc2VyX0lkIjoxNjMsIlVzZXJfVHlwZSI6InVzZXIiLCJfc2Vzc2lvbl9leHBpcnkiOjg2NDAwfQ:1vOwQf:Co1IMSmdBUxOlPQw9QqS6Y8dTI4651tQjB9uTkUN-IU','2025-11-29 11:14:21.989980'),('3zmbylqwvyz6m52snxd7ykvuq1bfxvk4','eyJVc2VyX0lkIjo2NiwiVXNlcl9UeXBlIjoidXNlciIsIl9zZXNzaW9uX2V4cGlyeSI6ODY0MDB9:1uvuSw:x7K_mSQGhSmjSMF9K6kyeGSMyPDOZB4OMk-dnCNiHJc','2025-09-10 09:16:42.809456'),('3zqa8zinmaue3jot32tp5qkmn0ry43uw','eyJVc2VyX0lkIjoxNzAsIlVzZXJfVHlwZSI6InVzZXIiLCJfc2Vzc2lvbl9leHBpcnkiOjg2NDAwfQ:1vNV0J:dbqmbUQHWhHQ3rx1yZ5ToHMel6twv-ScAQOjQm9cL84','2025-11-25 11:45:11.741788'),('41semn1vewhctwwrd5xbb7uwu20or143','eyJVc2VyX0lkIjoxNjcsIlVzZXJfVHlwZSI6InVzZXIiLCJfc2Vzc2lvbl9leHBpcnkiOjg2NDAwfQ:1vOUwW:gtOigsHrzwxoDyINLbq7seHF1EJeKlHtHEA-lExmUkM','2025-11-28 05:53:24.037883'),('429k8ablaoy73966a18p02ljve9i4u18','eyJVc2VyX0lkIjoxMTYsIlVzZXJfVHlwZSI6InVzZXIiLCJfc2Vzc2lvbl9leHBpcnkiOjg2NDAwfQ:1vK9yZ:TM4R1vu7K4Yd1tzsqbfsGni8vZF5PNMijOFKpAYqOlY','2025-11-16 06:41:35.944172'),('43zju4nm5szpjfcr9wo0759mvoo1ejic','eyJVc2VyX0lkIjoxMzMsIlVzZXJfVHlwZSI6InVzZXIiLCJfc2Vzc2lvbl9leHBpcnkiOjg2NDAwfQ:1vIn14:vpEZvsMhklylmIxoMkZafNoDKYAkQJPoJulY0gP88_E','2025-11-12 11:58:30.720710'),('44f9cipnsrln2y2ax938abifwxzh4iv8','eyJVc2VyX0lkIjoyMDcsIlVzZXJfVHlwZSI6InVzZXIiLCJfc2Vzc2lvbl9leHBpcnkiOjg2NDAwfQ:1vXvq0:SUoa9xFxyQlCayLo2tcXZ4CfAvYIWQ-idG5rgHjBJDU','2025-12-24 06:25:40.690620'),('44yy91ksk7jcvxmxzsxij8fzgajxfu31','eyJVc2VyX0lkIjo2MiwiVXNlcl9UeXBlIjoidXNlciIsIl9zZXNzaW9uX2V4cGlyeSI6ODY0MDB9:1vCWTI:pxbFH2FmXmnsiNZev6w3cWx9ddRWUF2MEDDtKMu8OPE','2025-10-26 05:05:44.403047'),('486ib02t73hzygp9l3uwzd04pg3oqnfc','eyJVc2VyX0lkIjoyMDYsIlVzZXJfVHlwZSI6InVzZXIiLCJfc2Vzc2lvbl9leHBpcnkiOjg2NDAwfQ:1vW5nM:dOwAB6cGYJQUY7f21F7TY4cqVNTbFVCzv_oqOWpPPmA','2025-12-19 04:39:20.176011'),('4aossqlfo1eej2dy3wt8b06w8v225uiz','eyJVc2VyX0lkIjo5NSwiVXNlcl9UeXBlIjoidXNlciIsIl9zZXNzaW9uX2V4cGlyeSI6ODY0MDB9:1v612e:fOKW1Nb0x2OMuRKGLrduB7TdAbqE5C54iXCPQ_L9TXQ','2025-10-08 06:19:20.618443'),('4bpfjpmjjmuahqqgkl0nsfl9bxo67fv1','eyJVc2VyX0lkIjoxMzEsIlVzZXJfVHlwZSI6InVzZXIiLCJfc2Vzc2lvbl9leHBpcnkiOjg2NDAwfQ:1vJUDy:AUS0OI6kUgrF9jhDNwp_dDQgqVbipz1gZeB4W8gD1uw','2025-11-14 10:06:42.786927'),('4druy9cwyyhqi0r9iaidjstdiudzkeht','eyJVc2VyX0lkIjoxMjYsIlVzZXJfVHlwZSI6InVzZXIiLCJfc2Vzc2lvbl9leHBpcnkiOjg2NDAwfQ:1vHGQY:Us-_5DoLl5APA1LsqUVjlCCMQ1E48bT1v4w6_SEa13s','2025-11-08 06:58:30.586714'),('4dviefve21l74blkgq7nhtohvpjjikap','eyJVc2VyX0lkIjoxNjMsIlVzZXJfVHlwZSI6InVzZXIiLCJfc2Vzc2lvbl9leHBpcnkiOjg2NDAwfQ:1vO9im:696xkB8oQDmVRWp_XU2WGIZZpnFzTSJGxRBdNZq1LWs','2025-11-27 07:13:48.624398'),('4eugzqkak62mv1ij4sgpar2kci6qxc5z','eyJVc2VyX0lkIjoxNzcsIlVzZXJfVHlwZSI6InVzZXIiLCJfc2Vzc2lvbl9leHBpcnkiOjg2NDAwfQ:1vOZUz:NBrWMOiT46MVwd3Nw1165HRhB7Bf8LFJZbhOXFFaB20','2025-11-28 10:45:17.148155'),('4f0daaa8n58eo7r3zemt28xgbthjig0h','eyJVc2VyX0lkIjoxMzksIlVzZXJfVHlwZSI6InVzZXIiLCJfc2Vzc2lvbl9leHBpcnkiOjg2NDAwfQ:1vJ9UF:jkUTcezYTh56VWILgDpJw9OCJFwitQG53uHqOKJQJwo','2025-11-13 11:58:07.910941'),('4f1sca2cez8yni02bxdkapd2xe50di17','eyJVc2VyX0lkIjoxOTMsIlVzZXJfVHlwZSI6InVzZXIiLCJfc2Vzc2lvbl9leHBpcnkiOjg2NDAwfQ:1vR1pG:MSai-hcwwTemINgv2_ovZIujJCeQiWmRG3MDDL0dLN8','2025-12-05 05:24:22.966425'),('4f5y7n45jjv5x5kkzuz9t3xmb5zjls3f','eyJVc2VyX0lkIjoyNCwiVXNlcl9UeXBlIjoidXNlciIsIl9zZXNzaW9uX2V4cGlyeSI6ODY0MDB9:1uwwb5:4yVHiN9oMFRzFLAyBQ2C7gGUxH-91NTvga9NxS24Hpw','2025-09-13 05:45:23.255316'),('4fzjwm43s0l6uisulhi6c7pqq6yj2nde','eyJVc2VyX0lkIjo2NSwiVXNlcl9UeXBlIjoidXNlciIsIl9zZXNzaW9uX2V4cGlyeSI6ODY0MDB9:1uyTEW:iBFi5HFuNtEkC9wXtRrAUwm3e9-VfiiU01q43OfSqzU','2025-09-17 10:48:24.800409'),('4gzmy9nhg4oklps6h9u19zgowbl6sbhb','eyJVc2VyX0lkIjo1MywiVXNlcl9UeXBlIjoidXNlciIsIl9zZXNzaW9uX2V4cGlyeSI6ODY0MDB9:1usxcJ:-GGW_U7OtBnc-K8mwiWa_1oPxoFnXXjsOow8Dyo_8XE','2025-09-02 06:02:11.474785'),('4hmt33m1lusj1y5he8wfubt7cg0pui0g','eyJVc2VyX0lkIjoxNjEsIlVzZXJfVHlwZSI6InVzZXIiLCJfc2Vzc2lvbl9leHBpcnkiOjg2NDAwfQ:1vLwGo:ccSDQo4w14wUvUUU22qifNn7YZicREiqPalMHUnFDoU','2025-11-21 04:27:46.413240'),('4iiyvk2iaanyucppygdyqyd8mfx1508j','eyJVc2VyX0lkIjoyNCwiVXNlcl9UeXBlIjoidXNlciIsIl9zZXNzaW9uX2V4cGlyeSI6ODY0MDB9:1v0Zt5:asn69O3GqdWerBdax_2HS161dMSpcE4gAHCwfis8sN8','2025-09-23 06:18:59.378638'),('4krjewt6enk6t8ouol7ni4ie00pvbg0x','eyJVc2VyX0lkIjo4NywiVXNlcl9UeXBlIjoidXNlciIsIl9zZXNzaW9uX2V4cGlyeSI6ODY0MDB9:1uwdSx:ZX2dGtrbfZjPEDOIczu8h5xhLFGmcyiLX9nyvwboyp8','2025-09-12 09:19:43.294841'),('4m69wxq3rw50x5gf9jr1bk7pe81h9t9a','eyJVc2VyX0lkIjoxMjAsIlVzZXJfVHlwZSI6InVzZXIiLCJfc2Vzc2lvbl9leHBpcnkiOjg2NDAwfQ:1vCDyS:nSYvF-MGd2U3ZP3dSQgvYWMoKwSs1XUbMCQczeiXSLc','2025-10-25 09:20:40.428539'),('4m6f3sztotqdtcvzd0tpuzr5cgs2xyn8','eyJVc2VyX0lkIjoyMywiVXNlcl9UeXBlIjoidXNlciIsIl9zZXNzaW9uX2V4cGlyeSI6ODY0MDB9:1uyO6v:w7r8DR-80iiVLxc6tpElZuAt7qj5xpJKUoAvowfAG1Y','2025-09-17 05:20:13.142089'),('4oeg6tjly0p6tg840rkdh68o8bee1ue9','eyJVc2VyX0lkIjoxNjMsIlVzZXJfVHlwZSI6InVzZXIiLCJfc2Vzc2lvbl9leHBpcnkiOjg2NDAwfQ:1vLxbv:uTNlHSJRm0ir3eznDrVhX6MQ-bGZHCe1Tt9SALYzSxw','2025-11-21 05:53:39.902314'),('4pe5q8scxm32jmu5j7n7s0qruufz6lqv','eyJVc2VyX0lkIjoyMDYsIlVzZXJfVHlwZSI6InVzZXIiLCJfc2Vzc2lvbl9leHBpcnkiOjg2NDAwfQ:1vXu9u:BX0HKhcHUIPvOHGVTDPpOu4UUduVWgQA6qADqADuuxg','2025-12-24 04:38:06.778752'),('4r2xui4boekrx54wjqqgt9zmupcgufm6','eyJVc2VyX0lkIjoxMjYsIlVzZXJfVHlwZSI6InVzZXIiLCJfc2Vzc2lvbl9leHBpcnkiOjg2NDAwfQ:1vHHgU:Xh1LFH8sDMeGetSRn4M52SnppH7QSZ03B3aULrMssKU','2025-11-08 08:19:02.643212'),('4rikfex0webxf6hjr1w5zzgs6c80re3x','eyJVc2VyX0lkIjoyMywiVXNlcl9UeXBlIjoidXNlciIsIl9zZXNzaW9uX2V4cGlyeSI6ODY0MDB9:1v8yxn:6zxxyCKQvfejY04XWJnlKKzwfmosCzfz1KDUE4YvwTI','2025-10-16 10:42:35.234544'),('4s6595ylsynadsfdml18eue4hqn35vov','eyJVc2VyX0lkIjoyMywiVXNlcl9UeXBlIjoidXNlciIsIl9zZXNzaW9uX2V4cGlyeSI6ODY0MDB9:1uzqY6:OIuugCpL1WUpd4dSt9bWF8UeG9gGR6MlKqtABRUFhKQ','2025-09-21 05:54:18.062584'),('4s8asgb967f7mve10lkc38jnq0yipgzd','eyJVc2VyX0lkIjoxMzIsIlVzZXJfVHlwZSI6InVzZXIiLCJfc2Vzc2lvbl9leHBpcnkiOjg2NDAwfQ:1vJ3oY:nFYfWuHNQ8bypHLbLICuR5OplCoHI8iKX-fwF3O9zEA','2025-11-13 05:54:42.304351'),('4spm3smk7et720nl168xb4sf0pc72m40','eyJVc2VyX0lkIjoxMzMsIlVzZXJfVHlwZSI6InVzZXIiLCJfc2Vzc2lvbl9leHBpcnkiOjg2NDAwfQ:1vIQHH:-PKduG_L4-ki93I-ZC3gcZdKY9tWRt9-bclCAbOa0p8','2025-11-11 11:41:43.702262'),('4tx9119eaqqc6nti0hwzqnzy14i6lncr','e30:1urqpI:q2UrRc93n2eDe2cdeEmFp442k7qqIPJYTt1h0wnQ73k','2025-08-30 04:35:00.198733'),('4ty4lut8dp3lgtzqgv8yl1pk7w27smku','eyJVc2VyX0lkIjoxMjcsIlVzZXJfVHlwZSI6InVzZXIiLCJfc2Vzc2lvbl9leHBpcnkiOjg2NDAwfQ:1vIPWp:MOpWex8p04ot64ihfbOD2I0itzfGQFNXwkvXqmMS124','2025-11-11 10:53:43.035134'),('4vfc9tw6940kpmudgaw218zw37kvkmdb','eyJVc2VyX0lkIjoxMjYsIlVzZXJfVHlwZSI6InVzZXIiLCJfc2Vzc2lvbl9leHBpcnkiOjg2NDAwfQ:1vKAGC:JdbU-aPtvDK0QpT8cpe0zmpWsW26rl6G8pyR5jWtkgM','2025-11-16 06:59:48.920990'),('4vgspcn2kx2jug796jje3wpo8mesvegr','eyJVc2VyX0lkIjoxMjMsIlVzZXJfVHlwZSI6InVzZXIiLCJfc2Vzc2lvbl9leHBpcnkiOjg2NDAwfQ:1vHFGT:VSIv15S0u-BGmm5BL8u6BS0wv1us9R9g0VcxMPB0ms8','2025-11-08 05:44:01.553137'),('4vq00e7377hsvcrf3b8fv1kzlpjhjeq5','eyJVc2VyX0lkIjo0NiwiVXNlcl9UeXBlIjoidXNlciIsIl9zZXNzaW9uX2V4cGlyeSI6ODY0MDB9:1urvJo:I_VC9KF3xnDGakpfhNqRGYZ5TJg93hRObtKKomRtRaY','2025-08-30 09:22:48.615089'),('4vqy35nqzdt2sjzubd0z0thdzqibghf0','eyJVc2VyX0lkIjoxOTgsIlVzZXJfVHlwZSI6InVzZXIiLCJfc2Vzc2lvbl9leHBpcnkiOjg2NDAwfQ:1vR5m8:UdXC8BwaxYeppp3E1tV1LGvWLXM29bTwrjZg44Lx2AQ','2025-12-05 09:37:24.033209'),('4vz24ddz42bb72nsnt2mgy4ah11m0cvl','eyJVc2VyX0lkIjoxNjYsIlVzZXJfVHlwZSI6InVzZXIiLCJfc2Vzc2lvbl9leHBpcnkiOjg2NDAwfQ:1vO8EI:RTQfXAt5GHemEnB1NgSdhpj7YQLMg7TxwsN7z3eu8NY','2025-11-27 05:38:14.521710'),('4wjw68dr0i20czz7eqbwz41pkh24srms','eyJVc2VyX0lkIjoyMDgsIlVzZXJfVHlwZSI6InVzZXIiLCJfc2Vzc2lvbl9leHBpcnkiOjg2NDAwfQ:1vXyn6:3EwN8_furPahST_WRo9gdd0PTAs0sTVm4M1HOBg1Nmg','2025-12-24 09:34:52.160453'),('4x1wgpp436r4sd8th6rb5pehmqs72ysb','eyJVc2VyX0lkIjoyMDcsIlVzZXJfVHlwZSI6InVzZXIiLCJfc2Vzc2lvbl9leHBpcnkiOjg2NDAwfQ:1vWUbQ:xZpeIiGpg5VSOJ6lWdk1oINbaNKFVnT_Uln5B3Xe3yo','2025-12-20 07:08:40.520125'),('4xbol65on8gn0jzfn5psp7rtrlwpjxo4','eyJVc2VyX0lkIjoxMzEsIlVzZXJfVHlwZSI6InVzZXIiLCJfc2Vzc2lvbl9leHBpcnkiOjg2NDAwfQ:1vDzKu:4Spbih1f-JHo5mwpK0XLJ8yfgFdhiE8jb0m44u7_l8I','2025-10-30 06:07:08.836993'),('4y73ctzfyhiajk0lsrcncydq0027jmcc','eyJVc2VyX0lkIjo1OCwiVXNlcl9UeXBlIjoidXNlciIsIl9zZXNzaW9uX2V4cGlyeSI6ODY0MDB9:1urqdJ:Y2KC1pOFgRISAgOYzJAk2VnjjStimWEp912__0xkrsA','2025-08-30 04:22:37.744844'),('4z98fian4c192k47ggvkdzmrpptkifq3','eyJVc2VyX0lkIjoxMTMsIlVzZXJfVHlwZSI6InVzZXIiLCJfc2Vzc2lvbl9leHBpcnkiOjg2NDAwfQ:1vHFxI:AiBMPMtswthAb3kHQDwRyiWuUNCSegeW3uTvWb72yBY','2025-11-08 06:28:16.804587'),('4zdeg585tffw36n4372ceqek2pcqm4ok','eyJVc2VyX0lkIjoxMzEsIlVzZXJfVHlwZSI6InVzZXIiLCJfc2Vzc2lvbl9leHBpcnkiOjg2NDAwfQ:1vJqD9:BcNht-KCnWpBGOMqvS_hwqrJSYX0eKROzR3kra8938s','2025-11-15 09:35:19.941459'),('50kwjaps90wj1gl41zfcgy461l45dj2g','eyJVc2VyX0lkIjoyMjIsIlVzZXJfVHlwZSI6InVzZXIiLCJfc2Vzc2lvbl9leHBpcnkiOjg2NDAwfQ:1vXekC:XNzHUfY5gABx-piYqSa9eG8DK0Dcge7tjxRjL_0CcRI','2025-12-23 12:10:32.915906'),('518ewt2z0t4wgezzw5bdmb40rz2xmyxw','eyJVc2VyX0lkIjoyMDgsIlVzZXJfVHlwZSI6InVzZXIiLCJfc2Vzc2lvbl9leHBpcnkiOjg2NDAwfQ:1vWTYv:D5r4duraIFCkL2M01n9UJYxQ00nNsrban1KME_D7h4o','2025-12-20 06:02:01.674009'),('52e2odexmwvqf6g4nfqjj9vtumf4qi54','eyJVc2VyX0lkIjoyMywiVXNlcl9UeXBlIjoidXNlciIsIl9zZXNzaW9uX2V4cGlyeSI6ODY0MDB9:1uvuSM:jin_Z7Y8U1mJw1xTeWTRWLJBd6IS-njNXoHgL7-Fs44','2025-09-10 09:16:06.690516'),('52fi6a6y59xt3j3wrgbowjacwqauny95','eyJVc2VyX0lkIjoxMTYsIlVzZXJfVHlwZSI6InVzZXIiLCJfc2Vzc2lvbl9leHBpcnkiOjg2NDAwfQ:1vIM7U:JIJ13MtVZSf5UOCtQ0WZ3vEP6I92gCu3XSK--IQMoVg','2025-11-11 07:15:20.797955'),('530dpga0l0ktsnmx4loyxzpcqtjmv05m','eyJVc2VyX0lkIjoxMjQsIlVzZXJfVHlwZSI6InVzZXIiLCJfc2Vzc2lvbl9leHBpcnkiOjg2NDAwfQ:1vEjZJ:G4Q05fx3wnGSh6bzNo3IeYZrHVPV9HX4bTZvj8QqfJk','2025-11-01 07:29:05.684619'),('53fhrtiw5z8sqne92hyhhfl4wh6hvh21','e30:1vY0ea:ZvJHMD0uewDMpWOy-nnn7Mi2wf2vOfkc5dufYJP-vdQ','2025-12-24 11:34:12.005003'),('55q0l7qpv9blz5u3nhv0wd8eg3zvczng','eyJVc2VyX0lkIjoyMDgsIlVzZXJfVHlwZSI6InVzZXIiLCJfc2Vzc2lvbl9leHBpcnkiOjg2NDAwfQ:1vWUhD:QUGtoSfjAHs4Z06zVvLZy48f-pFRHY0r0WQk1vWMcRA','2025-12-20 07:14:39.549795'),('569sq70ztnximjzn3vo9q6wup0oklt3f','eyJVc2VyX0lkIjo4OSwiVXNlcl9UeXBlIjoidXNlciIsIl9zZXNzaW9uX2V4cGlyeSI6ODY0MDB9:1urvRL:_OivEx9-3Yql4Aykzq9z7_z6FQQhuyNmnsDZFcwt72M','2025-08-30 09:30:35.406141'),('57kfvlb9yac2z2nj3wgpn6jv0ymtrog1','eyJVc2VyX0lkIjoxMzMsIlVzZXJfVHlwZSI6InVzZXIiLCJfc2Vzc2lvbl9leHBpcnkiOjg2NDAwfQ:1vInHc:vcp-ZBrPYEo2F7xL9TdKYL6QgiDHAGnG-kNBlTDummQ','2025-11-12 12:15:36.820404'),('57mcufitc5gykcuonb48va57jt30s9cw','eyJVc2VyX0lkIjoxNjAsIlVzZXJfVHlwZSI6InVzZXIiLCJfc2Vzc2lvbl9leHBpcnkiOjg2NDAwfQ:1vQMSX:egBYt7Kv7QZBnV_A5Hy1B4Apnehd6gqhNGx2KlWzF74','2025-12-03 09:14:09.607179'),('59ba8x499mqv62ghsmpuqgp9rnsqt0bs','eyJVc2VyX0lkIjoxMzksIlVzZXJfVHlwZSI6InVzZXIiLCJfc2Vzc2lvbl9leHBpcnkiOjg2NDAwfQ:1vJSF6:EWyyeFIjENF8k0ke56htyamoNjAL0NsTt0MbFKvUw_I','2025-11-14 07:59:44.120018'),('5bj7hoqfqjwa9z103b216kn8qfeex1rr','eyJVc2VyX0lkIjoxNzAsIlVzZXJfVHlwZSI6InVzZXIiLCJfc2Vzc2lvbl9leHBpcnkiOjg2NDAwfQ:1vNpKo:aUyOPriWOpa4k3pgLKUSpVQR9RY6RA9evEkG2Qra5gc','2025-11-26 09:27:42.421904'),('5ch1cwdb7wg0i25s5l4pot12vxfye1u5','eyJVc2VyX0lkIjoxMzEsIlVzZXJfVHlwZSI6InVzZXIiLCJfc2Vzc2lvbl9leHBpcnkiOjg2NDAwfQ:1vJR84:NwAKc8zN-St-zK8TBVorKfZtwYkJdBdunq4Xtt0mja8','2025-11-14 06:48:24.235159'),('5dfskbvu0nux1x86gtyc0j6c7iz6qs3b','.eJxNjc0OgjAQhN9lrwJZyo_Sk1fveG4aXGET2hLaJjbGd7fEi7eZbyYzb7h72tXtAbJrip8Z00YgIWYNBTzjuiqrzYG8tsH5hZlzQEbz-geNS0lf54NWkzO5oWNYyAaedKB8EPZIBaxuZqsCG_JBmy0PCBRdiUOJzYhnKXpZYzU0om7bE6JEzEvKk_fsrKLXxnsCeelbxM8Xzeo9fw:1uthsg:wAp3xqnwk5IXVNYyIjOI8XIqpHZHuQifd4OgXFxEHWQ','2025-09-04 07:26:10.935577'),('5dxfcvbutxaf2f8pd0r3sz4ezjrkj33w','eyJVc2VyX0lkIjoxNjUsIlVzZXJfVHlwZSI6InVzZXIiLCJfc2Vzc2lvbl9leHBpcnkiOjg2NDAwfQ:1vLd80:eWVQEILnaC1eSeexwYthlp6rhfqy3GGwJmRdlAOvsjI','2025-11-20 08:01:24.287865'),('5fv9zrvf6nk28ugc89hghpztoja8ppb8','eyJVc2VyX0lkIjoxNSwiVXNlcl9UeXBlIjoidXNlciIsIl9zZXNzaW9uX2V4cGlyeSI6ODY0MDB9:1v3Tyf:gcpt_uxSjwH1xCYgNoWHOiflSLcp7ZFkq9qZ9xX0rjE','2025-10-01 06:36:45.085540'),('5gqie5p6jz70l76w268ir3z0q55ydgqu','eyJVc2VyX0lkIjoxMDksIlVzZXJfVHlwZSI6InVzZXIiLCJfc2Vzc2lvbl9leHBpcnkiOjg2NDAwfQ:1vB5om:q6qIvoNcEXdpSkDC2tWfNTjqp5mdtRVv9vl5Dhud1Fs','2025-10-22 06:26:00.473501'),('5hd6xr5de5221gw5xx4au4pc6xzt22qd','eyJVc2VyX0lkIjo5NCwiVXNlcl9UeXBlIjoidXNlciIsIl9zZXNzaW9uX2V4cGlyeSI6ODY0MDB9:1urvaM:L9s07cUHPZzoggbtK08KogN_giA4e-plajwf08t3Rfs','2025-08-30 09:39:54.684737'),('5ij6y2w3jt5wyf0567xgzwerjcud3tia','e30:1urqpH:j1_IZJSuvQHANmh4yCA0qoON9GIrKaAxei7aIxghuA8','2025-08-30 04:34:59.464321'),('5j2pz95gwda0uk7cml421nwpvhpn04zi','eyJVc2VyX0lkIjo2NiwiVXNlcl9UeXBlIjoidXNlciIsIl9zZXNzaW9uX2V4cGlyeSI6ODY0MDB9:1usE6R:tShT3MZY3T7vskwYQzthkSIG0BpniPxIIC6IWIskEdY','2025-08-31 05:26:15.254008'),('5jekydso4brc99mlw67b835o6roxtze6','eyJVc2VyX0lkIjoyMywiVXNlcl9UeXBlIjoidXNlciIsIl9zZXNzaW9uX2V4cGlyeSI6ODY0MDB9:1uwdR4:U7vX336UsEaAmwPLe1Tb4Q1PU8jsUBTa1G6syY6YNy4','2025-09-12 09:17:46.019812'),('5lmfrd0xaroegahmpq9xh8cotjwkuhz8','eyJVc2VyX0lkIjo1OCwiVXNlcl9UeXBlIjoidXNlciIsIl9zZXNzaW9uX2V4cGlyeSI6ODY0MDB9:1uy283:vd9Kek1N6bUmr52EnHBEblbbb7QHcHhgSMscw9-iO3w','2025-09-16 05:51:55.827728'),('5mqun5lrudvx565dikjihk8z44visizl','eyJVc2VyX0lkIjoxMjYsIlVzZXJfVHlwZSI6InVzZXIiLCJfc2Vzc2lvbl9leHBpcnkiOjg2NDAwfQ:1vJU3E:clls5n7bNTx9uICTK47Miue2qyhRxV97BWN4m2c74Ls','2025-11-14 09:55:36.730061'),('5nippz0s2s9hce8f7n58nhjsybvg7fd4','eyJVc2VyX0lkIjo2NiwiVXNlcl9UeXBlIjoidXNlciIsIl9zZXNzaW9uX2V4cGlyeSI6ODY0MDB9:1uvVHW:Q4DbHXvbsU4pFq5_zpWq8Pqu257asEFqVJjTEodkyo0','2025-09-09 06:23:14.518474'),('5ohd1p5ejgsndvmywl288ivc3hkxxgxd','eyJVc2VyX0lkIjoxMjYsIlVzZXJfVHlwZSI6InVzZXIiLCJfc2Vzc2lvbl9leHBpcnkiOjg2NDAwfQ:1vJRS6:Ylu-LRUS80QBI0TVLfvJwkGXKgothAXzWZoFUecVouU','2025-11-14 07:09:06.648945'),('5p82lg1z0ixdekq0bgzq36lz30epfglr','eyJVc2VyX0lkIjoxMjYsIlVzZXJfVHlwZSI6InVzZXIiLCJfc2Vzc2lvbl9leHBpcnkiOjg2NDAwfQ:1vJRmt:aQe1-yfgORU3WFlu5d6c_gLkmjvYKcU-ryDLzpTSIQM','2025-11-14 07:30:35.800079'),('5pkxyjgzh4bg2cvy2c2yr9wxuxi6d2kd','eyJVc2VyX0lkIjoxOTQsIlVzZXJfVHlwZSI6InVzZXIiLCJfc2Vzc2lvbl9leHBpcnkiOjg2NDAwfQ:1vROMS:QaXMLzOvnrRIzDDWt9TKtPf8TOqOpi5rFcyZjAzfFeg','2025-12-06 05:28:08.721680'),('5r50xv2du99ic36ab1fpqo72if3xx187','eyJVc2VyX0lkIjoxNjMsIlVzZXJfVHlwZSI6InVzZXIiLCJfc2Vzc2lvbl9leHBpcnkiOjg2NDAwfQ:1vOUXP:iPyq0wRzajyyILa4lR4uz_pe0j02UYh-P0QjEPl-Mss','2025-11-28 05:27:27.287284'),('5rea1xtdibb6bz49990qtnea5ywhx5h8','eyJVc2VyX0lkIjo2MiwiVXNlcl9UeXBlIjoidXNlciIsIl9zZXNzaW9uX2V4cGlyeSI6ODY0MDB9:1v9Jxl:uHOHD8oFmY8w-dvOyegeTsONBXNQIhJSvoAjpMt3Nqs','2025-10-17 09:07:57.732734'),('5sm7w7xi6rrd00zpct44kzhn2ur7iwpj','eyJVc2VyX0lkIjoxMzEsIlVzZXJfVHlwZSI6InVzZXIiLCJfc2Vzc2lvbl9leHBpcnkiOjg2NDAwfQ:1vIREh:SNo6SexgcJ8CqOkwn6riERqVMmjec8UPQM8Vc6MFu4A','2025-11-11 12:43:07.487959'),('5ue03lo52c0v69mt1uoknf9dtju7wt65','eyJVc2VyX0lkIjoxMzIsIlVzZXJfVHlwZSI6InVzZXIiLCJfc2Vzc2lvbl9leHBpcnkiOjg2NDAwfQ:1vGcnL:ZwRnu33UvHh57e9mmCB5dFyakfZj9vBDyeX7aOrxF2Q','2025-11-06 12:39:23.183069'),('5vk0hamnrydvj3z7drsc7y8bl37bmhrd','e30:1vXzXy:J49WtCSE7wh-3kaNhB9zihNw6bO-brZc2XhxLp9yzEk','2025-12-24 10:23:18.268983'),('5xruy50o4p8i8getv9qcl6um2aqztbi9','eyJVc2VyX0lkIjo1NCwiVXNlcl9UeXBlIjoidXNlciIsIl9zZXNzaW9uX2V4cGlyeSI6ODY0MDB9:1v8bJY:E1t3MVXXPJq1GVxqinKI8nsZ7kilPMtkZ-RZaJ_YZIw','2025-10-15 09:27:28.339117'),('604q8pbjba0w43jribah5a05787gwtqv','eyJVc2VyX0lkIjoxNjEsIlVzZXJfVHlwZSI6InVzZXIiLCJfc2Vzc2lvbl9leHBpcnkiOjg2NDAwfQ:1vM2sV:ljxjvAb7O_oR_6SwKvnNoU1nfpjOjqf9znEeLMhkwnI','2025-11-21 11:31:07.938880'),('60i4hvo2cqc0joo5ay2pbwm1h23bp0o3','eyJVc2VyX0lkIjoxMTYsIlVzZXJfVHlwZSI6InVzZXIiLCJfc2Vzc2lvbl9leHBpcnkiOjg2NDAwfQ:1vJQhK:MYNQCuq3_ropquWgTSuOibYTw_eoc51gYf1ANQZooeg','2025-11-14 06:20:46.424299'),('60mo18ifqnolfr565fk1u3iwlk74uchh','eyJVc2VyX0lkIjoxNCwiVXNlcl9UeXBlIjoidXNlciIsIl9zZXNzaW9uX2V4cGlyeSI6ODY0MDB9:1v90zd:jIxhCGAlbfKxsZQepdJxYBkjXz-bSsImi6BQ1bGMU3U','2025-10-16 12:52:37.757861'),('639hl9lxj4stdybfdepeip56vzpizufx','eyJVc2VyX0lkIjoxNjcsIlVzZXJfVHlwZSI6InVzZXIiLCJfc2Vzc2lvbl9leHBpcnkiOjg2NDAwfQ:1vLzxT:X0sNNUxXxvW0a5jpoozfDtQPy-qFrKNGpMDkj470mBQ','2025-11-21 08:24:03.847917'),('63ojk9ussz5mbhc3d9y7ebind4hmnvug','eyJVc2VyX0lkIjoxNTEsIlVzZXJfVHlwZSI6InVzZXIiLCJfc2Vzc2lvbl9leHBpcnkiOjg2NDAwfQ:1vLH4n:F-bP-xBBYDssFnITZyZ92epPc83BPtbGsLsLzaELPi8','2025-11-19 08:28:37.494114'),('64pu1qfnyzv8pw8s09gr8sy0lqx3i5jq','eyJVc2VyX0lkIjoxMzMsIlVzZXJfVHlwZSI6InVzZXIiLCJfc2Vzc2lvbl9leHBpcnkiOjg2NDAwfQ:1vIld3:kvKkYIW64L9VDXP_3J_zdPFeef0G7tGfdexrTX0djlE','2025-11-12 10:29:37.693429'),('65jbjihievt8pc2gipwaovmpnteczgag','eyJVc2VyX0lkIjoxMjQsIlVzZXJfVHlwZSI6InVzZXIiLCJfc2Vzc2lvbl9leHBpcnkiOjg2NDAwfQ:1vGWdG:xv1dbFIOmT4V_b1Do9aHiPZYxKLtmar5s0jMCmqqgmg','2025-11-06 06:04:34.390648'),('677jahky4inv4tazk931kbfcbf55hlfx','eyJVc2VyX0lkIjo2NSwiVXNlcl9UeXBlIjoidXNlciIsIl9zZXNzaW9uX2V4cGlyeSI6ODY0MDB9:1uwwZZ:wkum2PG1nF8eOrjCXAWOBrxWrcVGmH-yUHSJgz_kuPU','2025-09-13 05:43:49.591412'),('68sztq6tcv7ygt1dbkvhg0bopal00zfx','eyJVc2VyX0lkIjoxNjMsIlVzZXJfVHlwZSI6InVzZXIiLCJfc2Vzc2lvbl9leHBpcnkiOjg2NDAwfQ:1vQMGD:Ylo6QSjKFsoWOiQdwiYg34Ye36doy2JPV91px40iw3c','2025-12-03 09:01:25.081288'),('68zay0lg67k67wlhr1tgdjxy4ds63mu1','eyJVc2VyX0lkIjoxNjYsIlVzZXJfVHlwZSI6InVzZXIiLCJfc2Vzc2lvbl9leHBpcnkiOjg2NDAwfQ:1vNqJc:2lWdLwdXGBvhNYVkwoccyb8DXAJByZ1WG1DQKT0nqTs','2025-11-26 10:30:32.748442'),('6al34z8k387yc39f4ovs7g5bisnalstc','eyJVc2VyX0lkIjoyMDYsIlVzZXJfVHlwZSI6InVzZXIiLCJfc2Vzc2lvbl9leHBpcnkiOjg2NDAwfQ:1vYKqb:_zdMAngZXuzsNDfoGCuR9PoVoHn5IfXfb32rLb9EzT0','2025-12-25 09:07:57.656788'),('6amnn35nqw1kqeganr8qb1oauybycimb','eyJVc2VyX0lkIjo2MiwiVXNlcl9UeXBlIjoidXNlciIsIl9zZXNzaW9uX2V4cGlyeSI6ODY0MDB9:1v3tHF:z20wKk8eGv5yqT_iC6a-QEIJ39oN3BN9syTofq0JnOw','2025-10-02 09:37:37.468674'),('6b69jhqfk5aaimzhffdsc7656696oi34','eyJVc2VyX0lkIjoxMjMsIlVzZXJfVHlwZSI6InVzZXIiLCJfc2Vzc2lvbl9leHBpcnkiOjg2NDAwfQ:1vGG0X:hHg0VXS9eeiUHq_rJ2BAZVkQXy-PdfC0J-jClS9wGGg','2025-11-05 12:19:29.303142'),('6c5unqps2bem411ydxoebpu1ktq7gmje','eyJVc2VyX0lkIjo2NSwiVXNlcl9UeXBlIjoidXNlciIsIl9zZXNzaW9uX2V4cGlyeSI6ODY0MDB9:1v66vA:by6YgCvIoxv8putanoiZ66hrsT26IZzQuXWST4gOQyY','2025-10-08 12:36:00.579390'),('6c7rmw7pzvznbjccpw4t1zxrveb327v6','eyJVc2VyX0lkIjoxNTgsIlVzZXJfVHlwZSI6InVzZXIiLCJfc2Vzc2lvbl9leHBpcnkiOjg2NDAwfQ:1vLIo3:QjlR5qVtdH-B77Gvb0hoz-Wxt3I7PfHfc0HlCwDA5GU','2025-11-19 10:19:27.697813'),('6cc4jvfzbyxqbm2dexizi36wh1fi6msd','e30:1urqcx:FxkKymDqiUPDuQWz-a1aF0V8EjX7dI0MDa9HG-izkRw','2025-08-30 04:22:15.886975'),('6cv4fz5fhz8opifg34vg8rljnylt3kho','eyJVc2VyX0lkIjoxNjMsIlVzZXJfVHlwZSI6InVzZXIiLCJfc2Vzc2lvbl9leHBpcnkiOjg2NDAwfQ:1vOye3:ghoGJy-GsX37ffcWk_xD_R0u4XC1IdiwsLSfWttbloo','2025-11-29 13:36:19.930417'),('6dpb8lrma1oi35vn2a25gm134crtqyck','eyJVc2VyX0lkIjo2NiwiVXNlcl9UeXBlIjoidXNlciIsIl9zZXNzaW9uX2V4cGlyeSI6ODY0MDB9:1v925V:nRDOi31ZqzI_X7AIY7Zu2NxTDEc63EJYt93u75lQrw8','2025-10-16 14:02:45.165331'),('6g6218vk623wr41zhtxit8jfjyzwpa2a','eyJVc2VyX0lkIjoxOTMsIlVzZXJfVHlwZSI6InVzZXIiLCJfc2Vzc2lvbl9leHBpcnkiOjg2NDAwfQ:1vRQ0W:w1-6GZdFk_CZIcKOfbVGxN9lrMx-6y0b0v_VKd-lYV8','2025-12-06 07:13:36.448159'),('6hp97fuwuxnrexbhbhc8crppsdfbwoxl','eyJVc2VyX0lkIjoxMDgsIlVzZXJfVHlwZSI6InVzZXIiLCJfc2Vzc2lvbl9leHBpcnkiOjg2NDAwfQ:1vFoX2:qmvi3eIrT-_Kp2a75kXWd5eaLgoF0cXvHe_3v6UyKMw','2025-11-04 06:59:12.441221'),('6hs0l5aara4yjipi47do5zu1sqgiaanv','eyJVc2VyX0lkIjoyNCwiVXNlcl9UeXBlIjoidXNlciIsIl9zZXNzaW9uX2V4cGlyeSI6ODY0MDB9:1v6nos:apDLB8VgPms6Ka8qwnIY0Ok-DOsy4ZYFfd-1PyR3lEU','2025-10-10 10:24:22.715389'),('6i13emtr4xr7dd5de8r8rb3ef48eo84z','eyJVc2VyX0lkIjoxMjYsIlVzZXJfVHlwZSI6InVzZXIiLCJfc2Vzc2lvbl9leHBpcnkiOjg2NDAwfQ:1vJTs6:C3dsK_gFEZO88_oaXuhXHgQDmzCts2vxZjmk0Etkh8Q','2025-11-14 09:44:06.762090'),('6igazvl7o4ql87rm4kuf56fh6nxy02rf','eyJVc2VyX0lkIjoxMzIsIlVzZXJfVHlwZSI6InVzZXIiLCJfc2Vzc2lvbl9leHBpcnkiOjg2NDAwfQ:1vJWUv:DZ_17TkLTFXeC8gBQS0Le1jyv_5swkSnWwmplyzVZ9k','2025-11-14 12:32:21.392140'),('6iparlf48nzehldps798fcsy1r8edd64','eyJVc2VyX0lkIjo2NiwiVXNlcl9UeXBlIjoidXNlciIsIl9zZXNzaW9uX2V4cGlyeSI6ODY0MDB9:1v7C7w:2j9c7xhiq7Kxj0GBO1qNn_HFQaYAzsQH4QaJGXsmYJI','2025-10-11 12:21:40.142058'),('6j3jxs1cinbsxsax5t93w4v2h882lyvf','eyJVc2VyX0lkIjoxOTcsIlVzZXJfVHlwZSI6InVzZXIiLCJfc2Vzc2lvbl9leHBpcnkiOjg2NDAwfQ:1vSb75:qqTZCu0-DtmqEHnWpMzOIxvnkN1iS-q6SyL4eVU_ltM','2025-12-09 13:17:15.497603'),('6k90mdujh6ebpi4ofpt7ywt3fl6v8tnb','eyJVc2VyX0lkIjoxMzEsIlVzZXJfVHlwZSI6InVzZXIiLCJfc2Vzc2lvbl9leHBpcnkiOjg2NDAwfQ:1vIM3a:WWIRDSvZl8duay4c0BiVqDemByM645EzBqpKwX0Kqhg','2025-11-11 07:11:18.838678'),('6ksl7yjrkfmlp6zktmh19t2l4r2t991y','eyJVc2VyX0lkIjoxNSwiVXNlcl9UeXBlIjoidXNlciIsIl9zZXNzaW9uX2V4cGlyeSI6ODY0MDB9:1v11Nb:v52GvkBItJzSLlaGd44GdLlCUdYJpWxK2ekkRJBm5KU','2025-09-24 11:40:19.253592'),('6lz9gp0x0ajihh0pxko174dbg76vqt0z','eyJVc2VyX0lkIjoxMzMsIlVzZXJfVHlwZSI6InVzZXIiLCJfc2Vzc2lvbl9leHBpcnkiOjg2NDAwfQ:1vGb94:chJCujEJyMftyKv7IGX1Lt_yI5izvHzgNTgqGhN7UTE','2025-11-06 10:53:42.158413'),('6o6k6lwq5l0ycq5v46agwyaszrk67cuf','eyJVc2VyX0lkIjo5MiwiVXNlcl9UeXBlIjoidXNlciIsIl9zZXNzaW9uX2V4cGlyeSI6ODY0MDB9:1urvPn:ii-Otp6cdDyeWnXQS56Gp_bFcwEmsaimCajFIqvMMyw','2025-08-30 09:28:59.770029'),('6olxxkjs7eaktczx6ng5voht9xjq31zu','eyJVc2VyX0lkIjoxNjcsIlVzZXJfVHlwZSI6InVzZXIiLCJfc2Vzc2lvbl9leHBpcnkiOjg2NDAwfQ:1vLxtc:rQ2v3HaeIo__bi4i6moLIFvS3RijOTX_4et8mcVOlUA','2025-11-21 06:11:56.367071'),('6pp067lfiey6wc0ajsicvlc0n92akm2x','eyJVc2VyX0lkIjoxNjksIlVzZXJfVHlwZSI6InVzZXIiLCJfc2Vzc2lvbl9leHBpcnkiOjg2NDAwfQ:1vOV5O:8AfSiFhkWrQI61DGfZk7o4LJnc0GOC2g31SkgB4iV_s','2025-11-28 06:02:34.043605'),('6rzj7jynz7ly898hsb8jh6we2ov7f3eu','eyJVc2VyX0lkIjoxMjYsIlVzZXJfVHlwZSI6InVzZXIiLCJfc2Vzc2lvbl9leHBpcnkiOjg2NDAwfQ:1vJUFP:7E3U8TVXv3HWjtQfbxh_Gxha3HfEXHSDCPPh4IjmroA','2025-11-14 10:08:11.670179'),('6sqe2gjg7p073y3a1jcm5h75kc1mscuc','eyJVc2VyX0lkIjo2MSwiVXNlcl9UeXBlIjoidXNlciIsIl9zZXNzaW9uX2V4cGlyeSI6ODY0MDB9:1uySow:Qt7_w8HmALNduo4rNDp3Cpl4qVjGtzOnH_RHnM3qYag','2025-09-17 10:21:58.598074'),('6t1nbhj8yih4ve7u8uir67pr1zm9j4q4','eyJVc2VyX0lkIjoxMDksIlVzZXJfVHlwZSI6InVzZXIiLCJfc2Vzc2lvbl9leHBpcnkiOjg2NDAwfQ:1vCErl:jkjIzzapjmNL3Ul7WiGD2CLycZGtULntp6t3BNKZY0w','2025-10-25 10:17:49.643580'),('6vrk3ogkpayuixvshx8jo2q2li9gn5ch','e30:1urqi6:cS5hx7UkK4I5ygFRq8ExJKXjWZOMIzCpFp6X22tJWJs','2025-08-30 04:27:34.312837'),('6vudhxaxm7lqcnqwe4aropwjzbjy464c','eyJVc2VyX0lkIjo2NSwiVXNlcl9UeXBlIjoidXNlciIsIl9zZXNzaW9uX2V4cGlyeSI6ODY0MDB9:1vCFdx:7J1olX0IxH1NJyTcVVpNRPY3jxXbvgf695VwuTeU-GA','2025-10-25 11:07:37.698027'),('6xfpmw7rlx15vptx9cynkcf5ynoqeb3x','eyJVc2VyX0lkIjoxMDksIlVzZXJfVHlwZSI6InVzZXIiLCJfc2Vzc2lvbl9leHBpcnkiOjg2NDAwfQ:1vDizO:ryxcsoyQ3WxR7ZsXMKzNdaNdaaEIWy7rq3CcO6vPgvU','2025-10-29 12:39:50.419757'),('70ha6qbcevq0h8je7ygok26jb5sf233x','e30:1vW5x8:dn3wPIeiiwUL8x7gVKdeb7-8kvIQIZJkHzkMssYQDwk','2025-12-19 04:49:26.061404'),('73b6jyk87v7605trxpwcg8az1ivkomhm','eyJVc2VyX0lkIjoxMzMsIlVzZXJfVHlwZSI6InVzZXIiLCJfc2Vzc2lvbl9leHBpcnkiOjg2NDAwfQ:1vInBs:d6pCQPG87uFwT9aNZT10_c-5M9pplxeCBOjf8-34jCU','2025-11-12 12:09:40.235157'),('73gwipgybabhh6zs1hbx4caxn32a4w5d','eyJVc2VyX0lkIjoxMTMsIlVzZXJfVHlwZSI6InVzZXIiLCJfc2Vzc2lvbl9leHBpcnkiOjg2NDAwfQ:1vCZj1:A3O5phUSOLp1NPbafO3OUOl3pS4QGaQaK20oK9wODJE','2025-10-26 08:34:11.182783'),('73mi6zt6ob7ae3q7f8g1mkgaunsrum5n','eyJVc2VyX0lkIjoxMzEsIlVzZXJfVHlwZSI6InVzZXIiLCJfc2Vzc2lvbl9leHBpcnkiOjg2NDAwfQ:1vHK74:InoKG3m3pWnohRxv2X-QTs2u8K9vjknsn0s56xQ99K4','2025-11-08 10:54:38.746498'),('73omznbx6vopgetpli7umvtd53bi8mra','eyJVc2VyX0lkIjoxMTcsIlVzZXJfVHlwZSI6InVzZXIiLCJfc2Vzc2lvbl9leHBpcnkiOjg2NDAwfQ:1vCY2k:fN3AhEiQLJeAgc32NrGcEKBmTXE0q_rqMB7naDvxrEo','2025-10-26 06:46:26.908447'),('74kxofxgjtwjuvk42b6d2fih3gsntfep','eyJVc2VyX0lkIjoxMDgsIlVzZXJfVHlwZSI6InVzZXIiLCJfc2Vzc2lvbl9leHBpcnkiOjg2NDAwfQ:1vGDQy:eVciTTFblazra4q2-x4c6AUoHOuaBKlmDIr4yHzmZBQ','2025-11-05 09:34:36.064381'),('74l7hqa3ck51qzo2dqig48j3v1kbfrkq','e30:1vY0ea:ZvJHMD0uewDMpWOy-nnn7Mi2wf2vOfkc5dufYJP-vdQ','2025-12-24 11:34:12.054624'),('74we128n87f9gx2hpbx12p78a8k25qq7','eyJVc2VyX0lkIjoxNSwiVXNlcl9UeXBlIjoidXNlciIsIl9zZXNzaW9uX2V4cGlyeSI6ODY0MDB9:1v5zVM:bPs1JGhDBV_j6QNobi4K8T1yD31qorf9awB1YDMEFo0','2025-10-08 04:40:52.615165'),('75gdcz6lznsw7w28h89ae5i1alli98cc','eyJVc2VyX0lkIjoxMjcsIlVzZXJfVHlwZSI6InVzZXIiLCJfc2Vzc2lvbl9leHBpcnkiOjg2NDAwfQ:1vHJnx:LVAV6CEK2mcZRuT1WHRBoZ1JTjkN6m3K_nLQb1BxKBA','2025-11-08 10:34:53.613638'),('76q916vnen9823y0ovfj4ko8jrona5be','eyJVc2VyX0lkIjo5NiwiVXNlcl9UeXBlIjoidXNlciIsIl9zZXNzaW9uX2V4cGlyeSI6ODY0MDB9:1vBuS8:7jlQBcBhnhwLBrm7WjpkjCCS1_RkDgGc1d8jwhD3ADU','2025-10-24 12:30:00.104904'),('76stg221lt8d4kftfp08nuji5nrqv8zk','eyJVc2VyX0lkIjoxMTcsIlVzZXJfVHlwZSI6InVzZXIiLCJfc2Vzc2lvbl9leHBpcnkiOjg2NDAwfQ:1vBBaZ:sbeShZ1dkLx8Hxg6CmSBTkKR0ydt7X6TUAYdCfc2N1s','2025-10-22 12:35:43.455366'),('77mliwfsub9zz5h6nqe303palls4frig','eyJVc2VyX0lkIjoxMjQsIlVzZXJfVHlwZSI6InVzZXIiLCJfc2Vzc2lvbl9leHBpcnkiOjg2NDAwfQ:1vEnZo:ibuffBD5j43nVXCjKPZH_EeaOmpnSZ8MYxTOjXI1aAc','2025-11-01 11:45:52.517344'),('77sisdzbk3o9hozihq6zy2wsigxjqkbh','e30:1urqiy:i-jx0EBACLHKxdU4MB6hF22WZT2X8nFgQGV-J6XuJvg','2025-08-30 04:28:28.439548'),('78su11wb49ykdk7m8n6i5z1bowze1gre','e30:1vXzXy:J49WtCSE7wh-3kaNhB9zihNw6bO-brZc2XhxLp9yzEk','2025-12-24 10:23:18.198452'),('7ac00pwfnw90c6xaz4sk3sgi7uhtodsc','eyJVc2VyX0lkIjoxNjcsIlVzZXJfVHlwZSI6InVzZXIiLCJfc2Vzc2lvbl9leHBpcnkiOjg2NDAwfQ:1vNqaQ:eFsqWKeMGrlOyg-Pq3JoiBDHvfBYW_PxHkzgmdpmsrs','2025-11-26 10:47:54.147869'),('7am9wja0e3j89pvpkhqqoyfmwlri36y1','eyJVc2VyX0lkIjoxMjYsIlVzZXJfVHlwZSI6InVzZXIiLCJfc2Vzc2lvbl9leHBpcnkiOjg2NDAwfQ:1vIhr0:b_DrhIzPbiGchpLF_8BIiB5Oqjx6FDMreYaYtVcGIxw','2025-11-12 06:27:46.933031'),('7b2mg2my2ovwr4plgaxt6d1fgnkfwdb8','eyJVc2VyX0lkIjoxMDgsIlVzZXJfVHlwZSI6InVzZXIiLCJfc2Vzc2lvbl9leHBpcnkiOjg2NDAwfQ:1vJ4Cs:w9Q98jI8lIXZtuautY8287zPRrEZGCFK-wedsxwF-r4','2025-11-13 06:19:50.224451'),('7cogs5ludnbvqkadyhkdcqtb68eqac0v','e30:1vXzrT:jgPAxD-Zx-2MoVmSjka1iehksKzjiSAPwiksj26fytY','2025-12-24 10:43:27.165157'),('7dziebnn6cv1mka8r5ugu8dc357f5cnw','eyJVc2VyX0lkIjoxMDgsIlVzZXJfVHlwZSI6InVzZXIiLCJfc2Vzc2lvbl9leHBpcnkiOjg2NDAwfQ:1vFsiC:dMy7iwiUC-3icGhVe05KGbTGclZf-5p1yaRdXwtQJMg','2025-11-04 11:27:00.968963'),('7egg51soror1icftz96opopavg97zna6','eyJVc2VyX0lkIjoxNDksIlVzZXJfVHlwZSI6InVzZXIiLCJfc2Vzc2lvbl9leHBpcnkiOjg2NDAwfQ:1vKFNN:b2KqqxUaf3VmvBYZiQGw8mIR1LQHolDBlqzLocjqApw','2025-11-16 12:27:33.839134'),('7gpqd0gdowqzppzczi5znv7pwtpa8kgz','eyJVc2VyX0lkIjoyMywiVXNlcl9UeXBlIjoidXNlciIsIl9zZXNzaW9uX2V4cGlyeSI6ODY0MDB9:1uzsKq:zaScPxid40XZFp8kH-JXpr20hQ0eSYdgHM9yXcMj1oY','2025-09-21 07:48:44.100855'),('7isxujzaq32gyg6tg4v6u044pd2udb4f','eyJVc2VyX0lkIjo5OCwiVXNlcl9UeXBlIjoidXNlciIsIl9zZXNzaW9uX2V4cGlyeSI6ODY0MDB9:1v638w:3yRlA_TVZT8d9uz2dxByFT03zVK-FubPwgi20BZNTjw','2025-10-08 08:33:58.564742'),('7jdojbctg6k3dgvtm2iefmhkqhtikson','eyJVc2VyX0lkIjo1MywiVXNlcl9UeXBlIjoidXNlciIsIl9zZXNzaW9uX2V4cGlyeSI6ODY0MDB9:1v67wf:WphAMT0Mg9gZuWqJD0Ju4JtdobdcU6Y1i3SWghw_e1Y','2025-10-08 13:41:37.111973'),('7ksmtaogyj7jf9l6l4fxo6kihnq9ilc2','eyJVc2VyX0lkIjoxMTQsIlVzZXJfVHlwZSI6InVzZXIiLCJfc2Vzc2lvbl9leHBpcnkiOjg2NDAwfQ:1vB97F:WiLQtETuxFOXNjA2Yzqs1uM6-gipOVVJ7GwQAniwYbE','2025-10-22 09:57:17.277155'),('7mnfptsdzjgjnlzlragy39o06gw25tm0','eyJVc2VyX0lkIjoxNjMsIlVzZXJfVHlwZSI6InVzZXIiLCJfc2Vzc2lvbl9leHBpcnkiOjg2NDAwfQ:1vOBnR:Qg0IJDgJ-A-rnuh3DL67jal3xIcfU3GHjYbhZc76ICU','2025-11-27 09:26:45.979683'),('7ph0p5uctssxkwdt9vbpgftsk6dhg7kk','eyJVc2VyX0lkIjo2NiwiVXNlcl9UeXBlIjoidXNlciIsIl9zZXNzaW9uX2V4cGlyeSI6ODY0MDB9:1uvqoG:xltLwJALTOVVQEFO-fjdELx8y30wo9aZWoExt_zd858','2025-09-10 05:22:28.427291'),('7rcsmj1ox110yiwwn77dsc5qfx673w2w','eyJVc2VyX0lkIjoxNSwiVXNlcl9UeXBlIjoidXNlciIsIl9zZXNzaW9uX2V4cGlyeSI6ODY0MDB9:1v0w9o:ZHep1yXIFbnFuOrW5lHW0XsKS56H-8eh0ebRTJMUBZo','2025-09-24 06:05:44.983153'),('7vvcij4ebxzxpa9o9fimzgmdz48anuzi','eyJVc2VyX0lkIjoxNSwiVXNlcl9UeXBlIjoidXNlciIsIl9zZXNzaW9uX2V4cGlyeSI6ODY0MDB9:1v6Mom:zTv9mN60wlE5kbmMv4JK-f-a8pYbC4PYBgLn9364wT4','2025-10-09 05:34:28.847689'),('7x7pbrp3vtcn44vci0hrh5w1r2gt74z0','eyJVc2VyX0lkIjoxNCwiVXNlcl9UeXBlIjoidXNlciIsIl9zZXNzaW9uX2V4cGlyeSI6ODY0MDB9:1uzx23:x6DlTvwe2C04Kk_V1HYcwiKeYVp-qa1NAmJFmfExDBo','2025-09-21 12:49:39.537670'),('7xeg7sv1yxsn3ieby95acxgclnrew7al','eyJVc2VyX0lkIjo0NCwiVXNlcl9UeXBlIjoidXNlciIsIl9zZXNzaW9uX2V4cGlyeSI6ODY0MDB9:1v0wP9:fIEyq7MEUPeiZljr6gOQ9aIwrJZY5Y02ol7mtOZADCE','2025-09-24 06:21:35.157167'),('7xx15y9s60eew1tcmlxbju4mpazgdpup','eyJVc2VyX0lkIjoxMzEsIlVzZXJfVHlwZSI6InVzZXIiLCJfc2Vzc2lvbl9leHBpcnkiOjg2NDAwfQ:1vGEXF:vSv6_bRb0tLMLufOcy6BwdWWJ62V5lv0NSHbQP-SoG8','2025-11-05 10:45:09.924011'),('7y102lrc4prr6uc9bve685m8mc19h79j','eyJVc2VyX0lkIjoxMjQsIlVzZXJfVHlwZSI6InVzZXIiLCJfc2Vzc2lvbl9leHBpcnkiOjg2NDAwfQ:1vJ3JJ:PBfd3UZLpEyf4IGtI7QBfOGdnXCCqf38URc2yZfbq6o','2025-11-13 05:22:25.391785'),('7ykuf85h2opr6d6pqggi5s3vbj2b1rjp','eyJVc2VyX0lkIjoxNjAsIlVzZXJfVHlwZSI6InVzZXIiLCJfc2Vzc2lvbl9leHBpcnkiOjg2NDAwfQ:1vQ3wh:SRaP7mmwYoPNS5z-aL3ytWDtgJUB6BYk06OsKCPOhH8','2025-12-02 13:28:03.803144'),('7zdv8k5rj8dxirs8rf5bn8gvzhgiqajj','eyJVc2VyX0lkIjo2MiwiVXNlcl9UeXBlIjoidXNlciIsIl9zZXNzaW9uX2V4cGlyeSI6ODY0MDB9:1v6icj:fGvVMDrYqASdMENw_dfviLCyrp-fUNW6RxtbirbyDXA','2025-10-10 04:51:29.011539'),('80hf0h1jng7nexm66sptdxeykkxgbiu7','eyJVc2VyX0lkIjoxMTYsIlVzZXJfVHlwZSI6InVzZXIiLCJfc2Vzc2lvbl9leHBpcnkiOjg2NDAwfQ:1vCWw1:tHJp5FFfz6ULp8zOR6nAtySLKghT1gvKFpZDJQvhGvI','2025-10-26 05:35:25.308547'),('81cpvi33ld55rhoahgt66s6w8d1mwlmx','eyJVc2VyX0lkIjo1NiwiVXNlcl9UeXBlIjoidXNlciIsIl9zZXNzaW9uX2V4cGlyeSI6ODY0MDB9:1urs0r:UzNlynb_iHPp8UroPvCzI6FnrWNZ6Q2vcpXTsYMmu9o','2025-08-30 05:51:01.978014'),('82zwunvfxg6rtwb9ozdigarz5n9q3gvf','eyJVc2VyX0lkIjo2NiwiVXNlcl9UeXBlIjoidXNlciIsIl9zZXNzaW9uX2V4cGlyeSI6ODY0MDB9:1utl06:jgM9DGf48Yjm2IKftqHgk1lMUw0vjiYCu_a54TiQIgQ','2025-09-04 10:46:02.166387'),('84pl526id1dtpav95nnd3sw7dzsf2cyp','eyJVc2VyX0lkIjo1MywiVXNlcl9UeXBlIjoidXNlciIsIl9zZXNzaW9uX2V4cGlyeSI6ODY0MDB9:1vFn4Q:-kw-v14oduRVzUEB665DAEE0htISFDdq0CXxqAZViH8','2025-11-04 05:25:34.186148'),('85c7je6syyhb4b5ubaix94p5nqdyzeii','eyJVc2VyX0lkIjoxMzEsIlVzZXJfVHlwZSI6InVzZXIiLCJfc2Vzc2lvbl9leHBpcnkiOjg2NDAwfQ:1vJQyd:ObWp5-dk6JDYfDXZ3kJRyn0lieJqdN11sv3KCLjGShA','2025-11-14 06:38:39.914882'),('85m84la9bxphdx5fbddu1ptzy1x726zg','eyJVc2VyX0lkIjo2NiwiVXNlcl9UeXBlIjoidXNlciIsIl9zZXNzaW9uX2V4cGlyeSI6ODY0MDB9:1vG9fp:Zur-SyLfAQL9UnuymwIzqma4TUAvagEWLthryipCrjs','2025-11-05 05:33:41.342166'),('85mhmozmd8degesjak3kih0h5o2b4sl4','eyJVc2VyX0lkIjoxNTksIlVzZXJfVHlwZSI6InVzZXIiLCJfc2Vzc2lvbl9leHBpcnkiOjg2NDAwfQ:1vLJ8g:mrijauKEL9db8Plko4bWO6IVran_r4jVC_6j3AHWzLE','2025-11-19 10:40:46.707228'),('85oqt1jy36pdvnzpupj94t6c9ehr9jc3','e30:1vQl6I:Sv0OP792401b8AFuqh-bBFJGftwLLxE_CbUWYu6-4cA','2025-12-04 11:32:50.097048'),('87jditu7l71ns5s3s8sal636odemdx13','eyJVc2VyX0lkIjoxMjYsIlVzZXJfVHlwZSI6InVzZXIiLCJfc2Vzc2lvbl9leHBpcnkiOjg2NDAwfQ:1vGGcx:dirJgWqVHNiXiQMxZRcNmqbusiPHGmP9nE1WTc_J1FU','2025-11-05 12:59:11.543824'),('88724lryj879dg4w9arzz6u4yng21goq','eyJVc2VyX0lkIjo1MywiVXNlcl9UeXBlIjoidXNlciIsIl9zZXNzaW9uX2V4cGlyeSI6ODY0MDB9:1uvrHF:J4CCuCo3g-Hxd52LMBUPTzcisz1KRE9YSvQtQ6J959c','2025-09-10 05:52:25.385692'),('8892bu8iexc0j64tfnxiyjahjx0e7wrf','eyJVc2VyX0lkIjo2MCwiVXNlcl9UeXBlIjoidXNlciIsIl9zZXNzaW9uX2V4cGlyeSI6ODY0MDB9:1uyPS4:wsOWM63L3z-_wi4SQ72k_mJui7OUQKrLHDxujJOFWYY','2025-09-17 06:46:08.928328'),('89tel772937edi8ajh7xhelbm2zr8ofw','eyJVc2VyX0lkIjo2NiwiVXNlcl9UeXBlIjoidXNlciIsIl9zZXNzaW9uX2V4cGlyeSI6ODY0MDB9:1v8bXC:41L35UNB1BIxiU1SbZm3ek0L1Rp4Q90qHLSMz20BRkU','2025-10-15 09:41:34.164041'),('89vc2dul3jcia7x44jtk7wdf71p7oz60','eyJVc2VyX0lkIjoxNCwiVXNlcl9UeXBlIjoidXNlciIsIl9zZXNzaW9uX2V4cGlyeSI6ODY0MDB9:1usGn4:Onj1Z5mItxIzm3xYOYO2YZ1efPsI5PgEdc_lZ1khooY','2025-08-31 08:18:26.274058'),('8a2jtkfvik7qawsdqkjr4a54wkjqqyvh','eyJVc2VyX0lkIjoxNjUsIlVzZXJfVHlwZSI6InVzZXIiLCJfc2Vzc2lvbl9leHBpcnkiOjg2NDAwfQ:1vM3XT:x1ZYokeQ1_Q4MwbvU_yvCkUkkRKqXeeyll2EBCWDfFA','2025-11-21 12:13:27.907892'),('8aibhtghtkws89eo9i1fvoy6g1lkez4t','eyJVc2VyX0lkIjoxNjcsIlVzZXJfVHlwZSI6InVzZXIiLCJfc2Vzc2lvbl9leHBpcnkiOjg2NDAwfQ:1vOySq:EK81v4e_eG0IYD62plHUOvB0dPdlu0N_83gHMzLkQCQ','2025-11-29 13:24:44.126854'),('8bjs6s8hdhkc5u1ss9ckdi0ycx9liqmk','eyJVc2VyX0lkIjoxMTIsIlVzZXJfVHlwZSI6InVzZXIiLCJfc2Vzc2lvbl9leHBpcnkiOjg2NDAwfQ:1vB8G3:etU9MYyPge255khKI6Nw6CDlNc9bcemRA4kCh6SPrLg','2025-10-22 09:02:19.733942'),('8bu9ixj83bfelq4fcl1ncuo8bkihjp3j','e30:1vXzrT:jgPAxD-Zx-2MoVmSjka1iehksKzjiSAPwiksj26fytY','2025-12-24 10:43:27.516951'),('8cdpi4vxq9mmuo8u18qt6gv78fkciicu','eyJVc2VyX0lkIjoxMzMsIlVzZXJfVHlwZSI6InVzZXIiLCJfc2Vzc2lvbl9leHBpcnkiOjg2NDAwfQ:1vImKR:5ltUKKpfRBYjaiZ_L-NeZPW072VkOKhq5WE5okUcOhw','2025-11-12 11:14:27.541848'),('8ckxyen3ud7lms7q3e0zl66ceewvxg98','eyJVc2VyX0lkIjoxNCwiVXNlcl9UeXBlIjoidXNlciIsIl9zZXNzaW9uX2V4cGlyeSI6ODY0MDB9:1v0EEo:UMnloU3GtVscl_r8DWA6ayZ6OPOaEU4TNW7tFhwfRJA','2025-09-22 07:11:58.776884'),('8en4n5tck0lf6dxx6mysamb0sciu1nf6','eyJVc2VyX0lkIjoxMjAsIlVzZXJfVHlwZSI6InVzZXIiLCJfc2Vzc2lvbl9leHBpcnkiOjg2NDAwfQ:1vIjDv:4sw_S0teg4jLyO4iSOoK97GSVQWy5_wjy2ZaEw0LvGg','2025-11-12 07:55:31.314318'),('8gd0bprpcbfzuyv1insq3fjv6fffumqn','eyJVc2VyX0lkIjoxMzMsIlVzZXJfVHlwZSI6InVzZXIiLCJfc2Vzc2lvbl9leHBpcnkiOjg2NDAwfQ:1vIPAW:ptcoiAM30c4ZkKKc7w6gsZ61fc9Ur-7RZcK5kFwI-ng','2025-11-11 10:30:40.668511'),('8hllpim0wve4kzbfadjq6gw4xh30bfw3','eyJVc2VyX0lkIjo2NSwiVXNlcl9UeXBlIjoidXNlciIsIl9zZXNzaW9uX2V4cGlyeSI6ODY0MDB9:1uvUjj:aQxes-tWTYhC0Yoq5CH00qyuFBsJvWijxX-rc6Qi_Xw','2025-09-09 05:48:19.270234'),('8iksl84naqy5jjmd39ot3e2tgfbxhea8','eyJVc2VyX0lkIjoyNCwiVXNlcl9UeXBlIjoidXNlciIsIl9zZXNzaW9uX2V4cGlyeSI6ODY0MDB9:1v8YkS:E2s2otNcp0UJzPcwbwN5bt4pk0JJxxIiqkZEjXRMIgo','2025-10-15 06:43:04.132200'),('8imx9bf2o5s2bqkpgrsx5pkul3qtoz4w','eyJVc2VyX0lkIjoxOTAsIlVzZXJfVHlwZSI6InVzZXIiLCJfc2Vzc2lvbl9leHBpcnkiOjg2NDAwfQ:1vOwQ6:a9WjpFOjjtCZixbfxIHsss_eW8PP04_YWncPYgiqhPQ','2025-11-29 11:13:46.525009'),('8j9zf8ah0hatzmcj1os735rmp5hmbi1x','eyJVc2VyX0lkIjoyMywiVXNlcl9UeXBlIjoidXNlciIsIl9zZXNzaW9uX2V4cGlyeSI6ODY0MDB9:1urwng:hosX5aJdVULw8oGiQbJPWbiuNMFZZgbfV9eI-bekJN0','2025-08-30 10:57:44.094693'),('8jjtd2aq5aut8qbwbf1x1ipa85z2tbbh','eyJVc2VyX0lkIjo1MywiVXNlcl9UeXBlIjoidXNlciIsIl9zZXNzaW9uX2V4cGlyeSI6ODY0MDB9:1uu2WT:cx50GZE_iu5EbfRs6RNTfiZ9_fvOsU1ugz8tLnJzSRU','2025-09-05 05:28:37.464085'),('8kfcpl3dm3q0my0ce5ztuzb04ls5k526','eyJVc2VyX0lkIjoxOTksIlVzZXJfVHlwZSI6InVzZXIiLCJfc2Vzc2lvbl9leHBpcnkiOjg2NDAwfQ:1vSXiG:6D9_egzTWBPMSTbSCh_QZntw1_08oYmKfSAB_0P-lqQ','2025-12-09 09:39:24.338088'),('8kq9440rkwzhgyoxcmu437rk6jk85q61','e30:1urqcO:5zA7x_Lxw1JB5p9QfM5S9ZSfTWO5OFO5HhCugWZJVpw','2025-08-30 04:21:40.308014'),('8n4w4xalhypd7qf01q0dbkzmz3hm851g','eyJVc2VyX0lkIjoyNCwiVXNlcl9UeXBlIjoidXNlciIsIl9zZXNzaW9uX2V4cGlyeSI6ODY0MDB9:1v0EXh:H49msbKc5W9vtZ4CwjcYbTM2RRGl9lA-6dCjVV4LVso','2025-09-22 07:31:29.965330'),('8oc8i360oma7cleexg1uove00o7bfgdd','eyJVc2VyX0lkIjoxMTYsIlVzZXJfVHlwZSI6InVzZXIiLCJfc2Vzc2lvbl9leHBpcnkiOjg2NDAwfQ:1vDh68:OWERrQvD06Uroi_GTd2Vb-sf8grOrpKE-bLp9R8eY1M','2025-10-29 10:38:40.191214'),('8ocl7hace6au7f49kezx2t30b4sbkafr','eyJVc2VyX0lkIjo2NSwiVXNlcl9UeXBlIjoidXNlciIsIl9zZXNzaW9uX2V4cGlyeSI6ODY0MDB9:1uzvRA:WZUOprfjSUonTNyOvbRxPigaaDW1ZbxI5MLC9EzXHXQ','2025-09-21 11:07:28.664138'),('8osnndodl2g4xhwwmgvlkaxumbojh5tc','eyJVc2VyX0lkIjoxMjMsIlVzZXJfVHlwZSI6InVzZXIiLCJfc2Vzc2lvbl9leHBpcnkiOjg2NDAwfQ:1vEMDL:FDZ7okuqrxec0rqC791P0r_caHk519mAboHrjj6U5FY','2025-10-31 06:32:51.619053'),('8p7cb1kd8ug0kaxk0da842rsbjlx7y4w','eyJVc2VyX0lkIjoxMTMsIlVzZXJfVHlwZSI6InVzZXIiLCJfc2Vzc2lvbl9leHBpcnkiOjg2NDAwfQ:1vCZ6y:ULM3mLSkJW6gXrjTHKYheB_3FxgrNnWMnQbMn6aTs3k','2025-10-26 07:54:52.235873'),('8q9gckkqtm6kxe4odm93l54km7ttidvx','eyJVc2VyX0lkIjoxMjYsIlVzZXJfVHlwZSI6InVzZXIiLCJfc2Vzc2lvbl9leHBpcnkiOjg2NDAwfQ:1vGYP5:BtzwW-4cnvvDADRxl3voewbk3Sjk6gfX51ueHAAHsgw','2025-11-06 07:58:03.142747'),('8r5sfgyiyq6ezy4vhge7l190cwraa7u3','eyJVc2VyX0lkIjo5NSwiVXNlcl9UeXBlIjoidXNlciIsIl9zZXNzaW9uX2V4cGlyeSI6ODY0MDB9:1v0bso:fgcGWpY0CCdvf3JPO5TTGJLlLcqZKWuGH6jndB8SWNs','2025-09-23 08:26:50.080083'),('8r6qoxndkj35l6lwvin1jn1k8oun8hjf','eyJVc2VyX0lkIjoxNCwiVXNlcl9UeXBlIjoidXNlciIsIl9zZXNzaW9uX2V4cGlyeSI6ODY0MDB9:1vFsbd:6NlM3nC5SQUIBDJlRBUNWhTiajKqjk08Y1GC9nfkzJ4','2025-11-04 11:20:13.048854'),('8rt1ibizqo8abq9i6eg7dbfb1pyc566g','eyJVc2VyX0lkIjoyMDMsIlVzZXJfVHlwZSI6InVzZXIiLCJfc2Vzc2lvbl9leHBpcnkiOjg2NDAwfQ:1vSsD2:i26pH7p8c_ssYHVB8ncu5OMsJ6bmIYUz7-yD_4JG6t4','2025-12-10 07:32:32.702606'),('8t2v6xuy7kc1506cfyn0d0bl3okjvu56','eyJVc2VyX0lkIjoxMTEsIlVzZXJfVHlwZSI6InVzZXIiLCJfc2Vzc2lvbl9leHBpcnkiOjg2NDAwfQ:1vB5Ky:7q0rlsg5AcESPMs0efZQYEJbQeG8bgqFG3LEiOe50kY','2025-10-22 05:55:12.772889'),('8t6sdj6zbctrlqu19rh11kknjcy4gzcm','eyJVc2VyX0lkIjoyMTMsIlVzZXJfVHlwZSI6InVzZXIiLCJfc2Vzc2lvbl9leHBpcnkiOjg2NDAwfQ:1vWtw6:TIfufZZBahM1yLeclucmmnSlv1GEHj7JOFoH4GRlOLA','2025-12-21 10:11:42.835015'),('8tf9s67ab8nf3dbe0o39zu651t12qeav','eyJVc2VyX0lkIjoxMzEsIlVzZXJfVHlwZSI6InVzZXIiLCJfc2Vzc2lvbl9leHBpcnkiOjg2NDAwfQ:1vEOqd:4MgRDbdGzi9ZShjt6r16aigiPXkyGA4beGqmmNy3cQI','2025-10-31 09:21:35.770274'),('8v1casrfhpxwd177esfviye9vlgoo97d','eyJVc2VyX0lkIjoxMjcsIlVzZXJfVHlwZSI6InVzZXIiLCJfc2Vzc2lvbl9leHBpcnkiOjg2NDAwfQ:1vHIc7:uqdJlenTTCIdPI3BSTeIDr93ClcMBm8VmFo2CyOqrew','2025-11-08 09:18:35.543917'),('8wdzn9gui1hhlrljh2fu4keb0w2wr41e','eyJVc2VyX0lkIjo5NiwiVXNlcl9UeXBlIjoidXNlciIsIl9zZXNzaW9uX2V4cGlyeSI6ODY0MDB9:1vB8r1:3ZmbwZpBSpsoLhF3RcjcC26faQYlF1rtaOAlxWdVfVA','2025-10-22 09:40:31.358223'),('8xxhs6cs2cagcqer8thshxaqspzj1xf4','eyJVc2VyX0lkIjoxMTMsIlVzZXJfVHlwZSI6InVzZXIiLCJfc2Vzc2lvbl9leHBpcnkiOjg2NDAwfQ:1vBsLh:PXQMrpFuv3SALScYODkum9SgV8tDEmYNN7O7mk8KLZw','2025-10-24 10:15:13.326990'),('8y93t0pmobc3letpsskwtc7xi5qrytzo','eyJVc2VyX0lkIjoxMjIsIlVzZXJfVHlwZSI6InVzZXIiLCJfc2Vzc2lvbl9leHBpcnkiOjg2NDAwfQ:1vCZBX:utg200rW0eVvbzBgSJBeCiMjW5h0Ymvh30cgr_752y8','2025-10-26 07:59:35.320174'),('8yh6sqheq3kx55fo2byle40m1qgvphqu','eyJVc2VyX0lkIjo0NCwiVXNlcl9UeXBlIjoidXNlciIsIl9zZXNzaW9uX2V4cGlyeSI6ODY0MDB9:1uvsdd:hcqpD23gK6cRmkksdulCkOrDR1Vpm4qM57rUYfEpLjs','2025-09-10 07:19:37.309226'),('90bq3ron0iikmz7il2v5zqsxsscgdtmf','e30:1urqaG:sIS5_m4A5ZD5zIvwwwDoReBE7y6rAn_xU8ObiYHiIww','2025-08-30 04:19:28.949191'),('9156tr279p0mwkfuc5fjf326wqar3etc','eyJVc2VyX0lkIjoxNSwiVXNlcl9UeXBlIjoidXNlciIsIl9zZXNzaW9uX2V4cGlyeSI6ODY0MDB9:1v8bpc:YT-tZtnhAoW37QvI0s8xiB29xFnC4eNVv3aNFN1QxZ8','2025-10-15 10:00:36.629895'),('91oq7i6x9lw1qf00lua9k4j5iqlsrgp9','eyJVc2VyX0lkIjoxNTcsIlVzZXJfVHlwZSI6InVzZXIiLCJfc2Vzc2lvbl9leHBpcnkiOjg2NDAwfQ:1vLIkB:2KLD2aT59aDhlgNpJMe4es75icC39HshlqUWWnHgxqE','2025-11-19 10:15:27.649967'),('92iz7atx5npalm3tjq4hanm5jsjhk0pu','eyJVc2VyX0lkIjoxMTMsIlVzZXJfVHlwZSI6InVzZXIiLCJfc2Vzc2lvbl9leHBpcnkiOjg2NDAwfQ:1vGsWY:3gkEplfztJB9evmqhLF2Tns1-_kl88sjh-aijnWDAQE','2025-11-07 05:27:06.221775'),('92psz3d2a8686fvj3xmfhtiqhskucxhy','eyJVc2VyX0lkIjoxMTcsIlVzZXJfVHlwZSI6InVzZXIiLCJfc2Vzc2lvbl9leHBpcnkiOjg2NDAwfQ:1vIjIV:79fnu31E9hOvwqGol2oJQ2mWqbxWpyzBQ1rQreDoJaE','2025-11-12 08:00:15.956860'),('957kvuxl7x82fq5taizxct80v5hk9mjg','eyJVc2VyX0lkIjoxMDgsIlVzZXJfVHlwZSI6InVzZXIiLCJfc2Vzc2lvbl9leHBpcnkiOjg2NDAwfQ:1vFmbU:fbISIiiepEpMDmmQs2kf7f8SGI9GRyA4540muccmvoQ','2025-11-04 04:55:40.556896'),('95t1qj5kcb1zg5vdb9t6xgh17luwu9a1','eyJVc2VyX0lkIjo2NiwiVXNlcl9UeXBlIjoidXNlciIsIl9zZXNzaW9uX2V4cGlyeSI6ODY0MDB9:1uvu9p:KX3eKI_hJHBVOiyFUyCq3EWxzmpTb8RRgWXH7DUs0-E','2025-09-10 08:56:57.784793'),('95wkdgzykx7b7nt4hcoze4mc7vlj5iva','eyJVc2VyX0lkIjoxMzEsIlVzZXJfVHlwZSI6InVzZXIiLCJfc2Vzc2lvbl9leHBpcnkiOjg2NDAwfQ:1vGaGF:sXRt7VWEbnNEBlS8tF5dW-vpQWmpe87F7coUt_dqhL0','2025-11-06 09:57:03.711928'),('964owgjhhsv506240bovqrkg27s70wgj','eyJVc2VyX0lkIjoxOTcsIlVzZXJfVHlwZSI6InVzZXIiLCJfc2Vzc2lvbl9leHBpcnkiOjg2NDAwfQ:1vR2g2:ymzjm3wFKwnwNQqYF0Y-qsDtmHXlVYPP6_wb3-KCEEs','2025-12-05 06:18:54.535585'),('9819zuuvwxxvn1f8y7sz2w4odkoowp6q','eyJVc2VyX0lkIjoxMjEsIlVzZXJfVHlwZSI6InVzZXIiLCJfc2Vzc2lvbl9leHBpcnkiOjg2NDAwfQ:1vE4lL:OM_JWgem2JD_1oVQT6l0Rb3bRYnO-Az6-S3TCCGsBtA','2025-10-30 11:54:47.592505'),('982i1a2su0svaxtff1v81lmbi3w6juxn','eyJVc2VyX0lkIjo1MywiVXNlcl9UeXBlIjoidXNlciIsIl9zZXNzaW9uX2V4cGlyeSI6ODY0MDB9:1uvqio:FU7qwUYJBXdHp4-bnUVr4LDue4F8scSEHj7JEkXQsOc','2025-09-10 05:16:50.224874'),('9834meul5ejljhed90ttq3zdj8qawe7r','eyJVc2VyX0lkIjoxNjAsIlVzZXJfVHlwZSI6InVzZXIiLCJfc2Vzc2lvbl9leHBpcnkiOjg2NDAwfQ:1vPxpB:bRwmGuQZKTseb9WmrlvJmVXun5Z3ggRBl0nT-SAZ-NM','2025-12-02 06:55:53.393325'),('9bh54xgn7nyu7gn1h63ou4vjf43j956n','eyJVc2VyX0lkIjoxMzMsIlVzZXJfVHlwZSI6InVzZXIiLCJfc2Vzc2lvbl9leHBpcnkiOjg2NDAwfQ:1vIMOx:311FTnURfkjwh9mF0dxkzvLSIZw19B-q_gYWBVQV-_I','2025-11-11 07:33:23.921872'),('9ckmx5let1hw9oylrposfvu69y2o4d2p','eyJVc2VyX0lkIjo1OCwiVXNlcl9UeXBlIjoidXNlciIsIl9zZXNzaW9uX2V4cGlyeSI6ODY0MDB9:1ut27A:U-13YFrEwxls0xcyOdHo3-t67KPSYgFeQJB1XyHUDrE','2025-09-02 10:50:20.650656'),('9cpq42gl58gkq90cjijp98a8wree9hg0','eyJVc2VyX0lkIjoxMjQsIlVzZXJfVHlwZSI6InVzZXIiLCJfc2Vzc2lvbl9leHBpcnkiOjg2NDAwfQ:1vIgsy:ZkExsYW1bEmjWMEigKFocXW-lAkZR_N62QoMKfgoRUc','2025-11-12 05:25:44.088564'),('9ebgajsf7vgoox7bnni9naf6rlcg71rw','eyJVc2VyX0lkIjoxNjksIlVzZXJfVHlwZSI6InVzZXIiLCJfc2Vzc2lvbl9leHBpcnkiOjg2NDAwfQ:1vMNzf:vutk-7HNqI4-9wvu7N21a5p4sVKhmjZkN4TctlP7gRI','2025-11-22 10:03:55.599307'),('9ed07c1vb4y9p71avsklg6hw0lno804q','eyJVc2VyX0lkIjoxOTYsIlVzZXJfVHlwZSI6InVzZXIiLCJfc2Vzc2lvbl9leHBpcnkiOjg2NDAwfQ:1vSVl1:noj-GlWtT0LXtUTiYC4KEUf_A9ja0rORB4JT9YRTbkM','2025-12-09 07:34:07.108279'),('9esyoyntjg622kar81skqiwuba6cy6mn','eyJVc2VyX0lkIjo2MiwiVXNlcl9UeXBlIjoidXNlciIsIl9zZXNzaW9uX2V4cGlyeSI6ODY0MDB9:1v76pf:46y8loWwOMK0yxumGd4ZAqvqrJMQH0Sob3o4TotMxTE','2025-10-11 06:42:27.785444'),('9he9ehy5zkvjv55o8h7o9bbwvnkw1lop','eyJVc2VyX0lkIjoyMywiVXNlcl9UeXBlIjoidXNlciIsIl9zZXNzaW9uX2V4cGlyeSI6ODY0MDB9:1uzvwm:IYtsJ2EkP6JJRZDMy7rLKzr0OooPjH5n1hI0-IwFAS0','2025-09-21 11:40:08.984044'),('9j4v9pqi40f0p3hqhsdz5fde4878u4j9','eyJVc2VyX0lkIjoxOTMsIlVzZXJfVHlwZSI6InVzZXIiLCJfc2Vzc2lvbl9leHBpcnkiOjg2NDAwfQ:1vQkQh:UqRy3u_p1gj4B4IWLHYgLCrxrbg_lULfq6jOYZV4qcQ','2025-12-04 10:49:51.644375'),('9mf0o6g9bajzfg7je7tt3mcc66pn12zh','eyJVc2VyX0lkIjoxMzEsIlVzZXJfVHlwZSI6InVzZXIiLCJfc2Vzc2lvbl9leHBpcnkiOjg2NDAwfQ:1vJVUh:Hb82LIFc8TC41Kqu3W-UAroZRUz080O1D_SHVLBDrec','2025-11-14 11:28:03.448088'),('9mye5j542ojsp0m5e7kc8lxkgrt8ut4f','eyJVc2VyX0lkIjoxMzMsIlVzZXJfVHlwZSI6InVzZXIiLCJfc2Vzc2lvbl9leHBpcnkiOjg2NDAwfQ:1vKsI5:5WH2Im8FxTYYBBYndycOsgZrbKYo3cdPN8hfO38-VdE','2025-11-18 06:00:41.149225'),('9niwfm9oehougf3b0kiqzpizbi2zzap1','eyJVc2VyX0lkIjoxNzAsIlVzZXJfVHlwZSI6InVzZXIiLCJfc2Vzc2lvbl9leHBpcnkiOjg2NDAwfQ:1vOVHL:jworMFwNTXoqJ6cbmtjy8A26V7XHkZnDn4ZjZNC961M','2025-11-28 06:14:55.605069'),('9nrv52bcwypy5v863wtkw3qklmvpgiqo','eyJVc2VyX0lkIjoyMywiVXNlcl9UeXBlIjoidXNlciIsIl9zZXNzaW9uX2V4cGlyeSI6ODY0MDB9:1v61PE:3BnDMkHLwEM3ZPTH8bN5mlvvUYJkxSeTwnBYP9S8IHI','2025-10-08 06:42:40.328398'),('9pt3ucogxhggn1e5oozieojyvxxbu99y','eyJVc2VyX0lkIjoxNjksIlVzZXJfVHlwZSI6InVzZXIiLCJfc2Vzc2lvbl9leHBpcnkiOjg2NDAwfQ:1vMNzs:a_JlXWIm2rpbx5HnlMOQ3w6BK8jKducRepeXPi04BFA','2025-11-22 10:04:08.057304'),('9q0h0ck1q3i3ecbp35b1y01ivpqyyfp6','eyJVc2VyX0lkIjoxMzEsIlVzZXJfVHlwZSI6InVzZXIiLCJfc2Vzc2lvbl9leHBpcnkiOjg2NDAwfQ:1vELxN:m5a5zI9b6DmsSqmbeiVerUKG9GIKypMgQJ3c15SqPL4','2025-10-31 06:16:21.034535'),('9smrk6a5ghv2xknuq3ci5azmanrzr2jz','eyJVc2VyX0lkIjoxNjksIlVzZXJfVHlwZSI6InVzZXIiLCJfc2Vzc2lvbl9leHBpcnkiOjg2NDAwfQ:1vMJIa:MU5p5rtV9DUt7Fd-CW2o5Nj3sHgQlifnQl6h4-KyUGA','2025-11-22 05:03:08.687226'),('9tq7fjuhpyvt3x9opvrs8sxdxzox8gld','eyJVc2VyX0lkIjoxNjAsIlVzZXJfVHlwZSI6InVzZXIiLCJfc2Vzc2lvbl9leHBpcnkiOjg2NDAwfQ:1vMJLm:Ox3o43OwH07v5ewTq1a7oymPd5Jx5sLvPclVg7Qu7aM','2025-11-22 05:06:26.476068'),('9u2dzsn59vnd3nzw1lb8979jvsugot9h','eyJVc2VyX0lkIjo1MywiVXNlcl9UeXBlIjoidXNlciIsIl9zZXNzaW9uX2V4cGlyeSI6ODY0MDB9:1utJA1:HlomF_VNFzjeLKlXBaFrLdUA6xW7-yt9xMwyk5aWxgQ','2025-09-03 05:02:25.033320'),('9udydhlkq0soejw5qcw36vndhb0sm6ae','eyJVc2VyX0lkIjoxMzMsIlVzZXJfVHlwZSI6InVzZXIiLCJfc2Vzc2lvbl9leHBpcnkiOjg2NDAwfQ:1vHJ56:PY0uekFp3a_55_WJxaKwvv34dJnfgADvsGR7-PooRS4','2025-11-08 09:48:32.370593'),('9v2yzexhbz3cp5z4l871ecgdj0arxqsv','eyJVc2VyX0lkIjoxNjYsIlVzZXJfVHlwZSI6InVzZXIiLCJfc2Vzc2lvbl9leHBpcnkiOjg2NDAwfQ:1vOBIR:FstSOxZ7hkDo5OlxN1NJWGf8i9copsqTBerRftG5iFo','2025-11-27 08:54:43.371247'),('9v4m8is7u3rw3l1tx2n1y4t8a3x2vldl','eyJVc2VyX0lkIjo4MCwiVXNlcl9UeXBlIjoidXNlciIsIl9zZXNzaW9uX2V4cGlyeSI6ODY0MDB9:1ursPC:x97YhV0CpgFZ-yiTwoMvoRY5_UfE6J_3XNHmjH5Vbyk','2025-08-30 06:16:10.801361'),('9v9kpbyoxnh052tvjflfvp5rc41n53lj','eyJVc2VyX0lkIjo0NywiVXNlcl9UeXBlIjoidXNlciIsIl9zZXNzaW9uX2V4cGlyeSI6ODY0MDB9:1ursP3:n_ixeI70u0xZ0EHcgQWP8hxZolcd3VnrbSNb4_9SvGA','2025-08-30 06:16:01.349799'),('9vm03lnnsw5dpdagl0cnjn50npachnpb','eyJVc2VyX0lkIjoyNCwiVXNlcl9UeXBlIjoidXNlciIsIl9zZXNzaW9uX2V4cGlyeSI6ODY0MDB9:1v8uaP:vV299PlCVkdQ7MyCDdv7oPqV7pFFTuzTY8XEf-WBGuw','2025-10-16 06:02:09.634809'),('9wpierlea5jrpggh73xu4gb34wegin5q','eyJVc2VyX0lkIjoxMjQsIlVzZXJfVHlwZSI6InVzZXIiLCJfc2Vzc2lvbl9leHBpcnkiOjg2NDAwfQ:1vEk7e:WnGBTL81v24P4gyU3Lx8DeiSlfLgjHZNuvGtmfMfGXg','2025-11-01 08:04:34.953268'),('9zaylk4lsk338lgjc4bo0h32sec1mqou','eyJVc2VyX0lkIjoxNCwiVXNlcl9UeXBlIjoidXNlciIsIl9zZXNzaW9uX2V4cGlyeSI6ODY0MDB9:1uzWMr:tzJXcVQx982ffYPPEPVzt0Bjx2Xal0_SsoDQxmHzu9U','2025-09-20 08:21:21.044909'),('a09vfrbwo7i3f03aym2ddnlr1kwl15mp','eyJVc2VyX0lkIjoxMTYsIlVzZXJfVHlwZSI6InVzZXIiLCJfc2Vzc2lvbl9leHBpcnkiOjg2NDAwfQ:1vJRov:Q5veBaDwX8M23Y493gtKrlfO2UwNuyGZ-bWuWmZkBTg','2025-11-14 07:32:41.721786'),('a0l3ep4b4am1zxb8reacpur3h3gelt69','eyJVc2VyX0lkIjoxMTIsIlVzZXJfVHlwZSI6InVzZXIiLCJfc2Vzc2lvbl9leHBpcnkiOjg2NDAwfQ:1vIk2e:q2AmD0CSN1RMmeK9a5qcilvrD5Yt--kzeBYVjTckF9c','2025-11-12 08:47:56.342318'),('a18xyamf9a9ugy8sbsede7bo0zcmfw2c','eyJVc2VyX0lkIjoxOTcsIlVzZXJfVHlwZSI6InVzZXIiLCJfc2Vzc2lvbl9leHBpcnkiOjg2NDAwfQ:1vSayS:Z05ySDS1yY1QJoRmFslcX5utXaVIWi68Y_5FPJviejk','2025-12-09 13:08:20.815090'),('a4gl75r5ayao6e0gth39iok09kvou48r','eyJVc2VyX0lkIjoxNjcsIlVzZXJfVHlwZSI6InVzZXIiLCJfc2Vzc2lvbl9leHBpcnkiOjg2NDAwfQ:1vLxFu:AE9muyMcKWX7qej-m4yOxCj_Jkqmm3tAc7iNnj8usxA','2025-11-21 05:30:54.060204'),('a5qgv2lmhsmzb0jdnqcp4dtoypyeu5do','eyJVc2VyX0lkIjoxMjcsIlVzZXJfVHlwZSI6InVzZXIiLCJfc2Vzc2lvbl9leHBpcnkiOjg2NDAwfQ:1vE0vl:-BMqeRD93DCsnpYR1I2ODxaULtKBKJ4NDXRC9LE3gAg','2025-10-30 07:49:17.863683'),('a5vmyhhe6qt4l87o12fswyv9mfkw4t75','eyJVc2VyX0lkIjoxMzMsIlVzZXJfVHlwZSI6InVzZXIiLCJfc2Vzc2lvbl9leHBpcnkiOjg2NDAwfQ:1vGxyN:nJdkeuVV4WElbtbClbJvJVzAYGOIRZsAvonZHyf5NKA','2025-11-07 11:16:11.872744'),('a66d06zzoz31kr7t2bzxctinvdq5le3s','e30:1vQlR4:voW7KuBGABi6wZT-sHcJu3qesOMQ-rlYwn7gmdmTXjM','2025-12-04 11:54:18.836268'),('ab6t548whebudrul8wojqbflzdecnmj4','eyJVc2VyX0lkIjoxMzEsIlVzZXJfVHlwZSI6InVzZXIiLCJfc2Vzc2lvbl9leHBpcnkiOjg2NDAwfQ:1vJVyM:NlL9ZqT1dX1qUSjG-wC8s5ov0gQj_QvamNjoWK-Q-Nk','2025-11-14 11:58:42.814332'),('abr5kmad1wd1acaojr8qdqw3e40cfu1u','eyJVc2VyX0lkIjoxMTMsIlVzZXJfVHlwZSI6InVzZXIiLCJfc2Vzc2lvbl9leHBpcnkiOjg2NDAwfQ:1vCA0T:PIGWXuI9uOgR16eVZ-4NjJfmU4dYxQ0HRzmjx81vQow','2025-10-25 05:06:29.418483'),('ac84rf6hhaythoa982i9ue8h68xmns9d','eyJVc2VyX0lkIjoxNjksIlVzZXJfVHlwZSI6InVzZXIiLCJfc2Vzc2lvbl9leHBpcnkiOjg2NDAwfQ:1vNV3O:UKBN9WAWHsxLemFi898BNS4OkbnY4XTs64OOR-i4T1E','2025-11-25 11:48:22.199892'),('afe4yv2iewwwhe51fg67xlhjrmp1a2i8','eyJVc2VyX0lkIjoxMzEsIlVzZXJfVHlwZSI6InVzZXIiLCJfc2Vzc2lvbl9leHBpcnkiOjg2NDAwfQ:1vJQn1:lxmz-9NAMpa2aNS5Qkg9shYFk2gwHA0ktq2VKoxwCrw','2025-11-14 06:26:39.991797'),('agqxd4xjdvwu49kvwb06kzhuah0c7z8k','eyJVc2VyX0lkIjoxNjYsIlVzZXJfVHlwZSI6InVzZXIiLCJfc2Vzc2lvbl9leHBpcnkiOjg2NDAwfQ:1vNqvv:PuW3g6X_ZN00A4wJf-v_HQBUubya6B1P2Ai8WxqVcUo','2025-11-26 11:10:07.935595'),('akf5bmbp2tzgdei4gi2l77c5bmes0s2n','eyJVc2VyX0lkIjoyMDgsIlVzZXJfVHlwZSI6InVzZXIiLCJfc2Vzc2lvbl9leHBpcnkiOjg2NDAwfQ:1vWTzH:J15NP--GqgIcGC1WUtbQDex8s99iAqA4HEQaTSBWdbg','2025-12-20 06:29:15.600391'),('akw16qhvo42570sbt4gpdz4kp2qmiy4q','eyJVc2VyX0lkIjoxMDksIlVzZXJfVHlwZSI6InVzZXIiLCJfc2Vzc2lvbl9leHBpcnkiOjg2NDAwfQ:1vCA1u:oeo1AvMFkqG95FctPZj_AxkX6lXp9m8nrYV8SkD-Q5s','2025-10-25 05:07:58.827288'),('alktxjl9vm4xqxmzjhtkbdnlaal36osa','eyJVc2VyX0lkIjoxOTgsIlVzZXJfVHlwZSI6InVzZXIiLCJfc2Vzc2lvbl9leHBpcnkiOjg2NDAwfQ:1vSVjT:wYX6goT2VxgIMMHoYX-ep3RIOQo1wGm4XEs8Qvw2u-o','2025-12-09 07:32:31.142631'),('alxgblzn37c3qsq59duohhtkgxd7edtc','eyJVc2VyX0lkIjo2NSwiVXNlcl9UeXBlIjoidXNlciIsIl9zZXNzaW9uX2V4cGlyeSI6ODY0MDB9:1uzsAK:EfE8FHmUEOlthFl-haIDWyvNppya6vY0qclvxGpf9c8','2025-09-21 07:37:52.567652'),('ammr1fl7b46g8j994j4zr0weszt45q0z','eyJVc2VyX0lkIjoxNzIsIlVzZXJfVHlwZSI6InVzZXIiLCJfc2Vzc2lvbl9leHBpcnkiOjg2NDAwfQ:1vOyXf:mxMui4M44riNICR-JIlsRbgPunLridBsB7W5IZbXdg0','2025-11-29 13:29:43.370299'),('ankhvlvrjz3mxjcaw8r6nbjgkhpn4lls','eyJVc2VyX0lkIjo1MywiVXNlcl9UeXBlIjoidXNlciIsIl9zZXNzaW9uX2V4cGlyeSI6ODY0MDB9:1uvYBu:nAhM3o3MLuEAwBHfJEiWkJlHGA1Q-TRomBVKZ-5E6ds','2025-09-09 09:29:38.392418'),('aou40sz1ds6enw22x0x00v8b49ijajsn','eyJVc2VyX0lkIjoxMjksIlVzZXJfVHlwZSI6InVzZXIiLCJfc2Vzc2lvbl9leHBpcnkiOjg2NDAwfQ:1vDhK5:GnJVKONoCAi1LGEI4eJit-NDJcYnMe0hYiClIXvjDG8','2025-10-29 10:53:05.639324'),('aozjeeu6voqensheudgydp34q778tti4','eyJVc2VyX0lkIjo0NCwiVXNlcl9UeXBlIjoidXNlciIsIl9zZXNzaW9uX2V4cGlyeSI6ODY0MDB9:1v1eVj:pBD_57o9xWa8bnAm2ymTklER65VuLYF_NbcqThrLXzU','2025-09-26 05:27:19.326774'),('apttorezcck8f3bh3qwfzwgo7ofy18co','eyJVc2VyX0lkIjoyNCwiVXNlcl9UeXBlIjoidXNlciIsIl9zZXNzaW9uX2V4cGlyeSI6ODY0MDB9:1v6OVm:95phnQU3cDSBsZrRljzy72Gi3h_oej8Qtj0vd4mtEBc','2025-10-09 07:22:58.001384'),('aqcod62f71t7pqvyn9j5isohoegbagks','eyJVc2VyX0lkIjoxMzIsIlVzZXJfVHlwZSI6InVzZXIiLCJfc2Vzc2lvbl9leHBpcnkiOjg2NDAwfQ:1vGzMO:svHwA7OBrRvow7N-lMss9N-7QYo_zTqAnk4glmVxXmk','2025-11-07 12:45:04.195205'),('asb1f0wzko5pceyswl0sh54tsziihkgj','eyJVc2VyX0lkIjoxMDgsIlVzZXJfVHlwZSI6InVzZXIiLCJfc2Vzc2lvbl9leHBpcnkiOjg2NDAwfQ:1vERhi:aHtc9sFyjzMYNhVjv3JfSkrrhX1nO_phTmVyLlxWapI','2025-10-31 12:24:34.628483'),('asdxy1vdgkojsj12cjtqonfgqctm14hr','eyJVc2VyX0lkIjoxNjcsIlVzZXJfVHlwZSI6InVzZXIiLCJfc2Vzc2lvbl9leHBpcnkiOjg2NDAwfQ:1vMJOt:-nLN0mQWoH5FrQFbeq3wRG6J1AEwqC5LXxCLSLNN_Z4','2025-11-22 05:09:39.402256'),('au2p00hvhv9rqqygvjnlkmt6am3ckvcs','eyJVc2VyX0lkIjoxMzcsIlVzZXJfVHlwZSI6InVzZXIiLCJfc2Vzc2lvbl9leHBpcnkiOjg2NDAwfQ:1vIjHY:Hgk13G5zlOIKBAf2KFfPl3HnEIv93MzzDgLXR_gZ5LM','2025-11-12 07:59:16.902396'),('aw2a8p4ik3wab18hvfksz4am9mdtievx','eyJVc2VyX0lkIjoxMTYsIlVzZXJfVHlwZSI6InVzZXIiLCJfc2Vzc2lvbl9leHBpcnkiOjg2NDAwfQ:1vDGdY:5XO27Xm5NZTS9NMl6vlP8Bt0ClUnyPKhfZ31bJOd8XQ','2025-10-28 06:23:24.802334'),('aw83nei4rjyac5i6lim3v8pev385uw1d','eyJVc2VyX0lkIjoxNywiVXNlcl9UeXBlIjoidXNlciIsIl9zZXNzaW9uX2V4cGlyeSI6ODY0MDB9:1vEUB1:wcf25CrQ_NDAYJ1rMyRkw_9cgtLs0ngN1SwIogKlOmk','2025-10-31 15:02:59.625951'),('ax8hfg36rex4uf5c4lytgwtl9qdmrl4l','eyJVc2VyX0lkIjoxMTYsIlVzZXJfVHlwZSI6InVzZXIiLCJfc2Vzc2lvbl9leHBpcnkiOjg2NDAwfQ:1vB9tD:PK9avD82JaF9_Ww0voG-J5AVTc1ji1OuMZEEuKJFIKA','2025-10-22 10:46:51.766870'),('axjrfwvmbg63oy4wxj1geq2u68yu63qd','eyJVc2VyX0lkIjoxMzIsIlVzZXJfVHlwZSI6InVzZXIiLCJfc2Vzc2lvbl9leHBpcnkiOjg2NDAwfQ:1vKrtn:ZMeCaiiVGqEcPZ4iQynyRQPaswDUiNDOP4CsLDzdEWQ','2025-11-18 05:35:35.167008'),('axwv7bykngoj0uyur9130ocmb7sjkdey','eyJVc2VyX0lkIjoyNCwiVXNlcl9UeXBlIjoidXNlciIsIl9zZXNzaW9uX2V4cGlyeSI6ODY0MDB9:1uwDZd:B4zW8cAMMuqmPtOfw7wx71GfiEv02r9Yh1uUA1SKjgI','2025-09-11 05:40:53.896933'),('ay64kxvm36l04k53c05e55uj18utfkt4','eyJVc2VyX0lkIjoxNSwiVXNlcl9UeXBlIjoidXNlciIsIl9zZXNzaW9uX2V4cGlyeSI6ODY0MDB9:1uu8wA:0kR-GnUz03d3gPTVvdmBd9mijr9CxXYuOrDa7UHzNwc','2025-09-05 12:19:34.153553'),('b0066xu1m9sds8v2o9ynxtmyo4d1z34n','eyJVc2VyX0lkIjoxNjIsIlVzZXJfVHlwZSI6InVzZXIiLCJfc2Vzc2lvbl9leHBpcnkiOjg2NDAwfQ:1vOtqO:0pfl3llChp_mvgXIS1_14VcnQNOAKXdKrtsS_Iq31-k','2025-11-29 08:28:44.995611'),('b01lr0ew6ad3x3q8790b5qtdybqrvp6z','eyJVc2VyX0lkIjoxMTIsIlVzZXJfVHlwZSI6InVzZXIiLCJfc2Vzc2lvbl9leHBpcnkiOjg2NDAwfQ:1vJTdk:PRmG4VxEbRUHXgSX10TRypzBHqYouSc4Lz5WCKHG2-Q','2025-11-14 09:29:16.894699'),('b0hhjhevfjgli0pqsgfulh27aggzqx9j','eyJVc2VyX0lkIjoxMTIsIlVzZXJfVHlwZSI6InVzZXIiLCJfc2Vzc2lvbl9leHBpcnkiOjg2NDAwfQ:1vEPLT:684_5zcsOSfbUiuxdgsL-X-Pg1iZi1xfO0yZdjuaFLw','2025-10-31 09:53:27.583504'),('b34zejf51eiwjjirpjcqd7d8oagc2o6t','eyJVc2VyX0lkIjo1MywiVXNlcl9UeXBlIjoidXNlciIsIl9zZXNzaW9uX2V4cGlyeSI6ODY0MDB9:1v8bNa:mh0aM0ZVZRFsYkC7xkE_-YtchWZM5g8b2WfBXkNsNcM','2025-10-15 09:31:38.703521'),('b42n4fs5vkkmc51127vr28krw0vseqpq','eyJVc2VyX0lkIjoyMywiVXNlcl9UeXBlIjoidXNlciIsIl9zZXNzaW9uX2V4cGlyeSI6ODY0MDB9:1v7B3k:8lMkX2bAQP3_zdn2SKJIhy_-jFx-Gs38qtMq-FTdrmg','2025-10-11 11:13:16.720317'),('b4u2l7ohknt2hid6wc6cytwcra74jta4','eyJVc2VyX0lkIjoxNjAsIlVzZXJfVHlwZSI6InVzZXIiLCJfc2Vzc2lvbl9leHBpcnkiOjg2NDAwfQ:1vLcVe:YRLkiUKm_XyV-ANPMREqjEdFHCyJq--5iqZ-cAyf-T4','2025-11-20 07:21:46.709375'),('b6ub6ifrejtpj45ikv5ij13ch4sr8wou','eyJVc2VyX0lkIjo1OCwiVXNlcl9UeXBlIjoidXNlciIsIl9zZXNzaW9uX2V4cGlyeSI6ODY0MDB9:1uyOBX:hJOni8PtdbTyVOd8bWCIiu903Zw_u2ujGMIonNh65FM','2025-09-17 05:24:59.792688'),('b8ny9zk7yxwai5epkzboebhox53h2whf','eyJVc2VyX0lkIjoxNjEsIlVzZXJfVHlwZSI6InVzZXIiLCJfc2Vzc2lvbl9leHBpcnkiOjg2NDAwfQ:1vNOWW:lvUza_XBBU787EwrhukW8dydQpVwGrAwHJh81v2v-0k','2025-11-25 04:50:00.472362'),('b8uhlu4m6mqwai5qewxzfmnpi2wvnv0i','eyJVc2VyX0lkIjoyMywiVXNlcl9UeXBlIjoidXNlciIsIl9zZXNzaW9uX2V4cGlyeSI6ODY0MDB9:1uvVMy:aXSKc6gK0xSmk12fNP7Rc8m5tBUrOhHIeZIn8nZ1fBc','2025-09-09 06:28:52.745070'),('b8uikjw5gtfxqrd3wj104iyc3fqx1cnh','eyJVc2VyX0lkIjoxMjAsIlVzZXJfVHlwZSI6InVzZXIiLCJfc2Vzc2lvbl9leHBpcnkiOjg2NDAwfQ:1vBS3p:KtyulugmQ4O2GoteJnbLr8gLrWsXchh0oKPzGpM_dy0','2025-10-23 06:11:01.918999'),('b9wlye7rmrsys7rw4yrbvtvodfa461th','eyJVc2VyX0lkIjo2NSwiVXNlcl9UeXBlIjoidXNlciIsIl9zZXNzaW9uX2V4cGlyeSI6ODY0MDB9:1uwdRo:KtsBXIOPyPyeuloDTrbk-GunETTHY6SfbIwMygVL9C0','2025-09-12 09:18:32.290148'),('b9y0254zp1pehobd1xiy91zprl7hvyun','eyJVc2VyX0lkIjo2NiwiVXNlcl9UeXBlIjoidXNlciIsIl9zZXNzaW9uX2V4cGlyeSI6ODY0MDB9:1usx8P:ppPg-sT5b56lqHXZ64aMm5_9Bwao_JgxyNNOJFfw9dM','2025-09-02 05:31:17.899389'),('babz2e73m79gfj6oc0kfpsn11bwwjsgk','eyJVc2VyX0lkIjoxNzAsIlVzZXJfVHlwZSI6InVzZXIiLCJfc2Vzc2lvbl9leHBpcnkiOjg2NDAwfQ:1vMJVO:hzeLyMOrMCqMS7s2wLiL1QfIw3tuJ2u0tmI58rAYb5A','2025-11-22 05:16:22.669355'),('baef51x2yzic223imr88q4d2cluk3cch','eyJVc2VyX0lkIjo2NSwiVXNlcl9UeXBlIjoidXNlciIsIl9zZXNzaW9uX2V4cGlyeSI6ODY0MDB9:1uzaS3:a7IExTpM5dX_AyJT3f2NWnmIVgN8Wdvkp7JPrkMfvoA','2025-09-20 12:42:59.285650'),('bcctwkg9m9sa7cibljss07mopj39a8jv','eyJVc2VyX0lkIjoyNCwiVXNlcl9UeXBlIjoidXNlciIsIl9zZXNzaW9uX2V4cGlyeSI6ODY0MDB9:1v0Fl2:0OPePwb4Axe_zb-B-CTL5FJNxzf2AaJBdPxkSvjkpR0','2025-09-22 08:49:20.579063'),('bcnj5wxucout9sdpbevj4xro2robze88','eyJVc2VyX0lkIjoxNjUsIlVzZXJfVHlwZSI6InVzZXIiLCJfc2Vzc2lvbl9leHBpcnkiOjg2NDAwfQ:1vMJLP:p_-9mlXkpYyR2RfGAuOzYxm4DZDrV6IwyfDt7gPXR6Q','2025-11-22 05:06:03.919196'),('bd9486pzpp8yuk0lg21rg1s9gcsi72wz','eyJVc2VyX0lkIjoxOTMsIlVzZXJfVHlwZSI6InVzZXIiLCJfc2Vzc2lvbl9leHBpcnkiOjg2NDAwfQ:1vR5eN:rlgIEdDzzcS752KTIlgLlqd2K3JuPW04i4mPNNVv9Nc','2025-12-05 09:29:23.934268'),('bdpezdjm349bmukf5i4cx1kzgv3ixvhm','eyJVc2VyX0lkIjo2NSwiVXNlcl9UeXBlIjoidXNlciIsIl9zZXNzaW9uX2V4cGlyeSI6ODY0MDB9:1v8uF7:_DvWAC61b3JK1Dpt9eCnTGU9FSU1vEozZ7-3xi3guSc','2025-10-16 05:40:09.469967'),('bef2mspot084kdeyn0h9v5yy79b7pn99','e30:1urqj0:wLYnCty8VvFDnu7wu4jWhbTgY2dPviHMRuOsGcXGPzI','2025-08-30 04:28:30.175247'),('bf78lvasanz8ei0wrghnnpnb5vpc6xa7','eyJVc2VyX0lkIjoxMjQsIlVzZXJfVHlwZSI6InVzZXIiLCJfc2Vzc2lvbl9leHBpcnkiOjg2NDAwfQ:1vEjaj:rqBwRbMNjVddThLUzbxCTss-TLfLH5N4-YD6iBaa8Sg','2025-11-01 07:30:33.491881'),('bh25kphctb70cvzku6n3k902i6gr90g3','eyJVc2VyX0lkIjo2MiwiVXNlcl9UeXBlIjoidXNlciIsIl9zZXNzaW9uX2V4cGlyeSI6ODY0MDB9:1v92QR:T4JMGWbIUNYLDmUZAzvmZd3qlb_daKhuau-iFnuc014','2025-10-16 14:24:23.150369'),('blol0puv963cmwumciccwkkenfi8c06m','eyJVc2VyX0lkIjoxMzEsIlVzZXJfVHlwZSI6InVzZXIiLCJfc2Vzc2lvbl9leHBpcnkiOjg2NDAwfQ:1vJ52f:altnDl60d8CaK4VYH12XZ2iddbD1J_cE80_sluI0vlU','2025-11-13 07:13:21.467063'),('bm6r3iowiqvkopdglroj4iobca1udbee','eyJVc2VyX0lkIjo1NCwiVXNlcl9UeXBlIjoidXNlciIsIl9zZXNzaW9uX2V4cGlyeSI6ODY0MDB9:1v8Zbg:dL65jVR-LuVq02qzgKL7-D86QfvD-OXs9mDUK52OXXI','2025-10-15 07:38:04.868553'),('bmhdy1jqpml8hczx5bqy94w05vs9xc33','eyJVc2VyX0lkIjoxMzMsIlVzZXJfVHlwZSI6InVzZXIiLCJfc2Vzc2lvbl9leHBpcnkiOjg2NDAwfQ:1vIlcn:ZANbrHFZD7hw6nNKwgbK3wC-9OdfNdwEomOc0UfTvtQ','2025-11-12 10:29:21.486091'),('bnfa6tcdowg7ioucvbotjvrslbn6n02z','eyJVc2VyX0lkIjoyMywiVXNlcl9UeXBlIjoidXNlciIsIl9zZXNzaW9uX2V4cGlyeSI6ODY0MDB9:1v66un:jk4IeHZrv_MVMQwTd9S6oXmSCSfHhWk6_PoA8Q0leTI','2025-10-08 12:35:37.040896'),('boslhkhairq0ndcb9g0b0ecuj1mj1xmg','e30:1vXzXy:J49WtCSE7wh-3kaNhB9zihNw6bO-brZc2XhxLp9yzEk','2025-12-24 10:23:18.231142'),('bsrcfliezbbtnlpm47r0r0jm61njv41s','eyJVc2VyX0lkIjoxOTcsIlVzZXJfVHlwZSI6InVzZXIiLCJfc2Vzc2lvbl9leHBpcnkiOjg2NDAwfQ:1vRNuR:JiCUjazyShOssooEYxc_UGqa_KDq2zZ0ntg2w8Cjn88','2025-12-06 04:59:11.503581'),('btpzuxq5jjrm63udqfx2vbgn155sp8kd','eyJVc2VyX0lkIjoxOTEsIlVzZXJfVHlwZSI6InVzZXIiLCJfc2Vzc2lvbl9leHBpcnkiOjg2NDAwfQ:1vQOsy:M76E9EeeaxZZ_fS0WZQ14b-LqOI8cCZvKNw_D4je3rA','2025-12-03 11:49:36.310868'),('bukmhkyc1dwbh7d8y2cbo5n9q8zw9yp1','eyJVc2VyX0lkIjo2NiwiVXNlcl9UeXBlIjoidXNlciIsIl9zZXNzaW9uX2V4cGlyeSI6ODY0MDB9:1v8YHQ:gzyMD7q_g5-QR3Msr9H4OPpGwV9T5qs-nLvJydYrPe0','2025-10-15 06:13:04.162048'),('buskkfwp6c5bx2m5s7bkjlagxb8akodb','eyJVc2VyX0lkIjo1MywiVXNlcl9UeXBlIjoidXNlciIsIl9zZXNzaW9uX2V4cGlyeSI6ODY0MDB9:1v8bGY:LXF-Ko4mX3Sam99qqQNg0GtGaphyT1NMON6hRo7b4Gk','2025-10-15 09:24:22.108210'),('bvfhhpi4m2n9oe28qzz7ufc9dkossetz','eyJVc2VyX0lkIjoxMjAsIlVzZXJfVHlwZSI6InVzZXIiLCJfc2Vzc2lvbl9leHBpcnkiOjg2NDAwfQ:1vBsZ7:lDdfbcgOakjFT7W_9gzRN8WYYsKhZkJWYjC-pgvUTEo','2025-10-24 10:29:05.966430'),('c0ktugrqh54syjzq39q5r4dg5dsuxdmd','eyJVc2VyX0lkIjoxMjYsIlVzZXJfVHlwZSI6InVzZXIiLCJfc2Vzc2lvbl9leHBpcnkiOjg2NDAwfQ:1vGwl3:iKHLBfcg3K8xzUAM0Fag4ytquE4LnHIfJaDZz0UiRxk','2025-11-07 09:58:21.500111'),('c0mir2qm4oq93et9vu9wc5drwqasju65','eyJVc2VyX0lkIjo2MiwiVXNlcl9UeXBlIjoidXNlciIsIl9zZXNzaW9uX2V4cGlyeSI6ODY0MDB9:1v92gb:IRknHiTrVCh_WBuuI5IbvVhg6XHZcbA6hdQBPE0YXxE','2025-10-16 14:41:05.802174'),('c0wpnkl2iwdsiv0onldweify90nsgcgp','eyJVc2VyX0lkIjo2MCwiVXNlcl9UeXBlIjoidXNlciIsIl9zZXNzaW9uX2V4cGlyeSI6ODY0MDB9:1uvWmp:TdL5a0Sp90CEi-3tadfAd6IUeT1fcL3BdWibCAIJxSo','2025-09-09 07:59:39.689750'),('c1pblc4wuiu2lztdcygiftys26g5dmon','eyJVc2VyX0lkIjoxMTcsIlVzZXJfVHlwZSI6InVzZXIiLCJfc2Vzc2lvbl9leHBpcnkiOjg2NDAwfQ:1vBS3i:oS7J9qtzwH_zuqokc3ququ2z_6Nvsh1UYFMXqOgApIw','2025-10-23 06:10:54.918175'),('c2d9wqxssukfsnqzg76jj4ii9kadvs9n','eyJVc2VyX0lkIjoyNCwiVXNlcl9UeXBlIjoidXNlciIsIl9zZXNzaW9uX2V4cGlyeSI6ODY0MDB9:1uwen3:hy9h2atm7rLzdcEna81zD-lia40iNkxV2NuZnGrm74k','2025-09-12 10:44:33.385829'),('c30s7xe169c5pq8bfcbzpn58ac9w7208','eyJVc2VyX0lkIjoyMDUsIlVzZXJfVHlwZSI6InVzZXIiLCJfc2Vzc2lvbl9leHBpcnkiOjg2NDAwfQ:1vWV8P:zlVcuSIUT7nTdbXnWU54ehDOPOqhOvfi_eJkbeMc_BU','2025-12-20 07:42:45.087966'),('c56enxzdx9v64mp8e139ejibqngvxzjk','eyJVc2VyX0lkIjoxMDEsIlVzZXJfVHlwZSI6InVzZXIiLCJfc2Vzc2lvbl9leHBpcnkiOjg2NDAwfQ:1v8y3L:cpbLjjQvo1dzYbIoXfO3_fFUCAXdLYbBLFP2dMCmd34','2025-10-16 09:44:15.638801'),('c5fhsjwgxlxtwjdq6z9lw6qt89tj905i','e30:1vQl6C:CQPlhtDBKNBdv9i0eK8c27bDY75g137YNvciBJJhMiQ','2025-12-04 11:32:44.385197'),('c6kbibey08s4lxhk178r1rvsid1k311t','eyJVc2VyX0lkIjo2NiwiVXNlcl9UeXBlIjoidXNlciIsIl9zZXNzaW9uX2V4cGlyeSI6ODY0MDB9:1urx3Z:aALqKasSPyWy2PlZQh6Ky_xHg2_GLMmQLhv1v7L07x8','2025-08-30 11:14:09.396904'),('c6s3rwhhqr8pugp0ku2g7vvic9hmy5s3','eyJVc2VyX0lkIjoxNjUsIlVzZXJfVHlwZSI6InVzZXIiLCJfc2Vzc2lvbl9leHBpcnkiOjg2NDAwfQ:1vOZ7t:nBC_8VKkgV_e_u354mJbwD9LPRP97qSGKDXUNJlv9Bg','2025-11-28 10:21:25.976178'),('c8a6y2cbknc1fipko7bqvnxrup98zg2g','eyJVc2VyX0lkIjoxMzMsIlVzZXJfVHlwZSI6InVzZXIiLCJfc2Vzc2lvbl9leHBpcnkiOjg2NDAwfQ:1vJT86:G6yMR8S8W9_145aIo6CDyzYanex9CdtjEuCNCGVohGQ','2025-11-14 08:56:34.858538'),('c972veg0753edcke6p3jvakfpft6nr4d','eyJVc2VyX0lkIjoyMywiVXNlcl9UeXBlIjoidXNlciIsIl9zZXNzaW9uX2V4cGlyeSI6ODY0MDB9:1v8uDi:W5ulKQAngnLxbRq6DJ9spf0EYQMhOgSLUht4Xdkpe7c','2025-10-16 05:38:42.896858'),('cbg25cpuprfc42dhr5q7upgtk7t0p3f2','eyJVc2VyX0lkIjoxNzIsIlVzZXJfVHlwZSI6InVzZXIiLCJfc2Vzc2lvbl9leHBpcnkiOjg2NDAwfQ:1vNnIR:NUNOg-p-FCcZWVaZ5vvHD6U3qkgpLNU3cqwrI_Emz4E','2025-11-26 07:17:07.400926'),('cceqst23ssplnlrqmr0yxnis79fys6s2','eyJVc2VyX0lkIjoxMTMsIlVzZXJfVHlwZSI6InVzZXIiLCJfc2Vzc2lvbl9leHBpcnkiOjg2NDAwfQ:1vE0GB:gFQHwzI-jBI5XaIAMmuXDGzZTJaRTWZd7HB4BxTPhfM','2025-10-30 07:06:19.361056'),('cchoub10pf9fc2is7cokle0517vstcqt','eyJVc2VyX0lkIjoxMTYsIlVzZXJfVHlwZSI6InVzZXIiLCJfc2Vzc2lvbl9leHBpcnkiOjg2NDAwfQ:1vKrY7:Eu0299whpiY7aIo44DKCkAYEE8TJW8xntHHOExwvF3Y','2025-11-18 05:13:11.757099'),('cdhhjmlc4v3i5fyvq7vh6afra4mpy2in','eyJVc2VyX0lkIjo0NCwiVXNlcl9UeXBlIjoidXNlciIsIl9zZXNzaW9uX2V4cGlyeSI6ODY0MDB9:1v8XPm:uuCYBGsQ9C0uX6C_sNZsOhb6CDVO97PEoDOspW1qfiw','2025-10-15 05:17:38.414249'),('cdkshyuciyhmdw9twzbde50n39o2tfzh','eyJVc2VyX0lkIjoxMDksIlVzZXJfVHlwZSI6InVzZXIiLCJfc2Vzc2lvbl9leHBpcnkiOjg2NDAwfQ:1vGD6e:2JG6ydV8uFfBfZ8N59gGfDLeID5HzvQEnT2-0Agt3WE','2025-11-05 09:13:36.720732'),('cf4wij52saw3kgfcda1ces9eurilis81','eyJVc2VyX0lkIjo2NSwiVXNlcl9UeXBlIjoidXNlciIsIl9zZXNzaW9uX2V4cGlyeSI6ODY0MDB9:1v8yuJ:3KYee9uYrqB7-0EaVVOKn8jKGTo_ypNh_jMEH-rqS7E','2025-10-16 10:38:59.266231'),('cglciyx7aybx7v6bopek7feue99j1xlm','eyJVc2VyX0lkIjoxMDksIlVzZXJfVHlwZSI6InVzZXIiLCJfc2Vzc2lvbl9leHBpcnkiOjg2NDAwfQ:1vEPBF:r6HU_y0BsZ_g0JnF6H4BvnwKTSfDYb0kE8jBzVzPQL8','2025-10-31 09:42:53.104448'),('ciwogou8wu95lyivwn63w4zykm127l3l','eyJVc2VyX0lkIjo1MywiVXNlcl9UeXBlIjoidXNlciIsIl9zZXNzaW9uX2V4cGlyeSI6ODY0MDB9:1v3V0M:IjnYTP7Dz-cjVspEO62azYuNNtYAxwNJx-Ij7NUl6F8','2025-10-01 07:42:34.047508'),('cjigepxzewaxh03i2tdoxt76fak64x36','eyJVc2VyX0lkIjoxNjMsIlVzZXJfVHlwZSI6InVzZXIiLCJfc2Vzc2lvbl9leHBpcnkiOjg2NDAwfQ:1vO7xc:LxnUnT_RGdDjb1ELjKYbroQlcKkAEy7u_Cc6xgPcGg8','2025-11-27 05:21:00.455285'),('clajfas0ryyjngnb5i1me6rlu7kw95d1','eyJVc2VyX0lkIjoxOTAsIlVzZXJfVHlwZSI6InVzZXIiLCJfc2Vzc2lvbl9leHBpcnkiOjg2NDAwfQ:1vOygQ:fZjDpdCwc8K5i-cgSafrpgp-qFoUWEUjr2NvufafaMI','2025-11-29 13:38:46.136635'),('clbh6kfjvr76d9j91ltj004fs1ay2p0g','eyJVc2VyX0lkIjo2MSwiVXNlcl9UeXBlIjoidXNlciIsIl9zZXNzaW9uX2V4cGlyeSI6ODY0MDB9:1v7C0c:Z7XqPZgkYOk-zVJQAP6qFAHaSyDhFh_T-P27ArV-sJA','2025-10-11 12:14:06.417023'),('clqj4twngqp0cwoc4awuig7rysyjzmqa','eyJVc2VyX0lkIjoxMjAsIlVzZXJfVHlwZSI6InVzZXIiLCJfc2Vzc2lvbl9leHBpcnkiOjg2NDAwfQ:1vB9vH:W9bPVDtho8e6LgF818S2-RvQLxbzneqruHGJJ4dfmn4','2025-10-22 10:48:59.765251'),('commvww98g8fgt4it66ihdhufk2f0doh','eyJVc2VyX0lkIjoxMzQsIlVzZXJfVHlwZSI6InVzZXIiLCJfc2Vzc2lvbl9leHBpcnkiOjg2NDAwfQ:1vGwNQ:U0Oz0dxWYQka4ZaT6K2g-i-JJyeleV9VaTrIM6pCkZU','2025-11-07 09:33:56.320365'),('cpy7ey8rjwvb60103zsg1jimgsxik0l1','eyJVc2VyX0lkIjoxMzEsIlVzZXJfVHlwZSI6InVzZXIiLCJfc2Vzc2lvbl9leHBpcnkiOjg2NDAwfQ:1vIlcn:rTHcwAch9ZEoWJ33AdtPWsyAHA7njXjqE8HQBHsJtLk','2025-11-12 10:29:21.451652'),('cr68g0k2h9svim58p6jdjspdeb986ior','eyJVc2VyX0lkIjoxNjYsIlVzZXJfVHlwZSI6InVzZXIiLCJfc2Vzc2lvbl9leHBpcnkiOjg2NDAwfQ:1vMJQL:kAPsoWdod9OUsa0x1rK5bdLYrzbfGa2XerZnqacQTW4','2025-11-22 05:11:09.230576'),('cuphb2od4x4lh1sj3ymbh75m2ql5iw88','eyJVc2VyX0lkIjoxMzMsIlVzZXJfVHlwZSI6InVzZXIiLCJfc2Vzc2lvbl9leHBpcnkiOjg2NDAwfQ:1vIOZW:Qy_k8nerUC_PFwZ4tHuh5o6r_UFOfn8h1WiX2aAxNlc','2025-11-11 09:52:26.817792'),('cvgsjhhctdfqr23kxlxn73762fg36a25','eyJVc2VyX0lkIjo2NSwiVXNlcl9UeXBlIjoidXNlciIsIl9zZXNzaW9uX2V4cGlyeSI6ODY0MDB9:1v8bIN:XVZr9AsAtPtS_gVIJ4P8Rgt2uaGPgk9sXp5IxKrZABM','2025-10-15 09:26:15.215867'),('cvhriq5ggf7ydgt14xk94s04vki9uj6n','eyJVc2VyX0lkIjo2NSwiVXNlcl9UeXBlIjoidXNlciIsIl9zZXNzaW9uX2V4cGlyeSI6ODY0MDB9:1v8Bjb:z1B_8yoTT3sCqHsPJM6-yD6mYZ0oEeQNVD_Z6H1QOFE','2025-10-14 06:08:39.191580'),('cw7q9m10pbhxqqycv4c8d5tyu741q0br','eyJVc2VyX0lkIjoxOTQsIlVzZXJfVHlwZSI6InVzZXIiLCJfc2Vzc2lvbl9leHBpcnkiOjg2NDAwfQ:1vR29B:BlXU-38igaY8fqWvausgkyhE4Endml8bG28QVlY9KvU','2025-12-05 05:44:57.321892'),('cwt4okvwi4v4vh5zan4z27immznzuypo','eyJVc2VyX0lkIjoxMjQsIlVzZXJfVHlwZSI6InVzZXIiLCJfc2Vzc2lvbl9leHBpcnkiOjg2NDAwfQ:1vEME5:j-tzmSQdrlBH3kjXoUk2Z8o-vFe9A3dste4Hx6I93Ts','2025-10-31 06:33:37.877485'),('cx8qa7kfabeomqacgfsey3jl68srh6cy','eyJVc2VyX0lkIjoxMDQsIlVzZXJfVHlwZSI6InVzZXIiLCJfc2Vzc2lvbl9leHBpcnkiOjg2NDAwfQ:1v9LVN:nBXOLX9qF9-u1T-yIhR51jc6X4c3o1ebbgvgp3IXZWM','2025-10-17 10:46:45.185712'),('cxh7djddwtd4z6orjyd3wge60o2j7llh','eyJVc2VyX0lkIjoxNCwiVXNlcl9UeXBlIjoidXNlciIsIl9zZXNzaW9uX2V4cGlyeSI6ODY0MDB9:1v1IaZ:ZJiXf-3l_YOOsQky0Z1nRKeOtN5znpCK5taJ91W9uUM','2025-09-25 06:02:51.950534'),('cxuqpe0dqiw9oi60i4kzxvqo449th6os','eyJVc2VyX0lkIjoxMjYsIlVzZXJfVHlwZSI6InVzZXIiLCJfc2Vzc2lvbl9leHBpcnkiOjg2NDAwfQ:1vDGwV:VuPCNF8pJ-Mo3j6e25ayC9wqLK1hS2-BRW9i5a_LYmU','2025-10-28 06:42:59.222111'),('cxxgxxaeir9zfnx5m741xkmn9t6ooaof','eyJVc2VyX0lkIjoxMzEsIlVzZXJfVHlwZSI6InVzZXIiLCJfc2Vzc2lvbl9leHBpcnkiOjg2NDAwfQ:1vHFGJ:aR_meJrJZZwETn0LKN77IT5QLC_hTj7ditD2vaq6wOY','2025-11-08 05:43:51.813820'),('cy7i2fwbu1nffh33ie5du8pjb4dj8lki','eyJVc2VyX0lkIjoxNSwiVXNlcl9UeXBlIjoidXNlciIsIl9zZXNzaW9uX2V4cGlyeSI6ODY0MDB9:1v3WW8:2cHwnYY-uZcuRn6xg5KdSBNBqshCR4UoI1zcsB8PoN4','2025-10-01 09:19:28.651348'),('cyf0w2l1ak4050v2xlo88t4xxrtgn55a','eyJVc2VyX0lkIjoxMzEsIlVzZXJfVHlwZSI6InVzZXIiLCJfc2Vzc2lvbl9leHBpcnkiOjg2NDAwfQ:1vIiwO:JygwrvuP_hCu82Pip3PqKi2cOvwudP1cMzqXnTRoXjY','2025-11-12 07:37:24.886760'),('cywh5vucsvauh9cwxwbfi3xfx2b7ih9y','eyJVc2VyX0lkIjoxMjcsIlVzZXJfVHlwZSI6InVzZXIiLCJfc2Vzc2lvbl9leHBpcnkiOjg2NDAwfQ:1vIiQp:WkpkgxOFQ9P9s-vx7gUElkApY2TCE4lTpkdeIwTYOYg','2025-11-12 07:04:47.179765'),('d2qnatqmafipjx2bq4jt5byfmbiobgvl','eyJVc2VyX0lkIjoxMDksIlVzZXJfVHlwZSI6InVzZXIiLCJfc2Vzc2lvbl9leHBpcnkiOjg2NDAwfQ:1vEhx1:9wljY_ClcOfTi6fP2C5pyTkJwZqjDa-Z4QvTO2sFfcs','2025-11-01 05:45:27.387050'),('d41bdvexj8ijxutry4gbbacijqrnd5qf','eyJVc2VyX0lkIjoxMjQsIlVzZXJfVHlwZSI6InVzZXIiLCJfc2Vzc2lvbl9leHBpcnkiOjg2NDAwfQ:1vDhMI:4tX1adqrosgPWZvfoRBmibI2P3RxNVhoBNUc91S3Xtc','2025-10-29 10:55:22.706070'),('d4qpr16zoyjhm9z7uqcia1sgbq3rtqq3','eyJVc2VyX0lkIjoxNjIsIlVzZXJfVHlwZSI6InVzZXIiLCJfc2Vzc2lvbl9leHBpcnkiOjg2NDAwfQ:1vLgDe:DRoZMkP2Ls8MAja-qNGsQZpbl8UncesnmfwDGUWN7ow','2025-11-20 11:19:26.800034'),('d5afuzj2orvc30q7zjiq280xriu9f441','eyJVc2VyX0lkIjoxMjYsIlVzZXJfVHlwZSI6InVzZXIiLCJfc2Vzc2lvbl9leHBpcnkiOjg2NDAwfQ:1vJTR3:WhxgnOM3A-IvjWaZ3jiHsYtudGNHb70GBDA-YN694DU','2025-11-14 09:16:09.510062'),('d5seb730gloxt3lx98m2rrhhfmbbaarf','eyJVc2VyX0lkIjoxNCwiVXNlcl9UeXBlIjoidXNlciIsIl9zZXNzaW9uX2V4cGlyeSI6ODY0MDB9:1vETwS:B9kN2eP2OymCERDweKwuwZ7sOGKZwNqLSjibtycza5Y','2025-10-31 14:47:56.042179'),('d7ey9zr4iin1azlnjmtztivqqisz57mz','eyJVc2VyX0lkIjoxMzMsIlVzZXJfVHlwZSI6InVzZXIiLCJfc2Vzc2lvbl9leHBpcnkiOjg2NDAwfQ:1vIlfH:Q7-OR6FEUiaytpyTNPBhlBSTE4HshzghLkwsuD2rlVw','2025-11-12 10:31:55.278122'),('d8f0c61upcunmgrrmxhtooi903cu7ed4','eyJVc2VyX0lkIjoxOTcsIlVzZXJfVHlwZSI6InVzZXIiLCJfc2Vzc2lvbl9leHBpcnkiOjg2NDAwfQ:1vR6vK:ju2oWnI0DjDlHlSkN8fRvA45lWNDZUcdE28M2UxKG6A','2025-12-05 10:50:58.563936'),('d8oxxc2vj20ykq4pueoujzhdzqzoc80b','eyJVc2VyX0lkIjoxMjcsIlVzZXJfVHlwZSI6InVzZXIiLCJfc2Vzc2lvbl9leHBpcnkiOjg2NDAwfQ:1vGWSE:Li_xPhgxO2ttZigmi6VwpK4QAgFf3vTWP0eNKpRYTmM','2025-11-06 05:53:10.265805'),('d93rz4o08yiutz6h56ki7qaml1co6jcl','eyJVc2VyX0lkIjo1OCwiVXNlcl9UeXBlIjoidXNlciIsIl9zZXNzaW9uX2V4cGlyeSI6ODY0MDB9:1uu3wo:Un1MO1ijFEkmBtT5RBDkI7MzwInwSReDJ5UydDmHM6Q','2025-09-05 06:59:54.155427'),('dae5wg3r9yw49awpyrvkgci6ufj5bnne','eyJVc2VyX0lkIjoyMywiVXNlcl9UeXBlIjoidXNlciIsIl9zZXNzaW9uX2V4cGlyeSI6ODY0MDB9:1utJ0L:lIAx2XqZSdh8f_Ri0BLgYkqE4pokbyy430RWwBs89Ng','2025-09-03 04:52:25.656767'),('db4qrqijqykne08fgdrixeci9atlvvwb','eyJVc2VyX0lkIjoyNCwiVXNlcl9UeXBlIjoidXNlciIsIl9zZXNzaW9uX2V4cGlyeSI6ODY0MDB9:1uvsfQ:CUFVbgcyi4vbSqXSOgMUF7cfgpVAQ8IrAfP_zPWk28I','2025-09-10 07:21:28.649840'),('dbowtnolx5149o5atjxuozm1ott14nrq','eyJVc2VyX0lkIjo2NiwiVXNlcl9UeXBlIjoidXNlciIsIl9zZXNzaW9uX2V4cGlyeSI6ODY0MDB9:1vEUAL:HNN1PzYXXzZ9Ui1wUzYWK8RIQww3nyr-9yhoi5dLqN0','2025-10-31 15:02:17.368181'),('dddiv56phzqj0dbetjka92auokuhbgda','eyJVc2VyX0lkIjoxMTQsIlVzZXJfVHlwZSI6InVzZXIiLCJfc2Vzc2lvbl9leHBpcnkiOjg2NDAwfQ:1vB949:o5hHN14QJ6D2GWYVBopc0fLzJ3gmyBKRo5mmya3u33s','2025-10-22 09:54:05.316191'),('deusu073sowoiu5b5amsaz48bfd9hc2l','eyJVc2VyX0lkIjoxNSwiVXNlcl9UeXBlIjoidXNlciIsIl9zZXNzaW9uX2V4cGlyeSI6ODY0MDB9:1uySKG:8YN8JbG_zqdFqCoN266OiAUewS3-zdWqRAnAbywmegI','2025-09-17 09:50:16.542761'),('dey1qlfu8bkrokfhrc4mejv310k94dng','eyJVc2VyX0lkIjoxOTQsIlVzZXJfVHlwZSI6InVzZXIiLCJfc2Vzc2lvbl9leHBpcnkiOjg2NDAwfQ:1vR5kh:sbCmclrF2OyItoYhf9r2IB4gxQaVA9Io6JqhhzcMLDs','2025-12-05 09:35:55.766307'),('df5nliixyzvbh0uubtnf9qwtjr5gkn5c','eyJVc2VyX0lkIjoxNSwiVXNlcl9UeXBlIjoidXNlciIsIl9zZXNzaW9uX2V4cGlyeSI6ODY0MDB9:1v0GXr:OXi9JyYZVNHtjT050WdKDtrszWuGp2i4ZazLpZMPcgE','2025-09-22 09:39:47.597207'),('dftmw2o8gneclbyqkm9tu1vxap1dpde7','eyJVc2VyX0lkIjoxOTMsIlVzZXJfVHlwZSI6InVzZXIiLCJfc2Vzc2lvbl9leHBpcnkiOjg2NDAwfQ:1vQkdN:RRsKQoI6XGGybvurIoce3EZwxR2frob7VZJrGWwpspc','2025-12-04 11:02:57.607345'),('dh74jtjq0kc0quk6b0rqypl51pgzm96v','eyJVc2VyX0lkIjoxNjksIlVzZXJfVHlwZSI6InVzZXIiLCJfc2Vzc2lvbl9leHBpcnkiOjg2NDAwfQ:1vLg5u:ShV1IB2R4-lOIsGNBL0wmh5vpR31HerWUpJj2Xo3zYs','2025-11-20 11:11:26.295439'),('dj2zz2tosphlww9v7iwrghzkmxva1x4s','eyJVc2VyX0lkIjoxNjAsIlVzZXJfVHlwZSI6InVzZXIiLCJfc2Vzc2lvbl9leHBpcnkiOjg2NDAwfQ:1vOtss:LagJTk94g9QLLuE5A07TGEs4j7TKTizOUP49NwB20GQ','2025-11-29 08:31:18.246660'),('djns50bayfxj6cvz8h98qi49uoou5qaf','eyJVc2VyX0lkIjoyMTUsIlVzZXJfVHlwZSI6InVzZXIiLCJfc2Vzc2lvbl9leHBpcnkiOjg2NDAwfQ:1vXvHQ:PK4AWO-pAnRHS5RD_qNoY9SRXn-u9Jlwxhcc9LTBd0c','2025-12-24 05:49:56.891627'),('dkns637v4kvfjssxp2v6i41yds1jqzzl','eyJVc2VyX0lkIjoxNSwiVXNlcl9UeXBlIjoidXNlciIsIl9zZXNzaW9uX2V4cGlyeSI6ODY0MDB9:1vEnY5:bRxZUwp6u1VJCz2xExtRM_SEq5xDqd6daXArfRtP3Mo','2025-11-01 11:44:05.706350'),('dm20bk6x85tcsnfa1ip8kaatra1f33wg','eyJVc2VyX0lkIjoxMjQsIlVzZXJfVHlwZSI6InVzZXIiLCJfc2Vzc2lvbl9leHBpcnkiOjg2NDAwfQ:1vINFr:DxGf9DBBuc2fvLfw2SyEmO6xbHv0D3RxIjBl6Hr1MZs','2025-11-11 08:28:03.425517'),('dn2la6uij0vptrtb3zsxgh280h38eoyk','eyJVc2VyX0lkIjoxOTcsIlVzZXJfVHlwZSI6InVzZXIiLCJfc2Vzc2lvbl9leHBpcnkiOjg2NDAwfQ:1vRlTO:7vrMURlWz_ToNtKCU1CRhnu5xGFTG33F-37uR2pmEJo','2025-12-07 06:08:50.782937'),('dn5cgx8wt0b9vl85ps61mw7vbhcezwz0','eyJVc2VyX0lkIjo1MywiVXNlcl9UeXBlIjoidXNlciIsIl9zZXNzaW9uX2V4cGlyeSI6ODY0MDB9:1uy78B:xjN-9WqqmT-DGm3RC8AUHH-916IeGTGDpBbLOhzACxI','2025-09-16 11:12:23.883998'),('dne2ul62blhowabi46kyylku46l78lxd','eyJVc2VyX0lkIjo1MywiVXNlcl9UeXBlIjoidXNlciIsIl9zZXNzaW9uX2V4cGlyeSI6ODY0MDB9:1uvUlZ:_zgRmEK396F7AD5anb9joAG9iU-0cNW6sjKheHoj-Po','2025-09-09 05:50:13.691793'),('dp4upgvdsur45r30k5qihwn2k7dueg5h','eyJVc2VyX0lkIjoxMjQsIlVzZXJfVHlwZSI6InVzZXIiLCJfc2Vzc2lvbl9leHBpcnkiOjg2NDAwfQ:1vFmfQ:7ayy7QUBCAqYiXzPhiK7HuM2FNwUB0OwIQI8MpnT1L8','2025-11-04 04:59:44.659033'),('dqmee64pb5lulrhpb2sc0cwlg34hxyfs','eyJVc2VyX0lkIjoxNSwiVXNlcl9UeXBlIjoidXNlciIsIl9zZXNzaW9uX2V4cGlyeSI6ODY0MDB9:1uuOqj:PBgzFXeWHYy2bC2XBr9TE2NeGaEfH-HMCqVDgobk6MU','2025-09-06 05:19:01.786804'),('drzxaerbab4i9zz69v4mum4vp6sygisp','eyJVc2VyX0lkIjo1MywiVXNlcl9UeXBlIjoidXNlciIsIl9zZXNzaW9uX2V4cGlyeSI6ODY0MDB9:1uu6DO:3nR2dXXHBFoG8P39O1pP-eDO63vCF9sA8lFMwOTd4RM','2025-09-05 09:25:10.503300'),('ds3iqehca8lydsa7ywv67x55olx9n3f4','eyJVc2VyX0lkIjoxNzAsIlVzZXJfVHlwZSI6InVzZXIiLCJfc2Vzc2lvbl9leHBpcnkiOjg2NDAwfQ:1vOWJc:WVruHpe3EzlA0pR0ASHaj3BTjEe_-uVuNTq9VQSIcwM','2025-11-28 07:21:20.964843'),('duuxsadiepzne60wjsb2rfmeplwa1fmv','eyJVc2VyX0lkIjoxMzksIlVzZXJfVHlwZSI6InVzZXIiLCJfc2Vzc2lvbl9leHBpcnkiOjg2NDAwfQ:1vLD3o:3FSHWAognECBSsIauyO-I6heHfFssz6dl1L42ir5OSo','2025-11-19 04:11:20.346753'),('duzoze182bi48aj9gtwypmvu667l1fz8','eyJVc2VyX0lkIjoyMDgsIlVzZXJfVHlwZSI6InVzZXIiLCJfc2Vzc2lvbl9leHBpcnkiOjg2NDAwfQ:1vYHou:x0p3AIaIO9oOb3iGZDjnGPESbj172u4vLlm11N5sXXg','2025-12-25 05:54:00.097566'),('dx8gsnbkuz2dny59ixkbcnvdpi11se3w','eyJVc2VyX0lkIjo0NCwiVXNlcl9UeXBlIjoidXNlciIsIl9zZXNzaW9uX2V4cGlyeSI6ODY0MDB9:1urxDf:k0qIBDwPk-UWsqO05OYpTKkLrdQb9ISHCpH0A5i1JU0','2025-08-30 11:24:35.344290'),('dxscj9o9xjx1yapts9zooc62x2w91oyo','eyJVc2VyX0lkIjoxNSwiVXNlcl9UeXBlIjoidXNlciIsIl9zZXNzaW9uX2V4cGlyeSI6ODY0MDB9:1v92eU:HkfMVGCK191xvmjlhcz_f9gxa2Cq5httQAWaxC2WL0E','2025-10-16 14:38:54.804410'),('dxyh06zcjo1p2zoxunea7ry8wo2wwc0a','eyJVc2VyX0lkIjo2MiwiVXNlcl9UeXBlIjoidXNlciIsIl9zZXNzaW9uX2V4cGlyeSI6ODY0MDB9:1v9z3s:wrEOnWuTUzZMyinM1-w95z8E5t_pE6Mj55AAnbXbQ0Q','2025-10-19 05:01:00.182084'),('dzozbxi4ucpb0w0goz5fe9rm9xu9n2rw','e30:1urqix:9e4n_rcpLxb59Dih5rqVSgoImesTFKmjjcFqipdR7tw','2025-08-30 04:28:27.943161'),('e31aold907yq4daqsx17jwtymymhgd73','eyJVc2VyX0lkIjoxMTYsIlVzZXJfVHlwZSI6InVzZXIiLCJfc2Vzc2lvbl9leHBpcnkiOjg2NDAwfQ:1vJq1X:ZySbIgXD9V-br9CgjTKBOu5ymGlzwrRciEWnZneV1_M','2025-11-15 09:23:19.715785'),('e4d06z33rptz6fybi35mjqvf6ptva5dz','eyJVc2VyX0lkIjoyMDUsIlVzZXJfVHlwZSI6InVzZXIiLCJfc2Vzc2lvbl9leHBpcnkiOjg2NDAwfQ:1vWS6w:4HajD5V3rYMqjChc4nKatPSqgAzkR3GFewidRlNYLQc','2025-12-20 04:29:02.062604'),('e4z63ffphbvfmvxyoc23c4ojoy2wcdb1','eyJVc2VyX0lkIjo2MiwiVXNlcl9UeXBlIjoidXNlciIsIl9zZXNzaW9uX2V4cGlyeSI6ODY0MDB9:1vCZue:p-t5WUDVfxxBEepoV5WsO8I9RvsSO7Lt-GX_1YPGj1I','2025-10-26 08:46:12.245660'),('e5v35h2fp5xwdjwt8bmu13in3w43vinp','eyJVc2VyX0lkIjoxMjQsIlVzZXJfVHlwZSI6InVzZXIiLCJfc2Vzc2lvbl9leHBpcnkiOjg2NDAwfQ:1vKA7Z:O-mYH4142qsfb0378TjL-5IwypzBu6ATP6dgPPomSEo','2025-11-16 06:50:53.406933'),('e6av7z36idbgme8tfj574t45vsq4xxjr','eyJVc2VyX0lkIjoyMDMsIlVzZXJfVHlwZSI6InVzZXIiLCJfc2Vzc2lvbl9leHBpcnkiOjg2NDAwfQ:1vSYtA:PddgIc4R1DboiiDWoRDXW0giO6qs7rsL1KHqAduv22c','2025-12-09 10:54:44.930189'),('e8s3r4bk2yjfdtwbf56sl8sc80lfctrr','eyJVc2VyX0lkIjo2MiwiVXNlcl9UeXBlIjoidXNlciIsIl9zZXNzaW9uX2V4cGlyeSI6ODY0MDB9:1ury0S:XKDxOIU0t6GQgendry71FBBHw-CWrEqIwfNLiI3mpks','2025-08-30 12:15:00.435775'),('eac87xm51i7732yjetz6vdlzij1j4m3s','e30:1vY0eZ:JXjmDlX6m1vstzMv_lAo0qOw4ZFDQU10sJDS0i1tDsA','2025-12-24 11:34:11.880331'),('ed9bjl4lqh8uppg4cvl4eb0v14pbyl4u','eyJVc2VyX0lkIjoxNjcsIlVzZXJfVHlwZSI6InVzZXIiLCJfc2Vzc2lvbl9leHBpcnkiOjg2NDAwfQ:1vPwE1:_0Fxe_DOAFIiD0mBVKeGzLJpUfTKqRw2nG4bPlXN1_w','2025-12-02 05:13:25.367482'),('edlyli8xxw5fm6tzzcg24lnxb9rtgqus','eyJVc2VyX0lkIjoxMzMsIlVzZXJfVHlwZSI6InVzZXIiLCJfc2Vzc2lvbl9leHBpcnkiOjg2NDAwfQ:1vGF3i:5PaeJOQoGLqY0GrNv04P09rwNcCdRsv4d1x4PK0lSio','2025-11-05 11:18:42.277348'),('efevby742g6l6iuern09jxgnzibr3hmp','eyJVc2VyX0lkIjoxMTcsIlVzZXJfVHlwZSI6InVzZXIiLCJfc2Vzc2lvbl9leHBpcnkiOjg2NDAwfQ:1vCZDM:LCHOtiWOWpMR2sxGDj94Xoeg3YR8gdGz9xVJc-zso6U','2025-10-26 08:01:28.562065'),('efmsykokv7emi725crjirv1sdbj7ojj2','eyJVc2VyX0lkIjozNywiVXNlcl9UeXBlIjoidXNlciIsIl9zZXNzaW9uX2V4cGlyeSI6ODY0MDB9:1uuUMJ:zw6jAjr40yljSo3MGVLFDW4Dh7uHFHQKzLQ7pDJBtLI','2025-09-06 11:11:59.230609'),('ega729bmdcwzk3fbbhmuvxj2iw6411fr','eyJVc2VyX0lkIjoxMzMsIlVzZXJfVHlwZSI6InVzZXIiLCJfc2Vzc2lvbl9leHBpcnkiOjg2NDAwfQ:1vGaID:DnqhlC_KN2eA61hvdjbusAe7lQBMdjDTs2ZP9Uuhdo0','2025-11-06 09:59:05.107588'),('eghh6pw7bbm4dzt6f8054g5tckdmoann','eyJVc2VyX0lkIjoxMjAsIlVzZXJfVHlwZSI6InVzZXIiLCJfc2Vzc2lvbl9leHBpcnkiOjg2NDAwfQ:1vBu2f:7uC2z55YFqqicYwB-4dxa8i5tj2G97uQ9-ygwaod_0I','2025-10-24 12:03:41.464500'),('egtaehcgt0q189nm8doao1txj1fs1nkb','eyJVc2VyX0lkIjoxMTMsIlVzZXJfVHlwZSI6InVzZXIiLCJfc2Vzc2lvbl9leHBpcnkiOjg2NDAwfQ:1vLHaQ:E0oLR7_24hmlsx2doGS7YZp7nn4EFv7OPTsojvlT8qc','2025-11-19 09:01:18.317229'),('ehoxzzk6u0xcf2l6syp0k0l2axyqkdtr','e30:1vY0eZ:JXjmDlX6m1vstzMv_lAo0qOw4ZFDQU10sJDS0i1tDsA','2025-12-24 11:34:11.834164'),('ek96gy8t1nsf7wh07kjdlwqu72s4giwp','eyJVc2VyX0lkIjoxNjcsIlVzZXJfVHlwZSI6InVzZXIiLCJfc2Vzc2lvbl9leHBpcnkiOjg2NDAwfQ:1vMP6Y:5r5VbiquddjZ1-6ogY4N4RXrdG9-TciK1no99lfxfqk','2025-11-22 11:15:06.460390'),('eky4gabsxcp3sol7fnttn4we4wt85dob','eyJVc2VyX0lkIjoxNjMsIlVzZXJfVHlwZSI6InVzZXIiLCJfc2Vzc2lvbl9leHBpcnkiOjg2NDAwfQ:1vOyWO:4blOLkm7aWd_hRTeS73CzQh6e8LsQjbsSyIL8UcH6R0','2025-11-29 13:28:24.904092'),('em7g8ghbxwfvtsm42sza9frqblxlivd3','eyJVc2VyX0lkIjoxMTcsIlVzZXJfVHlwZSI6InVzZXIiLCJfc2Vzc2lvbl9leHBpcnkiOjg2NDAwfQ:1vCB2P:vTbpgkpiPyQqycHFwodBO2HrgfVrUChzmjvZt3V6IgU','2025-10-25 06:12:33.122323'),('emocfqdbvf0z6au71v2wnuvv4v6xsczu','eyJVc2VyX0lkIjoyMywiVXNlcl9UeXBlIjoidXNlciIsIl9zZXNzaW9uX2V4cGlyeSI6ODY0MDB9:1ut3go:9k-tGnz7rnbPLRGo5cpM-b0yAcTVIXsb-st--F9x9eM','2025-09-02 12:31:14.455361'),('en1kep3my40xjk9rvphcwq235eq5jx31','eyJVc2VyX0lkIjoxNzAsIlVzZXJfVHlwZSI6InVzZXIiLCJfc2Vzc2lvbl9leHBpcnkiOjg2NDAwfQ:1vLxA1:yxy-o7bat0T5tJUvHTrcKVEm-knsAqz3vfjVabQMTjw','2025-11-21 05:24:49.399397'),('eoqfa1l8wx1vmv1ww2hz0c4hzydkrui3','eyJVc2VyX0lkIjo2NSwiVXNlcl9UeXBlIjoidXNlciIsIl9zZXNzaW9uX2V4cGlyeSI6ODY0MDB9:1usDyG:bAKAvEJhsEaLlPY2WOYY84LYHNY1fZJ_PYSitv3g718','2025-08-31 05:17:48.684474'),('ep1iu6xqmyithh3fzw4ls2oysnv62mz8','eyJVc2VyX0lkIjoxMjYsIlVzZXJfVHlwZSI6InVzZXIiLCJfc2Vzc2lvbl9leHBpcnkiOjg2NDAwfQ:1vJUY7:fYkLsRR4JtWFb9atk7uv1JQf5ndJYHbm7Bc8ytUm83k','2025-11-14 10:27:31.008948'),('ep5pn7gj9mn3jj2ogsb9msl5rjsjjqzg','eyJVc2VyX0lkIjo2MiwiVXNlcl9UeXBlIjoidXNlciIsIl9zZXNzaW9uX2V4cGlyeSI6ODY0MDB9:1uyUVN:CatlPgZSH7jGTlZYMOCzV6ZMfT8pJI9Y4KlSoGf1aLA','2025-09-17 12:09:53.759606'),('eqf8180287qbrg37rjisgvv8hubu6vpb','eyJVc2VyX0lkIjoxNjksIlVzZXJfVHlwZSI6InVzZXIiLCJfc2Vzc2lvbl9leHBpcnkiOjg2NDAwfQ:1vOWcf:dtnZhTXnPPVFHfBJxZGhv2UUigwFVQykra4CNZoDJAk','2025-11-28 07:41:01.192903'),('erxxzg9rbm02k8x9a0qjf3uuz0iny1vg','eyJVc2VyX0lkIjo2NSwiVXNlcl9UeXBlIjoidXNlciIsIl9zZXNzaW9uX2V4cGlyeSI6ODY0MDB9:1uy5Oc:G1hX8WXYO72lcgHyw8-7CY_gpINzgWWpXwfRr4HaSSc','2025-09-16 09:21:14.408040'),('esd50k5ntd1htd2looeiy5menygq6a0o','eyJVc2VyX0lkIjo0NCwiVXNlcl9UeXBlIjoidXNlciIsIl9zZXNzaW9uX2V4cGlyeSI6ODY0MDB9:1uzY4q:cwoYXsMyof-3BRnhStrdgmZ90GRntv8cQfWDkczwgso','2025-09-20 10:10:52.618569'),('etu7nk3iff40zrwdzqcyc0y4squkyczi','eyJVc2VyX0lkIjoxNCwiVXNlcl9UeXBlIjoidXNlciIsIl9zZXNzaW9uX2V4cGlyeSI6ODY0MDB9:1vFskM:o99QrBcySMLEQnV71t6tnMJuaP6xvhIcQLWAKDgwn3c','2025-11-04 11:29:14.326935'),('exk1u2d87plq23tarf4ida9hbtmfb2m8','eyJVc2VyX0lkIjoxMTYsIlVzZXJfVHlwZSI6InVzZXIiLCJfc2Vzc2lvbl9leHBpcnkiOjg2NDAwfQ:1vCF8U:5geIT8-IU4FTVzCN8akIEGuZ1LaRUpENzwWq1Boncpw','2025-10-25 10:35:06.319565'),('exv3wob36g39fkqr3nmuj5vl7u1oryd9','eyJVc2VyX0lkIjoyNCwiVXNlcl9UeXBlIjoidXNlciIsIl9zZXNzaW9uX2V4cGlyeSI6ODY0MDB9:1ux1OH:NPlfu-OWrH-4pbyHzPXtFGd1T_lesmDZS9QGf9nfytg','2025-09-13 10:52:29.169281'),('eykb8y64qvj90ahp5l9ehci8tab29alk','eyJVc2VyX0lkIjo0MywiVXNlcl9UeXBlIjoidXNlciIsIl9zZXNzaW9uX2V4cGlyeSI6ODY0MDB9:1usyL0:rQPb6w4V1MKzP6wUeKG9fexwcUU6QBIwBO443mv_NyE','2025-09-02 06:48:22.311138'),('ezcznvf9uix7ljq95uuv06mrz1h5tcx1','e30:1ursPE:4i8pYUmbny6Ga9zd4w5XixUU44qAc2HjuhPQt9p083s','2025-08-30 06:16:12.345438'),('f01i1jeux8yggstvvh9ebftvoforskh6','eyJVc2VyX0lkIjoyMywiVXNlcl9UeXBlIjoidXNlciIsIl9zZXNzaW9uX2V4cGlyeSI6ODY0MDB9:1uyoVD:Pj3bueBY7M1xWXBwCg0xdGw9QUUBpkI8jj20KiscBXI','2025-09-18 09:31:03.927419'),('f0lwrl5z0bagmct3onrgey39ha26r5gd','eyJVc2VyX0lkIjo2NiwiVXNlcl9UeXBlIjoidXNlciIsIl9zZXNzaW9uX2V4cGlyeSI6ODY0MDB9:1uwF5q:l2PZdk4Yczy-pIQdba3yBibDIz-mUzO78Ji2jBa6i3Q','2025-09-11 07:18:14.583520'),('f16v0fv0c79ebbq8ytg740rp5bzv9aqu','eyJVc2VyX0lkIjo0OSwiVXNlcl9UeXBlIjoidXNlciIsIl9zZXNzaW9uX2V4cGlyeSI6ODY0MDB9:1urvhY:BhYToFhezrkcCQt-9M1s5JdH4udET2AuZWqroYtoKX4','2025-08-30 09:47:20.284589'),('f26hjqzga0hvyboazcl0l38s0fxmlg4z','eyJVc2VyX0lkIjoyNCwiVXNlcl9UeXBlIjoidXNlciIsIl9zZXNzaW9uX2V4cGlyeSI6ODY0MDB9:1v6j8u:lMntpBmDH8fziWRulpPQDqttyMuoEdN5U92VzDiwtvw','2025-10-10 05:24:44.825934'),('f33x0f7rsu60d7mbqr3td7fs7nkd2ui6','eyJVc2VyX0lkIjoxNjMsIlVzZXJfVHlwZSI6InVzZXIiLCJfc2Vzc2lvbl9leHBpcnkiOjg2NDAwfQ:1vOB8f:fVj9FeQqz5_VoafOoeEMkL_15lsApQ-8czouSaCll1c','2025-11-27 08:44:37.686316'),('f6t84noc9re03bv0868lrvwta7r3q837','eyJVc2VyX0lkIjoyNCwiVXNlcl9UeXBlIjoidXNlciIsIl9zZXNzaW9uX2V4cGlyeSI6ODY0MDB9:1uwbMN:NLEPug5Cp0UuSAktqHZvSqAY6FEAfjvyTTkrXfO2zdk','2025-09-12 07:04:47.611271'),('f74tki75mul385ggqmoeb35w803519pm','eyJVc2VyX0lkIjoxMTMsIlVzZXJfVHlwZSI6InVzZXIiLCJfc2Vzc2lvbl9leHBpcnkiOjg2NDAwfQ:1vJQhz:Bw7_TgPOYmMqS47ZVcSD0iaxUmJv8wRgVr2tL4Ap3Do','2025-11-14 06:21:27.798241'),('f7ms5h38xg2vcccr9u7pslxaz7pi83qb','eyJVc2VyX0lkIjoxMzIsIlVzZXJfVHlwZSI6InVzZXIiLCJfc2Vzc2lvbl9leHBpcnkiOjg2NDAwfQ:1vGwen:HC1R2f2NTDjTPtPermhr3Qc1Rc6kUSr5etH9yjPhnYI','2025-11-07 09:51:53.986230'),('f7xz9ezyw6zbq6npjn415dqwwyhli99e','eyJVc2VyX0lkIjo2MiwiVXNlcl9UeXBlIjoidXNlciIsIl9zZXNzaW9uX2V4cGlyeSI6ODY0MDB9:1uwDkW:ipA_FIXDR_IJuWthfBmlvgG8g-ixzmUfd24TDNpG5HU','2025-09-11 05:52:08.444326'),('fa3t7x4nbv2dd86sdms5hqe1z45sxs3s','eyJVc2VyX0lkIjoxMjYsIlVzZXJfVHlwZSI6InVzZXIiLCJfc2Vzc2lvbl9leHBpcnkiOjg2NDAwfQ:1vGYGJ:NliPLcNC-aHSmxWwqSSV_hheY7HMK8bPF6eHx_hHqIA','2025-11-06 07:48:59.684101'),('fac3pkdi2j0qub0a3qiu1k0dfgvey62j','eyJVc2VyX0lkIjo2MiwiVXNlcl9UeXBlIjoidXNlciIsIl9zZXNzaW9uX2V4cGlyeSI6ODY0MDB9:1v0wJx:QuOku7dwomC2XBNOkDuZlTFW-r8A306rJb2wKyyOS7A','2025-09-24 06:16:13.126473'),('fb4uu6hanzhiy772d5khpb377pvck8nz','eyJVc2VyX0lkIjoxMDksIlVzZXJfVHlwZSI6InVzZXIiLCJfc2Vzc2lvbl9leHBpcnkiOjg2NDAwfQ:1v9dwT:rFiqU0CZRo5y34zi-jhSe2jrMUNP3_ssAUg7L3bFlBI','2025-10-18 06:27:57.598003'),('fcfjmctm9678nm2d24e9olw4h52hqoog','eyJVc2VyX0lkIjoxMTIsIlVzZXJfVHlwZSI6InVzZXIiLCJfc2Vzc2lvbl9leHBpcnkiOjg2NDAwfQ:1vGWyW:OjJHE3vqG5mgO9PDHD2wuGdBMUR3HubrjFgom_iMdcQ','2025-11-06 06:26:32.663343'),('fcm5upfu2mtae4zm9s547flm9j80tyj1','eyJVc2VyX0lkIjoxMTMsIlVzZXJfVHlwZSI6InVzZXIiLCJfc2Vzc2lvbl9leHBpcnkiOjg2NDAwfQ:1vGXpX:o0OMajs2lFuFcRr8FSJC2Z_huUYGTGjkNcncgBckXjE','2025-11-06 07:21:19.002508'),('fcodu4ko0cws52hkswes0jdip3zs02rr','eyJVc2VyX0lkIjoxMjQsIlVzZXJfVHlwZSI6InVzZXIiLCJfc2Vzc2lvbl9leHBpcnkiOjg2NDAwfQ:1vGAzo:uG0h3fU0Gi4vNNtodA2M8kNOSKOZhJmbKrlx18DMAcw','2025-11-05 06:58:24.692677'),('fduvtuwa56iv8jhswocc9f6jcvmztn2r','eyJVc2VyX0lkIjo2NSwiVXNlcl9UeXBlIjoidXNlciIsIl9zZXNzaW9uX2V4cGlyeSI6ODY0MDB9:1uyTfV:b9PVBQOvzjIN1iBkUEhjo2dXTc085Pj4rHw7wwZRAb4','2025-09-17 11:16:17.595089'),('fh0zi39cvhj9578ly5m1gxi4o21eyoh9','eyJVc2VyX0lkIjoxNjMsIlVzZXJfVHlwZSI6InVzZXIiLCJfc2Vzc2lvbl9leHBpcnkiOjg2NDAwfQ:1vMJM5:h399c2DVJjGQZdc56qsWih8x0sl5CMCDcLypTk4CfqQ','2025-11-22 05:06:45.221578'),('fh3itco20ep31rfc12pvnlx304430zv4','eyJVc2VyX0lkIjoxNSwiVXNlcl9UeXBlIjoidXNlciIsIl9zZXNzaW9uX2V4cGlyeSI6ODY0MDB9:1v2Ppl:6st_uRuNf1p2e6-JMBYVLMYdx9BbvARBDwVlm2wk1Mc','2025-09-28 07:59:09.812956'),('fhg2vqnchgcjjzrvm95wi5r3w0u7e53x','e30:1vXzXy:J49WtCSE7wh-3kaNhB9zihNw6bO-brZc2XhxLp9yzEk','2025-12-24 10:23:18.330426'),('fhrbckh32shl8mud2ncpd86cw6zshzg7','eyJVc2VyX0lkIjoxMjQsIlVzZXJfVHlwZSI6InVzZXIiLCJfc2Vzc2lvbl9leHBpcnkiOjg2NDAwfQ:1vE184:JXkoBffvd6oUQpHn0sPv5kv--TWuUUKdPePFanNoQZU','2025-10-30 08:02:00.009203'),('fihw6wtxyp9leehinin919fgu9ghlzcn','eyJVc2VyX0lkIjoyNCwiVXNlcl9UeXBlIjoidXNlciIsIl9zZXNzaW9uX2V4cGlyeSI6ODY0MDB9:1v21jU:ql7fdh5ctd_JQAl5muydxWqPiGoU6T1pGqhYoETOfsY','2025-09-27 06:15:04.702878'),('fkq7utu1667x9s81qbxj624m5ybmp71o','eyJVc2VyX0lkIjoxNjksIlVzZXJfVHlwZSI6InVzZXIiLCJfc2Vzc2lvbl9leHBpcnkiOjg2NDAwfQ:1vMOUc:SEVNLfnJDasgc9uVRgDxilwf0_5UWlnIMzOYlIlY9hI','2025-11-22 10:35:54.441267'),('flqiw8qktg2uwojri2vs7i37ti1v4kqt','eyJVc2VyX0lkIjoxMzEsIlVzZXJfVHlwZSI6InVzZXIiLCJfc2Vzc2lvbl9leHBpcnkiOjg2NDAwfQ:1vJQiR:gwPsNRCr89nUwKsVu9l2chrPbhxWXmGBhFsGrbOK8YQ','2025-11-14 06:21:55.163298'),('flwlekmqfm9x395o4g8wxwg61jzv7qew','eyJVc2VyX0lkIjoxMDMsIlVzZXJfVHlwZSI6InVzZXIiLCJfc2Vzc2lvbl9leHBpcnkiOjg2NDAwfQ:1v9Ian:lOFAWz3SpEF1PuhBTNSvC04KJblpasOlMrt5w4xh2PA','2025-10-17 07:40:09.723042'),('fm2l6dzrqeveb5llcn5od8ffv0sh0ali','eyJVc2VyX0lkIjoxNjksIlVzZXJfVHlwZSI6InVzZXIiLCJfc2Vzc2lvbl9leHBpcnkiOjg2NDAwfQ:1vM3Sm:HZRDAPQm5i8z7ij-3LC4QXmVDFdw7OyIBNAphCrDE3Q','2025-11-21 12:08:36.613374'),('fn7z4i1nwxidm3lgjqe61n7o732e5rpf','eyJVc2VyX0lkIjo2MiwiVXNlcl9UeXBlIjoidXNlciIsIl9zZXNzaW9uX2V4cGlyeSI6ODY0MDB9:1v1GRA:MZb5x0uLpLzIERXUZzharruxGinUZo7iGTeqOA7Lg3I','2025-09-25 03:45:00.607666'),('fnxih7fpdsk1g33elyindgn4pta1kurn','eyJVc2VyX0lkIjoxMjcsIlVzZXJfVHlwZSI6InVzZXIiLCJfc2Vzc2lvbl9leHBpcnkiOjg2NDAwfQ:1vE5YI:iHTVVMqrM2C6mTX4I1_-VzVal-kxUH6OGqtke2huDuU','2025-10-30 12:45:22.018516'),('fo163itsswzrtoe61ldtpp59jjt62axc','eyJVc2VyX0lkIjoyMTUsIlVzZXJfVHlwZSI6InVzZXIiLCJfc2Vzc2lvbl9leHBpcnkiOjg2NDAwfQ:1vWZlg:YLu8NtLa5vlEOqQkRMW0hrq9dy6gr0ICr80NI0PpnME','2025-12-20 12:39:36.703287'),('follnutgow6caxy0spzpt2msrffekow4','eyJVc2VyX0lkIjoxMjQsIlVzZXJfVHlwZSI6InVzZXIiLCJfc2Vzc2lvbl9leHBpcnkiOjg2NDAwfQ:1vFtUb:8bEH2vM9q81SajE6DQ-vZsJ7U14GZRq5HeEj4HXWGbA','2025-11-04 12:17:01.790253'),('fq3cfqdnjwgdwtxpdmiiye5b16d7h8f0','eyJVc2VyX0lkIjo2NSwiVXNlcl9UeXBlIjoidXNlciIsIl9zZXNzaW9uX2V4cGlyeSI6ODY0MDB9:1v617Z:aJdYrWRIC5ekw8t0DodqURH4RTsKvSan4wUu7fYh6nY','2025-10-08 06:24:25.582661'),('fr9rmaf764lmdbgeh3dv0e0zc52ekomq','eyJVc2VyX0lkIjoxMjYsIlVzZXJfVHlwZSI6InVzZXIiLCJfc2Vzc2lvbl9leHBpcnkiOjg2NDAwfQ:1vIQFB:5r75-RvQDP_Jq0YaXJDHBOyEnkiCT8Rcofxs1pSzmkY','2025-11-11 11:39:33.563944'),('fub22ahrg4q12yr2oinyuqrl7auiw7um','eyJVc2VyX0lkIjoxMzIsIlVzZXJfVHlwZSI6InVzZXIiLCJfc2Vzc2lvbl9leHBpcnkiOjg2NDAwfQ:1vGGrr:Vo3gW1GKR1gwUKYj-sfao3uQmO4GQm1450XggHmwGa0','2025-11-05 13:14:35.888005'),('fvh63qa6np37s7pjvyr1d70jbx360dyk','eyJVc2VyX0lkIjo0NCwiVXNlcl9UeXBlIjoidXNlciIsIl9zZXNzaW9uX2V4cGlyeSI6ODY0MDB9:1uwdfE:gkx_YiPw3Swr5vyj1Jb4Pu4mP0xUN0aNAey_2IvIUmE','2025-09-12 09:32:24.226797'),('fvz786ohwetvudc60alzj7lu4v9va10i','eyJVc2VyX0lkIjoyMDcsIlVzZXJfVHlwZSI6InVzZXIiLCJfc2Vzc2lvbl9leHBpcnkiOjg2NDAwfQ:1vW6Ar:ZkcLlQqwA3m-OLi_GNLGtNfuU6j3rS2CnVkZoiDV5cQ','2025-12-19 05:03:37.813455'),('fw1yw52w57ohtucq24xzewd5hy85mqu0','eyJVc2VyX0lkIjozNSwiVXNlcl9UeXBlIjoidXNlciIsIl9zZXNzaW9uX2V4cGlyeSI6ODY0MDB9:1usFkx:xogjZyLr1gnMdAhlgmuxWfanRh3R1OTmkcDvExopQvI','2025-08-31 07:12:11.814120'),('fwjraw9ba2p04bqtt12q378i14c8rubi','eyJVc2VyX0lkIjoyMywiVXNlcl9UeXBlIjoidXNlciIsIl9zZXNzaW9uX2V4cGlyeSI6ODY0MDB9:1uzY2u:JijE4iiZXcn01Tn_q85QJI44yaYK1J6G7az395uVv_4','2025-09-20 10:08:52.326439'),('fxyrq3ttms3pzm2a5er7w6c7ft9kdi0n','eyJVc2VyX0lkIjo2NiwiVXNlcl9UeXBlIjoidXNlciIsIl9zZXNzaW9uX2V4cGlyeSI6ODY0MDB9:1uzr8a:9XFJeosM6JJgkOp34CO2N0ax3Ka7pBE-TnQfzJfAalg','2025-09-21 06:32:00.777260'),('fyda81ddr89f4y2dcd2msnzh7fm5s6ci','eyJVc2VyX0lkIjoxMzIsIlVzZXJfVHlwZSI6InVzZXIiLCJfc2Vzc2lvbl9leHBpcnkiOjg2NDAwfQ:1vGaIo:HdsCFuHfoahWP3erlLgPq4Dn6IbJ9jElwJUPw8Oiv8c','2025-11-06 09:59:42.741056'),('fz2jx4q2r9brz06zzknho9j2rzjxkqlt','eyJVc2VyX0lkIjoxOTMsIlVzZXJfVHlwZSI6InVzZXIiLCJfc2Vzc2lvbl9leHBpcnkiOjg2NDAwfQ:1vR25z:DU_mtGpIX1djuByStFYKUVvQZ9sfsjARhOGQg7UkR3A','2025-12-05 05:41:39.852806'),('g0gxw7yyj14tr2b59en48lks145p2ntr','eyJVc2VyX0lkIjoxNjMsIlVzZXJfVHlwZSI6InVzZXIiLCJfc2Vzc2lvbl9leHBpcnkiOjg2NDAwfQ:1vLwwW:HJRYYKuaYo4_-yRLHSV5BPmxG2X_AMUcVWQK6J4y6zo','2025-11-21 05:10:52.251168'),('g0oa5pik1xxejc3ei4fmu8e6suegqwuk','eyJVc2VyX0lkIjo2NiwiVXNlcl9UeXBlIjoidXNlciIsIl9zZXNzaW9uX2V4cGlyeSI6ODY0MDB9:1utJAX:igBVsudlIrtkHgCSvT9bjW7VUwLpO-z1RoDBDxneoO0','2025-09-03 05:02:57.594412'),('g286xtgi1ao8fco76m5jjna81byr3psl','eyJVc2VyX0lkIjoxNSwiVXNlcl9UeXBlIjoidXNlciIsIl9zZXNzaW9uX2V4cGlyeSI6ODY0MDB9:1vCGdp:6p9KSyo803o6D-2Z-zq7lhNTND1_sVMoP3nQMUDA2s0','2025-10-25 12:11:33.934912'),('g2z3a1fi11om4gza8dnfaydtuzueicrr','eyJVc2VyX0lkIjo2MiwiVXNlcl9UeXBlIjoidXNlciIsIl9zZXNzaW9uX2V4cGlyeSI6ODY0MDB9:1vFpCr:J-dtR7vRt0nHcUiEVvZUWDTrdJHZGekuISt17n-uYMA','2025-11-04 07:42:25.157432'),('g499kdniasim5xz20fvpeqmap9p3rc6x','eyJVc2VyX0lkIjoxMjQsIlVzZXJfVHlwZSI6InVzZXIiLCJfc2Vzc2lvbl9leHBpcnkiOjg2NDAwfQ:1vEQeV:xB0PmHiJOSyvmnrwRpbJqUoeF01MeiQeTfLT-zsW3nA','2025-10-31 11:17:11.228903'),('g6ka39p38rflpctvdurc80sbnuc2x87g','eyJVc2VyX0lkIjo4NSwiVXNlcl9UeXBlIjoidXNlciIsIl9zZXNzaW9uX2V4cGlyeSI6ODY0MDB9:1urvlo:CSDyUf3OfMvim3cuf2ZWe0C2lTsFHnwf8nFFz6k64ks','2025-08-30 09:51:44.727382'),('g6nzg0533dtlp1jvr4q94am1wastt139','eyJVc2VyX0lkIjoyMywiVXNlcl9UeXBlIjoidXNlciIsIl9zZXNzaW9uX2V4cGlyeSI6ODY0MDB9:1ut291:8StmFBOe4y7occDPkRkO3rHqUHk48J44r3QYIbJNmhE','2025-09-02 10:52:15.622457'),('g7jenf2b2ti02nmefvln9ab1qv35ugx6','eyJVc2VyX0lkIjoyMDcsIlVzZXJfVHlwZSI6InVzZXIiLCJfc2Vzc2lvbl9leHBpcnkiOjg2NDAwfQ:1vWTkV:tSpCB0oD3R4UkCxOcr58jQfyWoCGVb11hJhrUyLoqZs','2025-12-20 06:13:59.152388'),('g7pkjt5jsn7a7tapaygcw7ikl72wpjfd','eyJVc2VyX0lkIjoyMywiVXNlcl9UeXBlIjoidXNlciIsIl9zZXNzaW9uX2V4cGlyeSI6ODY0MDB9:1usGn5:pRhxL5h6Nuu2H_1Rpa_13ZAavqAtY9xme-XLjZQSIOY','2025-08-31 08:18:27.221441'),('g83mo9wueynrknu62gks2jns6knktlt4','eyJVc2VyX0lkIjozNywiVXNlcl9UeXBlIjoidXNlciIsIl9zZXNzaW9uX2V4cGlyeSI6ODY0MDB9:1usH26:DWBcF8wSA8_uVdT8ysAeIC4zsFvXWRzd6Hu08Oe7stc','2025-08-31 08:33:58.939983'),('gbsmsd157eoqe3kwwxrel87f7yo9b9ap','eyJVc2VyX0lkIjoxNSwiVXNlcl9UeXBlIjoidXNlciIsIl9zZXNzaW9uX2V4cGlyeSI6ODY0MDB9:1v929M:miuVUEgjOUvwc1UFA8E-PylsgrDHvPeqQARlH1WSkEs','2025-10-16 14:06:44.474681'),('gd1mw3e4vvgaxw4frm480bnvh9fgsrii','eyJVc2VyX0lkIjoxMzMsIlVzZXJfVHlwZSI6InVzZXIiLCJfc2Vzc2lvbl9leHBpcnkiOjg2NDAwfQ:1vHFVQ:xvUn_Dg18BAUQHMKKt-0aYFo4kOAQW-0dPA-aJ3SKWk','2025-11-08 05:59:28.288924'),('gd2ew4bu0b5dvnorria5nceboujhemr6','eyJVc2VyX0lkIjo2NiwiVXNlcl9UeXBlIjoidXNlciIsIl9zZXNzaW9uX2V4cGlyeSI6ODY0MDB9:1vCWUX:UFo9heT1cNIUGYwVzsf6zg4XE5GcFx5tV_Ej3os9aUk','2025-10-26 05:07:01.555063'),('gd51fo9t7bljcudbfo99yox8g7bzdkrk','eyJVc2VyX0lkIjo2NSwiVXNlcl9UeXBlIjoidXNlciIsIl9zZXNzaW9uX2V4cGlyeSI6ODY0MDB9:1uswhe:0Vb906i-BBRsgJPesNsF2gHgDrkWsAGqMNmbHA6JJsI','2025-09-02 05:03:38.064056'),('gd704rqhb3ebinfi3urp9jb2rwsflwhx','eyJVc2VyX0lkIjoxMjYsIlVzZXJfVHlwZSI6InVzZXIiLCJfc2Vzc2lvbl9leHBpcnkiOjg2NDAwfQ:1vJT5w:vF7JC4XXHtTcJGS0vQNvUY2GnAESRucjLcETR_Sa0Kw','2025-11-14 08:54:20.591398'),('ge1t6h0fuy6uxy3mq43kfxkjznlcv3qj','eyJVc2VyX0lkIjoxMTcsIlVzZXJfVHlwZSI6InVzZXIiLCJfc2Vzc2lvbl9leHBpcnkiOjg2NDAwfQ:1vBY2s:Uk_8skFDX1A9FfqJ1GLWgSrphjEUQbRU2D2lQBvoDww','2025-10-23 12:34:26.180403'),('geagapwkxez2lu6dj17chlx7zba8mo0b','eyJVc2VyX0lkIjoyMywiVXNlcl9UeXBlIjoidXNlciIsIl9zZXNzaW9uX2V4cGlyeSI6ODY0MDB9:1uzELZ:iQyj_00GfTAmHOmUX8dGPeLk-oZOT6B5qattrCJtvzQ','2025-09-19 13:06:49.140961'),('gex2oanpkno85ekf1xd3rjbgs6k8fd2d','eyJVc2VyX0lkIjoyMywiVXNlcl9UeXBlIjoidXNlciIsIl9zZXNzaW9uX2V4cGlyeSI6ODY0MDB9:1v8xRv:vYRKaPpZl8ljC48aM8agZ7EhA328UCsfiCbT-Y2ogVU','2025-10-16 09:05:35.913488'),('gfnbh0vy6w7pcudyda9isoceqlhwwj3u','eyJVc2VyX0lkIjoxMzEsIlVzZXJfVHlwZSI6InVzZXIiLCJfc2Vzc2lvbl9leHBpcnkiOjg2NDAwfQ:1vGzoT:gxZKxv9TyzPYg36MmzGygoq6ReXrvzqOzhIe8gTmJVA','2025-11-07 13:14:05.077501'),('ggj0rnnighqli55r5fi3k42h84fu08yu','e30:1vY0eZ:JXjmDlX6m1vstzMv_lAo0qOw4ZFDQU10sJDS0i1tDsA','2025-12-24 11:34:11.944826'),('ggob5vgp183vqi9xol581jafmx19l7fk','eyJVc2VyX0lkIjoxNjIsIlVzZXJfVHlwZSI6InVzZXIiLCJfc2Vzc2lvbl9leHBpcnkiOjg2NDAwfQ:1vNpsA:jb--zR-uIxybynYZrW9hz7R9nHAYn9daihtPRsDbhfc','2025-11-26 10:02:10.669433'),('ghlzyaxa7o4rv8p6n8ewosu2lntk3pjp','eyJVc2VyX0lkIjoxNCwiVXNlcl9UeXBlIjoidXNlciIsIl9zZXNzaW9uX2V4cGlyeSI6ODY0MDB9:1v1LhM:vX5IeGZ0OgB410AhHhIyf1cNXjjzoPD40ngjGfM428s','2025-09-25 09:22:04.879043'),('ghr73rwaob6lmr2zr0zw6ti87s39x7n5','eyJVc2VyX0lkIjo2NSwiVXNlcl9UeXBlIjoidXNlciIsIl9zZXNzaW9uX2V4cGlyeSI6ODY0MDB9:1uzUP0:adHsHpnQl0x6epA_VOcSp_0Q6sl1Yt5PzUgQjs81aSo','2025-09-20 06:15:26.184865'),('girloxvvtm8qzrl79cavev7spprkp1p9','e30:1usGn5:333ewq2BIyjBDW5EI-X-2pYCLLPuG3jrxKCtMo6dd9Y','2025-08-31 08:18:27.994564'),('gjzcb1fuq48c2vcvbq7gaqom6r02og6x','eyJVc2VyX0lkIjoxMTMsIlVzZXJfVHlwZSI6InVzZXIiLCJfc2Vzc2lvbl9leHBpcnkiOjg2NDAwfQ:1vLEH6:DA_1eZ0V-kSnOVE7P1IioHjXAVKdQx4IUbrx3iHr_O8','2025-11-19 05:29:08.316245'),('glfw6l99xn4h3up089le232po8flrspb','eyJVc2VyX0lkIjoxNjAsIlVzZXJfVHlwZSI6InVzZXIiLCJfc2Vzc2lvbl9leHBpcnkiOjg2NDAwfQ:1vOWJX:PKMWob56CCsd1dviFVOwj1IdAEuax8wbqDnDNxE2XQo','2025-11-28 07:21:15.611656'),('glpicxz9k1aots26wovhiihai7q4degh','eyJVc2VyX0lkIjo2NSwiVXNlcl9UeXBlIjoidXNlciIsIl9zZXNzaW9uX2V4cGlyeSI6ODY0MDB9:1utLjy:zD7rEVr_zqLxHOhtxY7zlzSwb-Pbkjfi2Ys8wPv8JQA','2025-09-03 07:47:42.762937'),('glqi6k12r5ohyta9lhbxeddfoga5wesw','eyJVc2VyX0lkIjoxMDksIlVzZXJfVHlwZSI6InVzZXIiLCJfc2Vzc2lvbl9leHBpcnkiOjg2NDAwfQ:1vBnVj:2jR1iH-mbNvuh8-3bppQdcu_79e-Wtf7zE-jWlhT9jw','2025-10-24 05:05:15.439236'),('gltv4f4dzaio9qrwq2wf7jnpbg28fn4f','eyJVc2VyX0lkIjoxMDgsIlVzZXJfVHlwZSI6InVzZXIiLCJfc2Vzc2lvbl9leHBpcnkiOjg2NDAwfQ:1vGD90:_S4lu9X3dLmuoQOh3myAzePsV2Y4sNiv1CptLTrpcJo','2025-11-05 09:16:02.689113'),('glwrwit80yjprhg8cg2o42y14u84fnb2','eyJVc2VyX0lkIjoyMDcsIlVzZXJfVHlwZSI6InVzZXIiLCJfc2Vzc2lvbl9leHBpcnkiOjg2NDAwfQ:1vWp8U:cDus13SBpmSyPliImZymTcdnJBjZYXsbhjIMdHXyK2A','2025-12-21 05:04:10.035065'),('gm8g3kyajmku87aj1s30yj6uww2grtew','eyJVc2VyX0lkIjoxMzEsIlVzZXJfVHlwZSI6InVzZXIiLCJfc2Vzc2lvbl9leHBpcnkiOjg2NDAwfQ:1vJQ2Q:V_QiMCdr_gJZrHHtluqmA4poJ6Z-9dlFMTj816e62lk','2025-11-14 05:38:30.825043'),('gnz0gishy8tkaxktdobn7smtihmbolch','eyJVc2VyX0lkIjoyNCwiVXNlcl9UeXBlIjoidXNlciIsIl9zZXNzaW9uX2V4cGlyeSI6ODY0MDB9:1uzBnl:q_DhuGGHewACEmVhK4IiLbeO2-B_6ZOBZkYQuMShHc0','2025-09-19 10:23:45.240675'),('gpku4sx9756plub2rese7yjkz8tzd6j3','eyJVc2VyX0lkIjo0MSwiVXNlcl9UeXBlIjoidXNlciIsIl9zZXNzaW9uX2V4cGlyeSI6ODY0MDB9:1usHdU:rfXws0LjaR5WSFYv309jftwuD-zE7opXZ8xg2d_hT_A','2025-08-31 09:12:36.158645'),('gpwznamylbj75fhyia41mctnzz1bj99k','eyJVc2VyX0lkIjo1MywiVXNlcl9UeXBlIjoidXNlciIsIl9zZXNzaW9uX2V4cGlyeSI6ODY0MDB9:1utOGb:79p45MC40pROJWBbC84ibY6m00tjFalV8KCprnQa_bM','2025-09-03 10:29:33.310650'),('gq714xwq98gyc61qrx83b894nmzf9zxe','eyJVc2VyX0lkIjoyMywiVXNlcl9UeXBlIjoidXNlciIsIl9zZXNzaW9uX2V4cGlyeSI6ODY0MDB9:1uuSkv:4yd2cNlBQm_NMBg_qQ6fSZg8ure8A_DuIqZKlJqECtI','2025-09-06 09:29:17.345910'),('gt7yrq6zzts8yw952uf6aamfdxdfonm1','eyJVc2VyX0lkIjoxMTYsIlVzZXJfVHlwZSI6InVzZXIiLCJfc2Vzc2lvbl9leHBpcnkiOjg2NDAwfQ:1vHFsj:WAo-vh2zcKkgp3X89BbygQWEnmI9gnWFV2BWSEABm8Y','2025-11-08 06:23:33.940182'),('gtqelizy8d0jkx8enkb1m07v71fhy4u3','eyJVc2VyX0lkIjo1MywiVXNlcl9UeXBlIjoidXNlciIsIl9zZXNzaW9uX2V4cGlyeSI6ODY0MDB9:1v3V1F:xAc6LE4vW85auh_4thes1ztsqo37QirCf00U7FaJnq4','2025-10-01 07:43:29.116499'),('gvq0ad999gmgjcrxjcpcisocdw2u5vgm','eyJVc2VyX0lkIjoxMzEsIlVzZXJfVHlwZSI6InVzZXIiLCJfc2Vzc2lvbl9leHBpcnkiOjg2NDAwfQ:1vJ45L:xdhkBugnfAlSO8YPSFBgCvsINkZE9Ms_OdgiOkVvOLo','2025-11-13 06:12:03.902133'),('gwqqthplcb7128t2s2vkwivutpkloqkq','eyJVc2VyX0lkIjoyMDgsIlVzZXJfVHlwZSI6InVzZXIiLCJfc2Vzc2lvbl9leHBpcnkiOjg2NDAwfQ:1vXygC:ymJgwK8DgpL9iSTo08v_VG8XTb8E9J-4_GdIrMCKtKY','2025-12-24 09:27:44.066970'),('gxnfvueri0yuxt4nv37jhf139m0yg2mz','eyJVc2VyX0lkIjoxMjAsIlVzZXJfVHlwZSI6InVzZXIiLCJfc2Vzc2lvbl9leHBpcnkiOjg2NDAwfQ:1vCF0a:I-OU42y79-1fLUJnlvFL8tOEmWLwNVqz_ij4CdivgbQ','2025-10-25 10:26:56.095009'),('gzfxe13j9se62bpzpi8z740w77s4qge9','eyJVc2VyX0lkIjo2NSwiVXNlcl9UeXBlIjoidXNlciIsIl9zZXNzaW9uX2V4cGlyeSI6ODY0MDB9:1ux0jb:Z_Hz7rWo3zcZGN9Iu_eBQd5CEmRrcUotBKtSlG6PQig','2025-09-13 10:10:27.803081'),('h0p8l07eleyhms83261ywhg2j3hwrczj','eyJVc2VyX0lkIjoxMjQsIlVzZXJfVHlwZSI6InVzZXIiLCJfc2Vzc2lvbl9leHBpcnkiOjg2NDAwfQ:1vLH0r:XZJbJ5V87Y70e-KIu4BvDiA-BicWcYt_YgfQDIcT2RY','2025-11-19 08:24:33.914619'),('h11ntpb4iv1fglte3tdifa2hv9lw3thk','eyJVc2VyX0lkIjoxMTMsIlVzZXJfVHlwZSI6InVzZXIiLCJfc2Vzc2lvbl9leHBpcnkiOjg2NDAwfQ:1vCZhT:laZugItpcxR9vMxHeCxCIvoWx7uptXiaNPMR69-2qO0','2025-10-26 08:32:35.986782'),('h1eaomv70cp62h50ob13wix50f6s2xzb','eyJVc2VyX0lkIjoxMjQsIlVzZXJfVHlwZSI6InVzZXIiLCJfc2Vzc2lvbl9leHBpcnkiOjg2NDAwfQ:1vEmFW:r35mHB1dQCP3xrBgV0IUXPY_aRwLVMcs1uXru38CKUs','2025-11-01 10:20:50.676622'),('h3ye11tmjq9lyvaeipggkma7818ggoef','eyJVc2VyX0lkIjoxNCwiVXNlcl9UeXBlIjoidXNlciIsIl9zZXNzaW9uX2V4cGlyeSI6ODY0MDB9:1vE5Cl:hArk2-5HXPpUxqK-cNhpnSvC--zhEmFCTfGWzcrKZwA','2025-10-30 12:23:07.895763'),('h4633xb2jbxpl6w56lzvxxul1mnu407k','eyJVc2VyX0lkIjo2MSwiVXNlcl9UeXBlIjoidXNlciIsIl9zZXNzaW9uX2V4cGlyeSI6ODY0MDB9:1ut1Wk:vnSfteqvnz3lhdzNoUmlXOD7c-rkJqF-oMo6_kayjcc','2025-09-02 10:12:42.811955'),('h48k03qmzmqdo88ttxgytahfcm4hurpr','eyJVc2VyX0lkIjoxNzEsIlVzZXJfVHlwZSI6InVzZXIiLCJfc2Vzc2lvbl9leHBpcnkiOjg2NDAwfQ:1vMJSZ:X9LFPDtzjBwYJoOPdWpiQFb-sB-c4UHxsyjliCYYywI','2025-11-22 05:13:27.049914'),('h4w02fdc41hveidv0uqxi8rc1l45t7on','eyJVc2VyX0lkIjoxMjQsIlVzZXJfVHlwZSI6InVzZXIiLCJfc2Vzc2lvbl9leHBpcnkiOjg2NDAwfQ:1vFova:XA1YQM5rXqs3coXmXvIqhBIwGbGounh4A7tvyp4ZnfE','2025-11-04 07:24:34.315609'),('h5shycdourrdov0wrl35nr6f44t0wpbq','eyJVc2VyX0lkIjoxNjcsIlVzZXJfVHlwZSI6InVzZXIiLCJfc2Vzc2lvbl9leHBpcnkiOjg2NDAwfQ:1vOBG3:5giVornv-OPJY5KWlRtDZ3NRbL4SkbS_mK0kzQCUTsg','2025-11-27 08:52:15.111081'),('h6jt0rums0jqt753k3tkpll5eralgg5t','e30:1vY0eZ:JXjmDlX6m1vstzMv_lAo0qOw4ZFDQU10sJDS0i1tDsA','2025-12-24 11:34:11.934920'),('h6mfooz85k3ne3otpzuk62w1xw9aohbq','e30:1vXzXy:J49WtCSE7wh-3kaNhB9zihNw6bO-brZc2XhxLp9yzEk','2025-12-24 10:23:18.389566'),('h6t5pnotyl4fxidqrn17ixd4y7rocv4c','e30:1vQl6C:CQPlhtDBKNBdv9i0eK8c27bDY75g137YNvciBJJhMiQ','2025-12-04 11:32:44.283028'),('h9ctyeltjwizb6yuppi63mv9qeki8mmx','eyJVc2VyX0lkIjo4MCwiVXNlcl9UeXBlIjoidXNlciIsIl9zZXNzaW9uX2V4cGlyeSI6ODY0MDB9:1urvUR:mkmZkpgEennA2wxxn_IogudmSW_djZTCxGLSExz4pu0','2025-08-30 09:33:47.325739'),('hav0wapiq6vx585uuiwz35fb34fpg9hs','eyJVc2VyX0lkIjoxMDksIlVzZXJfVHlwZSI6InVzZXIiLCJfc2Vzc2lvbl9leHBpcnkiOjg2NDAwfQ:1vB6At:YmW8cJi65dSCeJJHzDogC7isBab7ztfRo42ykzpdVsw','2025-10-22 06:48:51.292983'),('hax6g3ppu8hr8xkt8f10019sdvtw1z81','eyJVc2VyX0lkIjoxNzAsIlVzZXJfVHlwZSI6InVzZXIiLCJfc2Vzc2lvbl9leHBpcnkiOjg2NDAwfQ:1vNlYf:X41BuOK3EYUhTzmb-V00mihyDqpJ5G4FXwCymeTeFo4','2025-11-26 05:25:45.415429'),('hc84sjxexnjq3wiotvj7v2iu47zpdnl4','eyJVc2VyX0lkIjoxMjcsIlVzZXJfVHlwZSI6InVzZXIiLCJfc2Vzc2lvbl9leHBpcnkiOjg2NDAwfQ:1vHGLN:mfjwFZmjhyfbDEoVlLbJs9wZ7vuRQosEmuViJfojHbg','2025-11-08 06:53:09.334953'),('hcna0c3kmsszgkoq4253lqa1qybnmz8a','eyJVc2VyX0lkIjoxNTYsIlVzZXJfVHlwZSI6InVzZXIiLCJfc2Vzc2lvbl9leHBpcnkiOjg2NDAwfQ:1vLIdT:IdxzlvRh40jn2jqcJXmedYqZJ1yP_EOwqqWS9nWQaDI','2025-11-19 10:08:31.440442'),('hdyfizz6sfqsbtlme5ils4lr03cwxq51','e30:1urqj0:wLYnCty8VvFDnu7wu4jWhbTgY2dPviHMRuOsGcXGPzI','2025-08-30 04:28:30.029321'),('he1phhiyg4cnmny5im66w2nzhfas0zdm','eyJVc2VyX0lkIjoxMDksIlVzZXJfVHlwZSI6InVzZXIiLCJfc2Vzc2lvbl9leHBpcnkiOjg2NDAwfQ:1vB8DX:RN7k0bMiYR4R4dxm6iZ1QiiKu6D5KTzArUsU7WXPcgY','2025-10-22 08:59:43.205801'),('her9i7p8r3qhl4dnq89hjkhann049zak','eyJVc2VyX0lkIjo1MywiVXNlcl9UeXBlIjoidXNlciIsIl9zZXNzaW9uX2V4cGlyeSI6ODY0MDB9:1vG9aN:whYRxz_VuGZ3OYn-U4xnmIA-n-X7625WIqgwWLW0MNs','2025-11-05 05:28:03.689055'),('hfnkvxzme7lqngr61vb7e5d75vz7nl2j','eyJVc2VyX0lkIjoxMjYsIlVzZXJfVHlwZSI6InVzZXIiLCJfc2Vzc2lvbl9leHBpcnkiOjg2NDAwfQ:1vGzjr:lLUcwlTwmDKX4zKQvVLXW5XhfEqdfbnJ5atrbADKnBY','2025-11-07 13:09:19.230942'),('hg1cjp2ruf50w101gc2i0cnsidfo2b2s','eyJVc2VyX0lkIjoxNjMsIlVzZXJfVHlwZSI6InVzZXIiLCJfc2Vzc2lvbl9leHBpcnkiOjg2NDAwfQ:1vMJv1:SFGe47CMGjFsQruQGnZbyswfi3KVLkxTdHEnXaNGzfw','2025-11-22 05:42:51.757395'),('hi8paxrdh78p7djabce06nqaokaqw8vs','eyJVc2VyX0lkIjo2MiwiVXNlcl9UeXBlIjoidXNlciIsIl9zZXNzaW9uX2V4cGlyeSI6ODY0MDB9:1vCF04:YXGT4TeewqA0gF9KYHlfinSXMPx-lApUxA0itrFv33Y','2025-10-25 10:26:24.300041'),('hiprtx7mk008vrtxm70dyd79vfivole8','e30:1vXzXy:J49WtCSE7wh-3kaNhB9zihNw6bO-brZc2XhxLp9yzEk','2025-12-24 10:23:18.157395'),('hldjb3wv24uqpbgdpjvp3v9lprvzovq9','eyJVc2VyX0lkIjoxMTIsIlVzZXJfVHlwZSI6InVzZXIiLCJfc2Vzc2lvbl9leHBpcnkiOjg2NDAwfQ:1vGBUP:oxNjrdZbhzkgTD9cqUjJnSHR4kpuCkeMVMPzh2WOgHE','2025-11-05 07:30:01.832014'),('hltgg6ryjc2y1my0z6d9bj90y20ocwv1','eyJVc2VyX0lkIjoxMzEsIlVzZXJfVHlwZSI6InVzZXIiLCJfc2Vzc2lvbl9leHBpcnkiOjg2NDAwfQ:1vE4bT:jL9_QLZSKFFKvkiN2ucRmmuR4Fs9teWFamVB0CvV_WI','2025-10-30 11:44:35.235373'),('hm23rnocck7ndbswo6s1z2zhpfe7la7z','eyJVc2VyX0lkIjoxNzAsIlVzZXJfVHlwZSI6InVzZXIiLCJfc2Vzc2lvbl9leHBpcnkiOjg2NDAwfQ:1vQK0C:cW_FnFsGqWjx88C7V7PRl0DlXfzTfE7pAVZIPeu3QfI','2025-12-03 06:36:44.163294'),('hmhbd8ud6rmdmuscg37odix85tq70phu','eyJVc2VyX0lkIjoyMywiVXNlcl9UeXBlIjoidXNlciIsIl9zZXNzaW9uX2V4cGlyeSI6ODY0MDB9:1uztPm:7gAwDk79y0efFewlCrDjraEREplXJN_zKg8rqX1yt10','2025-09-21 08:57:54.487426'),('hms5i17itzflhs6wqwpygvf3i55r3t96','eyJVc2VyX0lkIjo4MSwiVXNlcl9UeXBlIjoidXNlciIsIl9zZXNzaW9uX2V4cGlyeSI6ODY0MDB9:1ursPC:eMc6IY5gL_dwd6QFU0tDG4Wn_Y2X6XDwDCYviJtUNYY','2025-08-30 06:16:10.013926'),('ho6g4gcxg3fczge90gpaqredszdwedu6','eyJVc2VyX0lkIjoxMTYsIlVzZXJfVHlwZSI6InVzZXIiLCJfc2Vzc2lvbl9leHBpcnkiOjg2NDAwfQ:1vB9Oc:6MfFhpkWFrXFuMCft4JJzoSES7mbJIjHD2KqiMwIjXI','2025-10-22 10:15:14.073420'),('hovyxo96tqbdu1sbbv2t3z03xxzgfhvq','eyJVc2VyX0lkIjoyMDcsIlVzZXJfVHlwZSI6InVzZXIiLCJfc2Vzc2lvbl9leHBpcnkiOjg2NDAwfQ:1vWTJB:Iq0z2e_oPKAQnICSTtEzUUnfsDMHFSSvEeRL_yB4x9A','2025-12-20 05:45:45.501013'),('hp315u59e7zfsxycba61fu0nwqy1p2mn','eyJVc2VyX0lkIjoxOTcsIlVzZXJfVHlwZSI6InVzZXIiLCJfc2Vzc2lvbl9leHBpcnkiOjg2NDAwfQ:1vR6yR:YK3M7r7FpgnI-KBi6n1nIfDlXwbaYcLgQeWupeoH_tk','2025-12-05 10:54:11.814291'),('hphm8ixw889drxqbcx68zaisjn6hfppf','eyJVc2VyX0lkIjo2MiwiVXNlcl9UeXBlIjoidXNlciIsIl9zZXNzaW9uX2V4cGlyeSI6ODY0MDB9:1vB4gl:TQzd42E6RiL3BloB79DPtBKgXauGg6sWIoGhqUerXb8','2025-10-22 05:13:39.216291'),('hq0x0a4ymx240vagtgd5zi6pje50pfol','eyJVc2VyX0lkIjoxMTYsIlVzZXJfVHlwZSI6InVzZXIiLCJfc2Vzc2lvbl9leHBpcnkiOjg2NDAwfQ:1vJTWg:aed0-GSw22ZP0FmJ9sX12Ehw21X5D2TEBwnDTvtvjLs','2025-11-14 09:21:58.572845'),('hr0yldtxdslqpmkjsuk91j5sk0qbvt52','eyJVc2VyX0lkIjoxNjEsIlVzZXJfVHlwZSI6InVzZXIiLCJfc2Vzc2lvbl9leHBpcnkiOjg2NDAwfQ:1vLcVt:CAhHz4y67yklC36tax3ALie63BxC-n10gyueRKvbJvk','2025-11-20 07:22:01.538730'),('hrlqil9ndfdqv13owackl0cq5jof8vzl','eyJVc2VyX0lkIjo2MiwiVXNlcl9UeXBlIjoidXNlciIsIl9zZXNzaW9uX2V4cGlyeSI6ODY0MDB9:1vEjgd:6uvSAjL7lUXKMdvyoir4X4VnxKGBjpN-2ozTm_jz4Cg','2025-11-01 07:36:39.988673'),('hukepw9ordm5ioa9rpzucnqokrk32rff','eyJVc2VyX0lkIjoxNjYsIlVzZXJfVHlwZSI6InVzZXIiLCJfc2Vzc2lvbl9leHBpcnkiOjg2NDAwfQ:1vO9gT:pcKRLOSUjr_LyspG3UQfmNRWlTiv38E_3Cfq5WEs7Xs','2025-11-27 07:11:25.227945'),('hv61uj2u8nujm89htubek6ll6nwxmjbx','eyJVc2VyX0lkIjoxNjMsIlVzZXJfVHlwZSI6InVzZXIiLCJfc2Vzc2lvbl9leHBpcnkiOjg2NDAwfQ:1vLcbR:LIaUECQzAE_NsX9dj5LOEd2AT4NQoESziAzHkJ7u_XY','2025-11-20 07:27:45.177154'),('hvtzpnxp9bqhmcbogb7fnsxpnk92tfdj','eyJVc2VyX0lkIjoxNiwiVXNlcl9UeXBlIjoidXNlciIsIl9zZXNzaW9uX2V4cGlyeSI6ODY0MDB9:1utOXt:8ZTPaXCH9tDNyekKZaafX9lq2vU_Ds3hj7ZtuxVfu_k','2025-09-03 10:47:25.482437'),('hx1tzjj86y4g5a6yajr5f0pyxesqh3dt','eyJVc2VyX0lkIjo2NiwiVXNlcl9UeXBlIjoidXNlciIsIl9zZXNzaW9uX2V4cGlyeSI6ODY0MDB9:1urvJt:7u-YlJ2tLQQZGK6yZqi6LC6fwp1EfnqbmHBhiiYjFaE','2025-08-30 09:22:53.776487'),('hygdgo6zmnnvb7f4vq2vooxb72jokt0m','eyJVc2VyX0lkIjoyMDYsIlVzZXJfVHlwZSI6InVzZXIiLCJfc2Vzc2lvbl9leHBpcnkiOjg2NDAwfQ:1vWS8p:T-WLeZr7YIEPV25uFLy2lkjfJQx4Kh2fbXBch0CoN6Y','2025-12-20 04:30:59.673605'),('hymo23275rh5ljm207qrul2za8tz9uiz','eyJVc2VyX0lkIjo2NiwiVXNlcl9UeXBlIjoidXNlciIsIl9zZXNzaW9uX2V4cGlyeSI6ODY0MDB9:1vGDZl:klwGBvweC-h7DNv9WnD4kN3gklIzSWL9HcbzKdMOR2s','2025-11-05 09:43:41.100420'),('hz0umiialk71z0f5reim0eldrm7xcyzy','eyJVc2VyX0lkIjoxMDgsIlVzZXJfVHlwZSI6InVzZXIiLCJfc2Vzc2lvbl9leHBpcnkiOjg2NDAwfQ:1vEkHB:jT7Vl3ABt9lwAMTkGKpCR0Wl6ylgZ-6HQ2N2jxJQ6BA','2025-11-01 08:14:25.403427'),('hzu0mc89xkqwcodcmjg7eywn2jsol80s','eyJVc2VyX0lkIjoxMTYsIlVzZXJfVHlwZSI6InVzZXIiLCJfc2Vzc2lvbl9leHBpcnkiOjg2NDAwfQ:1vC9y7:ZE-zGBoseSYhm7YyO37O45AhOy8JW_Y64QZTnQTZ1WY','2025-10-25 05:04:03.354100'),('i0p2rocukvwv0h93in1984w9ytalfr7g','eyJVc2VyX0lkIjoxMjYsIlVzZXJfVHlwZSI6InVzZXIiLCJfc2Vzc2lvbl9leHBpcnkiOjg2NDAwfQ:1vJV3Q:IRivN6rCUYXQ340-EDpR19DCSp8Wu4n8uOojrijLHTw','2025-11-14 10:59:52.064530'),('i2zduqr4rxjdvhrod7wf00zigj04u5jk','eyJVc2VyX0lkIjoyMDAsIlVzZXJfVHlwZSI6InVzZXIiLCJfc2Vzc2lvbl9leHBpcnkiOjg2NDAwfQ:1vSX56:1wTLxqNh8cCu6NQcUUzo3329z6UbKRFz3teDv06A5sQ','2025-12-09 08:58:56.214664'),('i3czpz3b7vb973a4txp8qyzgh7ag3bvz','eyJVc2VyX0lkIjoyMDcsIlVzZXJfVHlwZSI6InVzZXIiLCJfc2Vzc2lvbl9leHBpcnkiOjg2NDAwfQ:1vWUFt:H1J2optUltvC68MBpLjVo98gIn5ZOSHg3Mz7DN081-Y','2025-12-20 06:46:25.470335'),('i49x0zlta2ge4k3fxs0d8dhsuagn4oy8','eyJVc2VyX0lkIjoyMjYsIlVzZXJfVHlwZSI6InVzZXIiLCJfc2Vzc2lvbl9leHBpcnkiOjg2NDAwfQ:1vY1IG:s2XivaZnwW6vT766FL2vWqNLh-mxG9Haw3Em1uE3Jis','2025-12-24 12:15:12.898153'),('i4jygsnlx3j72jqanm2o3msospk8wp5x','eyJVc2VyX0lkIjoxNjYsIlVzZXJfVHlwZSI6InVzZXIiLCJfc2Vzc2lvbl9leHBpcnkiOjg2NDAwfQ:1vLgER:owIK8qs440vCtJgboR8_vhsy1sYlaJFn7U51ba92IYQ','2025-11-20 11:20:15.325732'),('i4n8rb1jendmylaqywyzj9xd144lov71','e30:1vW5x8:dn3wPIeiiwUL8x7gVKdeb7-8kvIQIZJkHzkMssYQDwk','2025-12-19 04:49:26.083886'),('i6ztzctmv6wq1egujo1cqoz34mn7up0i','eyJVc2VyX0lkIjoxMTAsIlVzZXJfVHlwZSI6InVzZXIiLCJfc2Vzc2lvbl9leHBpcnkiOjg2NDAwfQ:1vB4lA:phklhkSICaA2wZ90sJ6afdKs85pgHdz9bsxxkCEeQ6w','2025-10-22 05:18:12.181152'),('i84zs8gz3x7ycnzed6t7x78i7nqlslb8','eyJVc2VyX0lkIjo2NSwiVXNlcl9UeXBlIjoidXNlciIsIl9zZXNzaW9uX2V4cGlyeSI6ODY0MDB9:1urtHs:_6irpwKy1OayNK7GVPBja9q53rfPZu_Kz8F3iNtRHaE','2025-08-30 07:12:40.060796'),('i8gc64tde1q1tq1029ayj7ycx7d79ixm','eyJVc2VyX0lkIjoxMTIsIlVzZXJfVHlwZSI6InVzZXIiLCJfc2Vzc2lvbl9leHBpcnkiOjg2NDAwfQ:1vCDdT:3SqPZmFCO6D5deoznFMHI3VIKE5X1bgCTOBN4oqOZBE','2025-10-25 08:58:59.954892'),('i8tfb0jbun33uguzanatcdyoljo0g4sl','eyJVc2VyX0lkIjoyMywiVXNlcl9UeXBlIjoidXNlciIsIl9zZXNzaW9uX2V4cGlyeSI6ODY0MDB9:1uy1mk:ktT6CVzI1HKNGdbEiOBPQyF9qwAUN9XztDLY6mRhxfg','2025-09-16 05:29:54.814781'),('i905aw8d7hsrlbkl051dwks5vucgle49','eyJVc2VyX0lkIjo2MiwiVXNlcl9UeXBlIjoidXNlciIsIl9zZXNzaW9uX2V4cGlyeSI6ODY0MDB9:1v1LEh:PY3UJ-Na8EW0C_yHv_ZX7N6fprdeEiaQstsNASG41bQ','2025-09-25 08:52:27.075663'),('i9rc6nt0kcroxelth8icfdp1mifsy4y7','eyJVc2VyX0lkIjoxMjcsIlVzZXJfVHlwZSI6InVzZXIiLCJfc2Vzc2lvbl9leHBpcnkiOjg2NDAwfQ:1vGEUq:U7RT07DsKFD_XbFgkDL1MHHfzq21m6e0v_ja9-9YiC8','2025-11-05 10:42:40.505799'),('i9ujdunsgog85kbhctdggyc45kjwxnyk','eyJVc2VyX0lkIjoyMywiVXNlcl9UeXBlIjoidXNlciIsIl9zZXNzaW9uX2V4cGlyeSI6ODY0MDB9:1v3T3K:FapZzcxYEXu7JpetcbV3yc2HKoUd9lZvQYREmkcRKRs','2025-10-01 05:37:30.196693'),('i9urgo5ug887mkf4stac9qv5z658codt','eyJVc2VyX0lkIjoyMDYsIlVzZXJfVHlwZSI6InVzZXIiLCJfc2Vzc2lvbl9leHBpcnkiOjg2NDAwfQ:1vWpIV:Cx9hefUxFtPpBBaG_cZM65rlDzVAy9n48NSGb60pFJc','2025-12-21 05:14:31.132171'),('ia3ssspw50ty4fd0g33kzlqy0hd1yikv','eyJVc2VyX0lkIjo2NiwiVXNlcl9UeXBlIjoidXNlciIsIl9zZXNzaW9uX2V4cGlyeSI6ODY0MDB9:1uzXur:V3SjD1TNZ6kuhAZykbXjqp9Cn9ZzLSTWtPnM8XUhxmc','2025-09-20 10:00:33.973332'),('iadf5yaa0jybk4eh1xb3b5e2kz1tai4i','eyJVc2VyX0lkIjoxMTYsIlVzZXJfVHlwZSI6InVzZXIiLCJfc2Vzc2lvbl9leHBpcnkiOjg2NDAwfQ:1vEhkZ:yEMZmhgczBOTnjq8tiHThKgDybPH9FeR9GFtap1QuYM','2025-11-01 05:32:35.015837'),('ibu3o14hre9rpgmriaymhrzfk9vfg35w','eyJVc2VyX0lkIjoyMywiVXNlcl9UeXBlIjoidXNlciIsIl9zZXNzaW9uX2V4cGlyeSI6ODY0MDB9:1v7TzP:JpELHBFdLKmjNEBBw1HHn1y1CBBPjvwh7jkR6s5OltI','2025-10-12 07:26:03.638956'),('id4gvfi4jbkwnppzy0wa5x2ltfyf1t4d','eyJVc2VyX0lkIjoxOTAsIlVzZXJfVHlwZSI6InVzZXIiLCJfc2Vzc2lvbl9leHBpcnkiOjg2NDAwfQ:1vQPe9:dhf4EC4HVzhXH-6Ln7Tvsm7CKz0_oShLRX99Q4wfzPw','2025-12-03 12:38:21.523945'),('idf04r5hdvuugz41anqlpnrvy7hogfxm','eyJVc2VyX0lkIjoxNjMsIlVzZXJfVHlwZSI6InVzZXIiLCJfc2Vzc2lvbl9leHBpcnkiOjg2NDAwfQ:1vMNlc:8vhaIaQ4wb-NkazMUZE5OZ67KR-cfNRFjGOM06DHnos','2025-11-22 09:49:24.317875'),('idfrvom1dccw562hz790ekgp3vdiwetf','eyJVc2VyX0lkIjoxMjAsIlVzZXJfVHlwZSI6InVzZXIiLCJfc2Vzc2lvbl9leHBpcnkiOjg2NDAwfQ:1vCZtj:w_LHYDAAzNjOAG26n38zV2_CFMw311F6t7srkxJQu_U','2025-10-26 08:45:15.976497'),('idhfunil6vxcsdgoqrkq7cr59n4zlgp6','eyJVc2VyX0lkIjo2MSwiVXNlcl9UeXBlIjoidXNlciIsIl9zZXNzaW9uX2V4cGlyeSI6ODY0MDB9:1usxH3:tucymL9PCSs5nVJFaYlBUvByHaWS4kIOOe7Umm-pwxU','2025-09-02 05:40:13.371117'),('ifj48y3xnu4vk7prntzlg87da1lmlwj5','eyJVc2VyX0lkIjoxOTQsIlVzZXJfVHlwZSI6InVzZXIiLCJfc2Vzc2lvbl9leHBpcnkiOjg2NDAwfQ:1vR28M:5gfgw4scDQh50pjc8aKFjjF2iARtWcYBHpvDahb0Q4c','2025-12-05 05:44:06.890540'),('ifl86hiws49y3neo101dqcfags63cs32','eyJVc2VyX0lkIjoxMjMsIlVzZXJfVHlwZSI6InVzZXIiLCJfc2Vzc2lvbl9leHBpcnkiOjg2NDAwfQ:1vGEyO:n4xk07fsos4h6zbD4QmS9ORACkFVs6L5FQmyO4AEiyw','2025-11-05 11:13:12.769288'),('ig8k9jskzercj91v16hwir4ecvcoijna','eyJVc2VyX0lkIjo1NCwiVXNlcl9UeXBlIjoidXNlciIsIl9zZXNzaW9uX2V4cGlyeSI6ODY0MDB9:1v8buY:c7dKviPjsSvvtGISuWqS7LI_7vS7esJw3mZsy2Lnfmk','2025-10-15 10:05:42.382370'),('igfdyispv8u89padqkpuzw5ptcwp4um7','eyJVc2VyX0lkIjo5NiwiVXNlcl9UeXBlIjoidXNlciIsIl9zZXNzaW9uX2V4cGlyeSI6ODY0MDB9:1v616t:eImeuVBaVGGEZRumxC95QUmzKe9-AeH4y_LB9ZD6BqY','2025-10-08 06:23:43.816328'),('ihch59setydubv3qvcoft9svs8t6yqea','eyJVc2VyX0lkIjoxMzIsIlVzZXJfVHlwZSI6InVzZXIiLCJfc2Vzc2lvbl9leHBpcnkiOjg2NDAwfQ:1vK8ky:5MC519OlDEECIgiHYUc8bNiR7LqG6PkKEcUfP1C3odU','2025-11-16 05:23:28.678776'),('iiwdjj80f59m0d4lfvaqc5ehbn7qgklr','eyJVc2VyX0lkIjo0MiwiVXNlcl9UeXBlIjoidXNlciIsIl9zZXNzaW9uX2V4cGlyeSI6ODY0MDB9:1ursPF:it0FLo3M18d1GLQ1gdPsr8iu8QJyHLKb6tMFP8600YY','2025-08-30 06:16:13.097329'),('ij1m78k0bugxzlznn3ptg8a3zisaeh8h','eyJVc2VyX0lkIjo0NCwiVXNlcl9UeXBlIjoidXNlciIsIl9zZXNzaW9uX2V4cGlyeSI6ODY0MDB9:1v8Atv:-ZjSZcdEm6EY1g-0AeKjwg0IZvirjukb5lEBrjJwnkI','2025-10-14 05:15:15.682249'),('ikiallch3pgsih4mn3qnwu0wc4ggonmp','eyJVc2VyX0lkIjo2NiwiVXNlcl9UeXBlIjoidXNlciIsIl9zZXNzaW9uX2V4cGlyeSI6ODY0MDB9:1vGz1O:4GMMaozCSME0tqAxArsPgrU49Qz9bLPlhDvkUf-9LgY','2025-11-07 12:23:22.013774'),('im8uupg2k4ehr2yn6e6qqzvi7tmz4v93','eyJVc2VyX0lkIjoxNjMsIlVzZXJfVHlwZSI6InVzZXIiLCJfc2Vzc2lvbl9leHBpcnkiOjg2NDAwfQ:1vOxts:UXG69tLqfOkYGS1OphVlxwgDet8FB1TFr3IJcnehgZU','2025-11-29 12:48:36.236278'),('ipwgv7k73clablvpxw754s28h65xlc2s','e30:1vY0eZ:JXjmDlX6m1vstzMv_lAo0qOw4ZFDQU10sJDS0i1tDsA','2025-12-24 11:34:11.868687'),('iqp4xjbf11nnjykuw6juu5ae8ikrv55z','e30:1vWZmb:4PBv8O9IWIDOg5wQ_rpqiRTY4jhEkBTzxqKwfyQ0SPI','2025-12-20 12:40:33.797849'),('iqxs9ufqhycsc5uzeuzmk07s2rt32wca','eyJVc2VyX0lkIjoxMzMsIlVzZXJfVHlwZSI6InVzZXIiLCJfc2Vzc2lvbl9leHBpcnkiOjg2NDAwfQ:1vHFrE:oyX1Ihncwb9bP_6U2wL5KhywA-mx7ULBpSO07oScwVE','2025-11-08 06:22:00.872881'),('ir169y9pd0n2tafg6q99kpr3mfkotot1','eyJVc2VyX0lkIjo2NiwiVXNlcl9UeXBlIjoidXNlciIsIl9zZXNzaW9uX2V4cGlyeSI6ODY0MDB9:1v89ql:iOfkGTUfJ8pjrF1rZ0MTLWIkYOFBBQuF5I6nDtrS5sg','2025-10-14 04:07:55.133556'),('irhulyhoss2uub7xv2wwky6c913im47b','eyJVc2VyX0lkIjo2NiwiVXNlcl9UeXBlIjoidXNlciIsIl9zZXNzaW9uX2V4cGlyeSI6ODY0MDB9:1v75ML:G9BnYTCkTQBzbqAYkP9W1wNYZ5U8715QCCoAlYLkFys','2025-10-11 05:08:05.059450'),('ispqw39gt8gkxkherrky02w7ekeowuyh','eyJVc2VyX0lkIjoxMTIsIlVzZXJfVHlwZSI6InVzZXIiLCJfc2Vzc2lvbl9leHBpcnkiOjg2NDAwfQ:1vHLdh:htKkL6rHRAmMrICG587ycur6lTN_wOZ6WwgNlr3q02k','2025-11-08 12:32:25.908139'),('isynf8r9b7mvremhyu9i87j8nsma4kap','eyJVc2VyX0lkIjoxNSwiVXNlcl9UeXBlIjoidXNlciIsIl9zZXNzaW9uX2V4cGlyeSI6ODY0MDB9:1ut40o:f9SZXqgI_-3vJGPdHG_q__wxPyinRVa-nDbNXmKZe2Y','2025-09-02 12:51:54.481380'),('itzs3b9e3bo2hf2bytjnsq2bsfrqt6ua','eyJVc2VyX0lkIjoyNCwiVXNlcl9UeXBlIjoidXNlciIsIl9zZXNzaW9uX2V4cGlyeSI6ODY0MDB9:1uvxxT:qDWCXPrOQK26h6a1mafim5zHqN_HkGKQuHYfSua9oBg','2025-09-10 13:00:27.748621'),('iu7pkv05mb9puzdwu86v1wwucwe4aefh','eyJVc2VyX0lkIjo1MywiVXNlcl9UeXBlIjoidXNlciIsIl9zZXNzaW9uX2V4cGlyeSI6ODY0MDB9:1uzVw0:L_geI7NBeYK9fK_4bstrq42D4m_vXS6Rc0NgHLEyaHo','2025-09-20 07:53:36.263311'),('iuijw90tao9dx9bh0s4gdjt97h4wal84','eyJVc2VyX0lkIjoxOTcsIlVzZXJfVHlwZSI6InVzZXIiLCJfc2Vzc2lvbl9leHBpcnkiOjg2NDAwfQ:1vSqeB:6YIvfzLjgDpMmJ2O_MAhhRYzWTGqHGZkXoPAHWjvsOc','2025-12-10 05:52:27.774057'),('iv99rk4x433qpu0prczo2yql70lhdnt9','eyJVc2VyX0lkIjo2NiwiVXNlcl9UeXBlIjoidXNlciIsIl9zZXNzaW9uX2V4cGlyeSI6ODY0MDB9:1uu3tc:iHp9q99wg4hGL8EjizwXoXq2AbUKy9VlK4kAr-vB7Uo','2025-09-05 06:56:36.672081'),('ivnquyxf09nrkoqjep3bayyoofwivfgs','e30:1urqi6:cS5hx7UkK4I5ygFRq8ExJKXjWZOMIzCpFp6X22tJWJs','2025-08-30 04:27:34.378109'),('ivo8k4lfroq505af2am0jy3sbf7c6jb8','e30:1vW5mF:OtrJQxxx2yFCCCKCfrbzxqCV32IeGp3pbjQXjLXFu7Q','2025-12-19 04:38:11.356758'),('ivrdbjm1x347uq9cqnoc1kl83vqu8u6c','eyJVc2VyX0lkIjoxNywiVXNlcl9UeXBlIjoidXNlciIsIl9zZXNzaW9uX2V4cGlyeSI6ODY0MDB9:1vG9hX:7kRrcfGSIK3tmNHICA6iGnUZm0e7cL6O2KcA05eacEc','2025-11-05 05:35:27.471893'),('ix1gm91mfff2jxy2ri8fdsol0zc7hm7n','eyJVc2VyX0lkIjoxMTMsIlVzZXJfVHlwZSI6InVzZXIiLCJfc2Vzc2lvbl9leHBpcnkiOjg2NDAwfQ:1vCcTd:TcGpzfSRyBJTWbYKrZ8YdSgydCfH5C1t1lhnmO0sswk','2025-10-26 11:30:29.204822'),('iy4pid0o6zed7ldlqjrulre92gisl9ib','eyJVc2VyX0lkIjoxNSwiVXNlcl9UeXBlIjoidXNlciIsIl9zZXNzaW9uX2V4cGlyeSI6ODY0MDB9:1v9GPV:4g_dmhFfjuCPcbqoIMVcDSbjsiIPhFprH1vr1vgLWPo','2025-10-17 05:20:21.404263'),('j1pdsygcd4wq18pjew71ie9vfoqb5g8p','eyJVc2VyX0lkIjo2NiwiVXNlcl9UeXBlIjoidXNlciIsIl9zZXNzaW9uX2V4cGlyeSI6ODY0MDB9:1uvVNw:k9oOLbJJwqnjhiJCNkL6OISrWMg8RHQRX9xYWubhgww','2025-09-09 06:29:52.141322'),('j26rv2cm8qeotysio5xjwgq4dwhbx89m','eyJVc2VyX0lkIjoxMjQsIlVzZXJfVHlwZSI6InVzZXIiLCJfc2Vzc2lvbl9leHBpcnkiOjg2NDAwfQ:1vG9ed:PApGMs5uHVOe3AQ2aNHT2Y6eb0mirHXOHXaf9WYz8RQ','2025-11-05 05:32:27.592348'),('j31cgoqk6uat6oti5cmz5wasa2wdu6sf','eyJVc2VyX0lkIjoxNzEsIlVzZXJfVHlwZSI6InVzZXIiLCJfc2Vzc2lvbl9leHBpcnkiOjg2NDAwfQ:1vM3B4:q7iJHLJ14cYb4wKBW3JTvo73_rcgEpD8yPObHux-4TY','2025-11-21 11:50:18.238501'),('j38jrvhqyq9gbkmurhblka54b65kjaeo','eyJVc2VyX0lkIjoxMzIsIlVzZXJfVHlwZSI6InVzZXIiLCJfc2Vzc2lvbl9leHBpcnkiOjg2NDAwfQ:1vKwTe:1Nm4xXK9rldCVDl5TYZ1wnNgcU1sZkwj_qSgpmU_3K0','2025-11-18 10:28:54.264442'),('j43ua73am5b5zl48j62h2tzme77rs88f','eyJVc2VyX0lkIjo2MiwiVXNlcl9UeXBlIjoidXNlciIsIl9zZXNzaW9uX2V4cGlyeSI6ODY0MDB9:1uvVL8:QO9ZagKAn7Kc-Zi9GelCCNypDN-5kAj0XcIH0gklMIs','2025-09-09 06:26:58.991282'),('j4yvclpg9jlkcspcok5qegc6lbf54gsj','eyJVc2VyX0lkIjoxNCwiVXNlcl9UeXBlIjoidXNlciIsIl9zZXNzaW9uX2V4cGlyeSI6ODY0MDB9:1v1Mfk:iOLBiCWGhB-1w_XOqaJBGwy7fEAXRpxTqUcZMWEkBtQ','2025-09-25 10:24:28.640817'),('j5mbjwz0xf9yed72go0eove6twijrnin','eyJVc2VyX0lkIjoxMzEsIlVzZXJfVHlwZSI6InVzZXIiLCJfc2Vzc2lvbl9leHBpcnkiOjg2NDAwfQ:1vEPRW:txOdBOtFFcz2BbYpbf_VnIjak4KYxNWUs-jcZOOWXAo','2025-10-31 09:59:42.293396'),('j6r5bkz9x5ujxwfnl19z584dj871q6tm','eyJVc2VyX0lkIjoxMjMsIlVzZXJfVHlwZSI6InVzZXIiLCJfc2Vzc2lvbl9leHBpcnkiOjg2NDAwfQ:1vGzsw:xJYx4kEC5eJoTIZwYust8LGLAHOUyvup0kcPPjao324','2025-11-07 13:18:42.778785'),('j73cbewmotovkvcs34b7cdnb6g0uy1pr','eyJVc2VyX0lkIjoxMzEsIlVzZXJfVHlwZSI6InVzZXIiLCJfc2Vzc2lvbl9leHBpcnkiOjg2NDAwfQ:1vIREz:4zol1zQezbPEf5S30heVa8D7o5G8j1pN95ht0uOVFQw','2025-11-11 12:43:25.606414'),('j7rcgio2rcsadm2e3tkq0yi6ak94u1zv','eyJVc2VyX0lkIjoxMjYsIlVzZXJfVHlwZSI6InVzZXIiLCJfc2Vzc2lvbl9leHBpcnkiOjg2NDAwfQ:1vGGLz:WP7dFPxSnmrtLDnbAHwkpJUocPmsR3TPqC0E1X3yxvk','2025-11-05 12:41:39.897238'),('j7vd0az2iaei67hxxe9stnpekp8svtih','eyJVc2VyX0lkIjoyMDUsIlVzZXJfVHlwZSI6InVzZXIiLCJfc2Vzc2lvbl9leHBpcnkiOjg2NDAwfQ:1vXXbC:X0tiNNcOI4n4wBJhnBFBEERqIPsz-jyqOUi3IiF2_n4','2025-12-23 04:32:46.148158'),('j9lk1v19e1hxixdxzdtej3erqfdrh96m','eyJVc2VyX0lkIjoxMzIsIlVzZXJfVHlwZSI6InVzZXIiLCJfc2Vzc2lvbl9leHBpcnkiOjg2NDAwfQ:1vKsOy:vc262iWNtQ91n8G5At1QsPunljOEHR7q4RwymuVWvg0','2025-11-18 06:07:48.621988'),('ja4r8dxkqex902cgepnjji60m3bq5odn','e30:1urqcx:FxkKymDqiUPDuQWz-a1aF0V8EjX7dI0MDa9HG-izkRw','2025-08-30 04:22:15.878517'),('jb2hn5buezh8gnc55no4zv71utgb0ei7','eyJVc2VyX0lkIjoyNCwiVXNlcl9UeXBlIjoidXNlciIsIl9zZXNzaW9uX2V4cGlyeSI6ODY0MDB9:1v3TCh:XYzFdhT8sFq-LIffCI2ZDzuQgeqWJzPlV3tA9IDz8UQ','2025-10-01 05:47:11.541830'),('jc8odpz148o0vxf4ni4jol3j5p7unnes','eyJVc2VyX0lkIjoxNCwiVXNlcl9UeXBlIjoidXNlciIsIl9zZXNzaW9uX2V4cGlyeSI6ODY0MDB9:1v1Lvf:7RfhXvVHEUxIv7wP57bsQLAHFPNsl9ghjWcyLJKuG2o','2025-09-25 09:36:51.802877'),('jcpffj3uhdty0dzj34xaobq0oawqk9a1','eyJVc2VyX0lkIjoxMjMsIlVzZXJfVHlwZSI6InVzZXIiLCJfc2Vzc2lvbl9leHBpcnkiOjg2NDAwfQ:1vGCwr:r613vnroS-302kkORoOYaxVDpJJx8KiAuTQsVA8Hf-M','2025-11-05 09:03:29.197985'),('jdtvjq4witxsht4r2cjyx3tusik8q47m','eyJVc2VyX0lkIjo1MywiVXNlcl9UeXBlIjoidXNlciIsIl9zZXNzaW9uX2V4cGlyeSI6ODY0MDB9:1uu34T:YgdIkrARA-69uhyq5HtXvEc0r0k3d6AVy2zEkUpZlIE','2025-09-05 06:03:45.055782'),('jebmojsb6mbhhltdecmzkgrqedigwkad','eyJVc2VyX0lkIjoxMjcsIlVzZXJfVHlwZSI6InVzZXIiLCJfc2Vzc2lvbl9leHBpcnkiOjg2NDAwfQ:1vGZDl:2QYHirjcUgKTsohIVVF7siPAR3eo49LLITwg1HnXIDI','2025-11-06 08:50:25.178577'),('jeomymp6bkxlsfmgyci49metfb9ri81d','eyJVc2VyX0lkIjoxMDksIlVzZXJfVHlwZSI6InVzZXIiLCJfc2Vzc2lvbl9leHBpcnkiOjg2NDAwfQ:1vE3el:lbeY0cnVfwT0TKWxq4qTgV_bOlCjQtqu-TKDfROrGeU','2025-10-30 10:43:55.172385'),('jetvbi9498p44ztuj0sbyqivbqw7c38d','eyJVc2VyX0lkIjoxNSwiVXNlcl9UeXBlIjoidXNlciIsIl9zZXNzaW9uX2V4cGlyeSI6ODY0MDB9:1v9JxW:uuqo8TB86tVPwxwXrjyjt1z_6OfiFenwevE0gT4IwRQ','2025-10-17 09:07:42.581492'),('jg261wxc3p0m9hly5g3uato8n3gmg0ia','eyJVc2VyX0lkIjoxNjEsIlVzZXJfVHlwZSI6InVzZXIiLCJfc2Vzc2lvbl9leHBpcnkiOjg2NDAwfQ:1vOyOX:AGU37jSx3wENmw0dLU_Y19OXZ2OUoDgwLNF9omEiIS8','2025-11-29 13:20:17.644417'),('ji2wq1e1ftt0hneazcmwcm0ltnfc3jw0','eyJVc2VyX0lkIjoxMzMsIlVzZXJfVHlwZSI6InVzZXIiLCJfc2Vzc2lvbl9leHBpcnkiOjg2NDAwfQ:1vInEl:DXJE27sLEhp0VvUdTG-gDgAI9Kjoydg2pY59d0czNoM','2025-11-12 12:12:39.783050'),('jibba9wk0uqy8e23ceq83v1qqp5nkdi2','eyJVc2VyX0lkIjoxNCwiVXNlcl9UeXBlIjoidXNlciIsIl9zZXNzaW9uX2V4cGlyeSI6ODY0MDB9:1uyrEX:UnTPf-V2Mw_Dcp6TKWCUoBgshG5bw_fAASHiTw0fYYg','2025-09-18 12:26:01.997448'),('jif1z3gyezww61cok5n4gclov78btdv8','eyJVc2VyX0lkIjoxOTMsIlVzZXJfVHlwZSI6InVzZXIiLCJfc2Vzc2lvbl9leHBpcnkiOjg2NDAwfQ:1vQiip:EShWNx8q1PJ1rt6vQj7mjJtsUJ6_BsctJfb0qznXI5s','2025-12-04 09:00:27.671568'),('jj2vmdmafwv5ikrjqyb4872snc1y3tke','eyJVc2VyX0lkIjoxMjYsIlVzZXJfVHlwZSI6InVzZXIiLCJfc2Vzc2lvbl9leHBpcnkiOjg2NDAwfQ:1vGzsR:lDfnD9rFmIZJ0vUYZgIdaxZEkEtZ0X4Z4UTM5zZ9Y2Q','2025-11-07 13:18:11.294134'),('jkizg3cf9hp3cjadeo35qbwt4wo3kv2i','eyJVc2VyX0lkIjoxOTksIlVzZXJfVHlwZSI6InVzZXIiLCJfc2Vzc2lvbl9leHBpcnkiOjg2NDAwfQ:1vTDYl:MSEaJwvzG11AYVqfi1TOyKpfmQPsBjz5Ou3s5Nd-now','2025-12-11 06:20:23.789971'),('jm9e17746exnw3j6v8bmsfc1sc7r0qnk','eyJVc2VyX0lkIjo0NCwiVXNlcl9UeXBlIjoidXNlciIsIl9zZXNzaW9uX2V4cGlyeSI6ODY0MDB9:1v21Zr:bodFhX3vVqCIk6EjgrxW4BYP4ADU3w-Pb8LDlpfnaUo','2025-09-27 06:05:07.494420'),('jo1rj590ig5504i2uvjvzrgu2s08j93g','eyJVc2VyX0lkIjoxMzIsIlVzZXJfVHlwZSI6InVzZXIiLCJfc2Vzc2lvbl9leHBpcnkiOjg2NDAwfQ:1vKxg4:SfRr4ofzau1pR0uRjYJW5buACZIf51HtmMVKJLWUfQ4','2025-11-18 11:45:48.344708'),('jogc7i8rjdgzn5vmr7kwg4clenldz1t2','eyJVc2VyX0lkIjo2NSwiVXNlcl9UeXBlIjoidXNlciIsIl9zZXNzaW9uX2V4cGlyeSI6ODY0MDB9:1v7U3T:ErwC-3WOseZLmOV_BnNot8u6s4CmxK8IkW5PscmLjlo','2025-10-12 07:30:15.618492'),('jpblqsuhk80ezbam5jeorlsx29vjbei2','eyJVc2VyX0lkIjoxNSwiVXNlcl9UeXBlIjoidXNlciIsIl9zZXNzaW9uX2V4cGlyeSI6ODY0MDB9:1vBRxm:JNZdQyhICUmk60OwZhakD4xQ-lQwkAfgu4ZJOTWaBEQ','2025-10-23 06:04:46.569293'),('jpi7tgu3mhmjems7s0tmafo8ifxwqajq','eyJVc2VyX0lkIjoxOTMsIlVzZXJfVHlwZSI6InVzZXIiLCJfc2Vzc2lvbl9leHBpcnkiOjg2NDAwfQ:1vR26o:ZagvgZI17Xe-ssbjdKwpEgGCUadRJRFjmcV4a_solSg','2025-12-05 05:42:30.768060'),('jqcv5rb3u9ryzoh2sf5tj1ur6k3bufzz','eyJVc2VyX0lkIjoxMTMsIlVzZXJfVHlwZSI6InVzZXIiLCJfc2Vzc2lvbl9leHBpcnkiOjg2NDAwfQ:1vGFFQ:_RsjDUDh_R3L7WOL31DkBzG-SjFRkVucAEUnI6hZXqA','2025-11-05 11:30:48.679832'),('jqdsfnnblgp1111urgfsnlyh0zc5648u','eyJVc2VyX0lkIjoxNjMsIlVzZXJfVHlwZSI6InVzZXIiLCJfc2Vzc2lvbl9leHBpcnkiOjg2NDAwfQ:1vLyUf:KCDmso3J06pgOisttyyMMYDWxzms76aavUC7lm-vNrY','2025-11-21 06:50:13.195986'),('jqedqc49y319vuagflhzzf3m64afkpzk','eyJVc2VyX0lkIjoxMzEsIlVzZXJfVHlwZSI6InVzZXIiLCJfc2Vzc2lvbl9leHBpcnkiOjg2NDAwfQ:1vJRIJ:z-miZW7bMBPDjIHu89wnRH8RWq6ahm3bVJDAINqVG60','2025-11-14 06:58:59.662237'),('jrka3z57dkedy9mlxtykbeerwzrto9c5','eyJVc2VyX0lkIjoxOTMsIlVzZXJfVHlwZSI6InVzZXIiLCJfc2Vzc2lvbl9leHBpcnkiOjg2NDAwfQ:1vRQIu:v9Wl29IydoQG74M6TJ6CrjmzGLo6nxLMgkiDQ2qiZSg','2025-12-06 07:32:36.388101'),('jt6vie3lu4q1dy514ghon9ovh9ketfyx','eyJVc2VyX0lkIjo4MywiVXNlcl9UeXBlIjoidXNlciIsIl9zZXNzaW9uX2V4cGlyeSI6ODY0MDB9:1urvPw:b_0AlIYbEbV8o8NY2Mk4Fjm6uPVWWZad6ZYdSevILd8','2025-08-30 09:29:08.874764'),('jtq65eptxzigcjj2kxg7ajhd3rwy6sfd','eyJVc2VyX0lkIjoyMDUsIlVzZXJfVHlwZSI6InVzZXIiLCJfc2Vzc2lvbl9leHBpcnkiOjg2NDAwfQ:1vXu6U:jzC-gPfdTyL1W1WG6O_e6BrEfjzAM6lWRz71zjK918Y','2025-12-24 04:34:34.836819'),('ju00jvs8pijlmbr0omlbz9638uqz4kkc','eyJVc2VyX0lkIjoxMjYsIlVzZXJfVHlwZSI6InVzZXIiLCJfc2Vzc2lvbl9leHBpcnkiOjg2NDAwfQ:1vJPwe:oFWfM-a9oH_opfjX5iW0s_zzPZUgEYF5R-Ei2vk97LQ','2025-11-14 05:32:32.227588'),('juwqiuea53eohuabzi612oov82dq4dl8','eyJVc2VyX0lkIjoxNjcsIlVzZXJfVHlwZSI6InVzZXIiLCJfc2Vzc2lvbl9leHBpcnkiOjg2NDAwfQ:1vOr1K:WyMpMwJCo9yGdANSOV1SLRJ4g1D7mNoe0sDBTG_gfko','2025-11-29 05:27:50.640611'),('jv9zh6dnm64cfiee7qfm8ihnfyprz0t3','eyJVc2VyX0lkIjoxMTYsIlVzZXJfVHlwZSI6InVzZXIiLCJfc2Vzc2lvbl9leHBpcnkiOjg2NDAwfQ:1vLHe3:0KlEmFprGLqF2Cwx9odp6w8V_vPxuM03iloBj3HkBL0','2025-11-19 09:05:03.410968'),('jvdl7wkz87owbyxyaiseteo025p2ew7j','e30:1urqcO:5zA7x_Lxw1JB5p9QfM5S9ZSfTWO5OFO5HhCugWZJVpw','2025-08-30 04:21:40.284749'),('jx0rdgj21aknkwtw0dmeennk8obd2mig','eyJVc2VyX0lkIjoxMDgsIlVzZXJfVHlwZSI6InVzZXIiLCJfc2Vzc2lvbl9leHBpcnkiOjg2NDAwfQ:1vKB4U:maSZojt3_C-ugwopJnakurcxZz-_HBigFpLCf26m-qo','2025-11-16 07:51:46.395667'),('jytlj1ivo1yf5ah03eipnrixn8sd4gii','eyJVc2VyX0lkIjoxMjcsIlVzZXJfVHlwZSI6InVzZXIiLCJfc2Vzc2lvbl9leHBpcnkiOjg2NDAwfQ:1vGbGE:d-0NvvmG5tZf9Ad6ZrpRi4VGA0uFVb6x3zj9MhQTPFU','2025-11-06 11:01:06.579799'),('jzzihqn3j2jbuuzvk37q9c5tr40z4gl3','eyJVc2VyX0lkIjoxNjYsIlVzZXJfVHlwZSI6InVzZXIiLCJfc2Vzc2lvbl9leHBpcnkiOjg2NDAwfQ:1vLdAr:3Xe01eovomCo8ldR_4vOj00jWHEoEM_AOlEe0IvP6GE','2025-11-20 08:04:21.793364'),('k096za22t3y8t4i8ug0l2j74dqlfb969','eyJVc2VyX0lkIjoxNSwiVXNlcl9UeXBlIjoidXNlciIsIl9zZXNzaW9uX2V4cGlyeSI6ODY0MDB9:1v9Hmq:ajXDuoFpFj8OpScwUBqhYt6VlBHpPXmh2bW_f3GtKmo','2025-10-17 06:48:32.985157'),('k1gnrcrt4bsncw3c1pxvt7h3a30o75j7','eyJVc2VyX0lkIjo1NywiVXNlcl9UeXBlIjoidXNlciIsIl9zZXNzaW9uX2V4cGlyeSI6ODY0MDB9:1urr7F:FBOOKuJ4D3xty_9yJGS3vsTLzkvFJn0JfvsSMJKGELA','2025-08-30 04:53:33.172394'),('k2jh2y54mixh0y23q32cncacjs6exvoe','eyJVc2VyX0lkIjoyMywiVXNlcl9UeXBlIjoidXNlciIsIl9zZXNzaW9uX2V4cGlyeSI6ODY0MDB9:1v9GIV:CnLh-38GF0rqkMwKANkJZji3OJQ8JqKPnNHXxYReWVc','2025-10-17 05:13:07.091166'),('k834r9640jv4caorat7x9fclugf9x3jm','eyJVc2VyX0lkIjoxOTMsIlVzZXJfVHlwZSI6InVzZXIiLCJfc2Vzc2lvbl9leHBpcnkiOjg2NDAwfQ:1vQkgQ:G6FnKa_yhuTNuQomL7Es61dOEGyDi4jbmIe2A-V2cO0','2025-12-04 11:06:06.302693'),('k86knn794e6qeem1uwgviri0hs0kjgip','eyJVc2VyX0lkIjo2MiwiVXNlcl9UeXBlIjoidXNlciIsIl9zZXNzaW9uX2V4cGlyeSI6ODY0MDB9:1vFrzm:pr7wRSjZTuwSAAtTQcMQr0OoKU2kmougEbwpQKiEnac','2025-11-04 10:41:06.508142'),('k9eeaeruzym2i9mrezh4ocl75s0ddugn','eyJVc2VyX0lkIjoxNjMsIlVzZXJfVHlwZSI6InVzZXIiLCJfc2Vzc2lvbl9leHBpcnkiOjg2NDAwfQ:1vOYAo:TpmjOOIUo7UwO2EfTzZcO2K8EAkBnM9zvQuiBVB3L_M','2025-11-28 09:20:22.585941'),('ka7sp06yck2sgvbvw4z5uj3f063bl907','eyJVc2VyX0lkIjoxMjQsIlVzZXJfVHlwZSI6InVzZXIiLCJfc2Vzc2lvbl9leHBpcnkiOjg2NDAwfQ:1vGs7s:V6rCVmV8Bv9Lo9ZcjKK9QGI2pv38rGbpiGO095IHMqI','2025-11-07 05:01:36.996755'),('kannuvqaw9ze0kgepnqsoly37zbrf0vd','eyJVc2VyX0lkIjo2NiwiVXNlcl9UeXBlIjoidXNlciIsIl9zZXNzaW9uX2V4cGlyeSI6ODY0MDB9:1usy9s:2u3UfH7IUC66L5GOZYEGoEewCze6ApZc-aOwvnIs3YU','2025-09-02 06:36:52.589998'),('kasc7n1rv76o9rzrhlwoekn3augo1281','eyJVc2VyX0lkIjoxMTIsIlVzZXJfVHlwZSI6InVzZXIiLCJfc2Vzc2lvbl9leHBpcnkiOjg2NDAwfQ:1vDG7d:oLuZ5xZPm1MiciAWkZrp3AAQZmacCXZzA7FT64aN8yo','2025-10-28 05:50:25.225411'),('kbcffxqdmu6bia9qzt0ifw3j1hcri0du','eyJVc2VyX0lkIjoxNiwiVXNlcl9UeXBlIjoidXNlciIsIl9zZXNzaW9uX2V4cGlyeSI6ODY0MDB9:1usysH:_8Z3u0DPNUut6g01U3F6aTYGEts21gjV3L8B2o6SMpg','2025-09-02 07:22:45.119281'),('kc8i6s11mwqdbdvgldnuvzhxaf2b9wsd','eyJVc2VyX0lkIjoxNjMsIlVzZXJfVHlwZSI6InVzZXIiLCJfc2Vzc2lvbl9leHBpcnkiOjg2NDAwfQ:1vLfUF:F2VMHsNZdrS12A_SQxj-4N2nLwYJ2iZOwTORaDqwfeU','2025-11-20 10:32:31.174788'),('kdbv31cxfjll5781maqbk02m5vt0sykh','eyJVc2VyX0lkIjoyMywiVXNlcl9UeXBlIjoidXNlciIsIl9zZXNzaW9uX2V4cGlyeSI6ODY0MDB9:1usH52:dzolwWxjD-uCnJbkbZcQXEy9n_bjaTIcdXIqP97Hxrc','2025-08-31 08:37:00.842221'),('keaobsfe2ulcypstwb1hygfbhjmsx2bb','eyJVc2VyX0lkIjoxNCwiVXNlcl9UeXBlIjoidXNlciIsIl9zZXNzaW9uX2V4cGlyeSI6ODY0MDB9:1v0GZt:HEEEon6WhDqSVBoT8GIa1WeWGTmcJGy2b1-orX-_XlA','2025-09-22 09:41:53.383902'),('kee93au4cjkdr77r0ret11wm01t13kmq','eyJVc2VyX0lkIjoxNCwiVXNlcl9UeXBlIjoidXNlciIsIl9zZXNzaW9uX2V4cGlyeSI6ODY0MDB9:1v0Evz:p6gmDmpRQUntNIyMS_sm0DPeEHIlXQVKwPLKZBm5AAg','2025-09-22 07:56:35.923666'),('kgekhk4riwvko0ftwkm97o4i9xxna0rw','eyJVc2VyX0lkIjoxMjAsIlVzZXJfVHlwZSI6InVzZXIiLCJfc2Vzc2lvbl9leHBpcnkiOjg2NDAwfQ:1vHFv9:iwVvA1UKfTv6BAPKwbsCF8_8WVUC8nDFxGMsgUVkSKs','2025-11-08 06:26:03.969778'),('kgyljhjycfrgti89meal55xe6b385q9b','eyJVc2VyX0lkIjoyMDIsIlVzZXJfVHlwZSI6InVzZXIiLCJfc2Vzc2lvbl9leHBpcnkiOjg2NDAwfQ:1vSYSw:cKxCq2glkzQa9cZL8HDt4AeZGzRETrtyvCtWCvWZFIc','2025-12-09 10:27:38.472887'),('khq8ygo1tpmmm5qd43uq45xxn4j6qbrg','eyJVc2VyX0lkIjo2NSwiVXNlcl9UeXBlIjoidXNlciIsIl9zZXNzaW9uX2V4cGlyeSI6ODY0MDB9:1uzr1E:wQVcRU0Y1A91ZDYv7oA1Td_qo83nIWGpEYOaJ2sW2qc','2025-09-21 06:24:24.188743'),('kkankkzhubgbw8pvitiuttikdxlafblz','eyJVc2VyX0lkIjoyMywiVXNlcl9UeXBlIjoidXNlciIsIl9zZXNzaW9uX2V4cGlyeSI6ODY0MDB9:1usGHR:UoAYx80mq_Nr4Y85imvzDIQ7Qx3FjkmogTkIsuLzwVY','2025-08-31 07:45:45.676074'),('kldxdf4a1zzhogfv24fkc7lfsyq23c66','eyJVc2VyX0lkIjoxMjYsIlVzZXJfVHlwZSI6InVzZXIiLCJfc2Vzc2lvbl9leHBpcnkiOjg2NDAwfQ:1vJ9Ry:IK3beq3mYaywP1mXMpx-1sjL-nMp043kB8nZb5oh25U','2025-11-13 11:55:46.775803'),('km100xu0pe6mie1u0p2joi083ys7uuiu','eyJVc2VyX0lkIjoxMDgsIlVzZXJfVHlwZSI6InVzZXIiLCJfc2Vzc2lvbl9leHBpcnkiOjg2NDAwfQ:1vEjlO:3P9uoW8UpCB2IwuYeWTZzX8F9oZyg00p8cIhLNT_Plg','2025-11-01 07:41:34.983621'),('km78nvekyhmv7xc67p7nlkju06icmw0a','eyJVc2VyX0lkIjo2MiwiVXNlcl9UeXBlIjoidXNlciIsIl9zZXNzaW9uX2V4cGlyeSI6ODY0MDB9:1vETm0:vfNfBmP8SF2AjXUyJSW6ecVmMH0xg60fTLJ9WPqi5PY','2025-10-31 14:37:08.217415'),('kmfec5z968ogeuhfdxiw47hz81t5xjtd','eyJVc2VyX0lkIjo2NSwiVXNlcl9UeXBlIjoidXNlciIsIl9zZXNzaW9uX2V4cGlyeSI6ODY0MDB9:1ut3hs:okIm8BykiqF5QN5BmYiVCwyjA7LavRZPceM9yIsSdig','2025-09-02 12:32:20.617103'),('kn1mrxmr2mes9ei98smk7wqxj1029aes','eyJVc2VyX0lkIjoxMjYsIlVzZXJfVHlwZSI6InVzZXIiLCJfc2Vzc2lvbl9leHBpcnkiOjg2NDAwfQ:1vGxZC:97ElFfD5_8e3hBigagWrlrKHOi8el9N59ppLfsbuaiE','2025-11-07 10:50:10.875788'),('kndej3r3egqtrnuh4mqxqyosc0kuc4la','eyJVc2VyX0lkIjo0NCwiVXNlcl9UeXBlIjoidXNlciIsIl9zZXNzaW9uX2V4cGlyeSI6ODY0MDB9:1v8uZT:WRCvTaFSRv-dQLf9wEdf_zr0ZNlEfoCKVFWaH0Juor0','2025-10-16 06:01:11.981392'),('knoi6lvlm3nsagtgyx40h0hewn997x3p','eyJVc2VyX0lkIjoxMDgsIlVzZXJfVHlwZSI6InVzZXIiLCJfc2Vzc2lvbl9leHBpcnkiOjg2NDAwfQ:1vEjhz:CkRflqHWQPfTs-iWEx7pJOvFETytWkDE5ppZ117I1iY','2025-11-01 07:38:03.637823'),('koeirj4k4cjc1lylh6q0z8top1lni6l3','eyJVc2VyX0lkIjoxMjMsIlVzZXJfVHlwZSI6InVzZXIiLCJfc2Vzc2lvbl9leHBpcnkiOjg2NDAwfQ:1vDGO4:I15OMSRX5nUzzhU2PPz2YNf-9qxhj9Puryv_17dNl-Q','2025-10-28 06:07:24.673197'),('krkxwcwxx8f64bcx2pjbvewv6iz81nip','eyJVc2VyX0lkIjoyMDksIlVzZXJfVHlwZSI6InVzZXIiLCJfc2Vzc2lvbl9leHBpcnkiOjg2NDAwfQ:1vWUEa:E-JR1IAKxqlPCZh8v-lac8gOCyBY0BWmqOGEvATUOrc','2025-12-20 06:45:04.627516'),('krsob5td5olzbo7tgye80s0am18bn7vn','eyJVc2VyX0lkIjoxMjYsIlVzZXJfVHlwZSI6InVzZXIiLCJfc2Vzc2lvbl9leHBpcnkiOjg2NDAwfQ:1vJTOg:oFKuyZc0UrsZfjCobLUeauyyUvpk_tMz2uVp4Kha5mA','2025-11-14 09:13:42.764611'),('ks29koqthxvvjazw7zj3kk7997di9goa','eyJVc2VyX0lkIjo2NiwiVXNlcl9UeXBlIjoidXNlciIsIl9zZXNzaW9uX2V4cGlyeSI6ODY0MDB9:1v1Lw7:Y5-sbew9kLVewHP0sAcIe9MDptfAhY-WW-gdvAcS3aE','2025-09-25 09:37:19.676600'),('ks3bardc5e663tdjrmiqi9m78s0ldhqv','eyJVc2VyX0lkIjo4NywiVXNlcl9UeXBlIjoidXNlciIsIl9zZXNzaW9uX2V4cGlyeSI6ODY0MDB9:1v5kap:vmqhFK6XyUenYsOnZFqPUl5WoIwC06VUQxaHn_lq0EM','2025-10-07 12:45:31.621387'),('ku4qjmbehllnjj1nvoi84nb52djqe86z','eyJVc2VyX0lkIjo3MCwiVXNlcl9UeXBlIjoidXNlciIsIl9zZXNzaW9uX2V4cGlyeSI6ODY0MDB9:1vB8yT:drYszWhfBvICWPr5ZY6zBx1PIM0G0DuR3uDic4_DDPs','2025-10-22 09:48:13.424182'),('kussyyfaysb5kdrmsbe9t4gpmo18hdwo','e30:1vW5x8:dn3wPIeiiwUL8x7gVKdeb7-8kvIQIZJkHzkMssYQDwk','2025-12-19 04:49:26.123653'),('ky08s729wjq3usdpt30k2dekoaf9kwc5','e30:1urdML:uTSNbImzWsmACJXyFFRrgRrVzrVss92lKnjFAIoEZuE','2025-08-29 14:12:13.436428'),('ky4yno51lrzgcl6y9v84u530prd4e60l','eyJVc2VyX0lkIjoyNCwiVXNlcl9UeXBlIjoidXNlciIsIl9zZXNzaW9uX2V4cGlyeSI6ODY0MDB9:1uzsMm:cV1le31sipG70AOWYcKFZLA5-9G9wbWegLO5Co_NrkM','2025-09-21 07:50:44.465623'),('kynhskr4w73nt4qvld7ta5j0gz5k4ndz','eyJVc2VyX0lkIjoxMjcsIlVzZXJfVHlwZSI6InVzZXIiLCJfc2Vzc2lvbl9leHBpcnkiOjg2NDAwfQ:1vEjm9:p4DEDnC7YTxfPDNKh3iL-XlgUvnk2M5DxaNvaBDT1Y8','2025-11-01 07:42:21.988044'),('kztubidhxjfu2rmtwa6z7bt6zsjmg1ew','eyJVc2VyX0lkIjo5MiwiVXNlcl9UeXBlIjoidXNlciIsIl9zZXNzaW9uX2V4cGlyeSI6ODY0MDB9:1uyPKW:v2nbliSzyxMRghZ6zj4Ciop8QkcgWUxY5VuF4pV1tdU','2025-09-17 06:38:20.447846'),('l0720wekjx8h5s9ptjfb3xqpc8vcs9sr','eyJVc2VyX0lkIjoxMjYsIlVzZXJfVHlwZSI6InVzZXIiLCJfc2Vzc2lvbl9leHBpcnkiOjg2NDAwfQ:1vGFTe:0XvbwFJUyjbiYwF13G3p3exnbpJta95lmcLreCZckps','2025-11-05 11:45:30.293326'),('l2r66zk06w35mvdu0x77c3nrgvj27pxi','eyJVc2VyX0lkIjoxOTIsIlVzZXJfVHlwZSI6InVzZXIiLCJfc2Vzc2lvbl9leHBpcnkiOjg2NDAwfQ:1vQPXc:Q0aWfb7znBOwtHhQJEIz_5JDwzU2UWfwzNQLSUQX_HM','2025-12-03 12:31:36.900939'),('l2vocq5tqrpzed9trf76wfy6ovkudvs4','eyJVc2VyX0lkIjoxMTMsIlVzZXJfVHlwZSI6InVzZXIiLCJfc2Vzc2lvbl9leHBpcnkiOjg2NDAwfQ:1vB94p:8_ES92-B7hF2D9h7eY2fZ4SAyD79GImBWKQEaj9Qdgc','2025-10-22 09:54:47.747431'),('l3d5z0jxasurh3f89xmhxizqur1cg9dx','eyJVc2VyX0lkIjo2MiwiVXNlcl9UeXBlIjoidXNlciIsIl9zZXNzaW9uX2V4cGlyeSI6ODY0MDB9:1vCcWV:-OctVqOlzX9zPDyxx84KdDpy5_8EQEEdqiuSr_r5KyQ','2025-10-26 11:33:27.167601'),('l3m2n97m648whpulp1bmdv0c3s5bjcda','eyJVc2VyX0lkIjo4MCwiVXNlcl9UeXBlIjoidXNlciIsIl9zZXNzaW9uX2V4cGlyeSI6ODY0MDB9:1urv4t:pl3LVxTialTwcWaTJ-fogRUbIt84dychkw4Kdg6MEK0','2025-08-30 09:07:23.938479'),('l3n06kl5mmau0gs0uqomf83li4uv09x8','eyJVc2VyX0lkIjo2NiwiVXNlcl9UeXBlIjoidXNlciIsIl9zZXNzaW9uX2V4cGlyeSI6ODY0MDB9:1uwDk0:kjP2DGx6HYm4SAU0rE1CWHaxwHqzhPfrct3vUNt1vHA','2025-09-11 05:51:36.516061'),('l48wtcv7cdpqm7x2mi3oq3ivncco4lfl','eyJVc2VyX0lkIjo1OSwiVXNlcl9UeXBlIjoidXNlciIsIl9zZXNzaW9uX2V4cGlyeSI6ODY0MDB9:1vEPN9:I68D2HE1w6FkH5ETF2ZaMBYW1sBwvnhQ0WOmwneYYMI','2025-10-31 09:55:11.084999'),('l7zqyu9cs6fl8qkftkdlzbonnjpsxuat','eyJVc2VyX0lkIjoxNjcsIlVzZXJfVHlwZSI6InVzZXIiLCJfc2Vzc2lvbl9leHBpcnkiOjg2NDAwfQ:1vNnTo:P2vnMcXO5_HBtv4gXU-CEA_2LmIKTTJCIoRZF7M1qlA','2025-11-26 07:28:52.525287'),('l8rcwrrmzemdi5a34u91c0m7ahpk9h7o','eyJVc2VyX0lkIjoyMywiVXNlcl9UeXBlIjoidXNlciIsIl9zZXNzaW9uX2V4cGlyeSI6ODY0MDB9:1v36HG:zcjiDorP7lusyWKNnCMdOJQ2XYDILqiwuX8EbvXWcU0','2025-09-30 05:18:22.535116'),('la5hl0mjv6nhnyo9qdsbo6yr0201xbe6','eyJVc2VyX0lkIjoxOTcsIlVzZXJfVHlwZSI6InVzZXIiLCJfc2Vzc2lvbl9leHBpcnkiOjg2NDAwfQ:1vSwQV:Ly1SbxhLE8tdtHu9odBDqwKlLviRMqQvvzLuD3Uk6Rc','2025-12-10 12:02:43.381752'),('ldwgvoppilgdbih13z3rczzexqy5l4uz','eyJVc2VyX0lkIjo2NSwiVXNlcl9UeXBlIjoidXNlciIsIl9zZXNzaW9uX2V4cGlyeSI6ODY0MDB9:1usFyd:mJs0M0KXJNUaHwv0a8tKiXtpjd1yIHuoMPS6FWAY-28','2025-08-31 07:26:19.562574'),('le6c06n7klyw6sz46zgf8f7u4qvgops0','eyJVc2VyX0lkIjoxMDUsIlVzZXJfVHlwZSI6InVzZXIiLCJfc2Vzc2lvbl9leHBpcnkiOjg2NDAwfQ:1v9Msf:dWTYsLyHUxOM909Ihrj9JdWr-NyWXalXT8NJZwb5qK8','2025-10-17 12:14:53.067225'),('lg9pys2seyh0r37969y4735khia6ty62','eyJVc2VyX0lkIjoxOTYsIlVzZXJfVHlwZSI6InVzZXIiLCJfc2Vzc2lvbl9leHBpcnkiOjg2NDAwfQ:1vR7sg:Casf1yhYfF2k-Vlj0Xakn6JtkYFz622MjmOiaDKvWrg','2025-12-05 11:52:18.498745'),('lg9s065uxy52v94kwlvru9i13zukav8r','eyJVc2VyX0lkIjoxNzIsIlVzZXJfVHlwZSI6InVzZXIiLCJfc2Vzc2lvbl9leHBpcnkiOjg2NDAwfQ:1vO7L8:iOS4ZBOdRitafptN6gpE1Qd_qpfs2GntED_AvK-fbHg','2025-11-27 04:41:14.185797'),('lgl2wibjoet9pou34iirfjqfuvc1bexf','eyJVc2VyX0lkIjoyOSwiVXNlcl9UeXBlIjoidXNlciIsIl9zZXNzaW9uX2V4cGlyeSI6ODY0MDB9:1uu93S:s_seMuG1udIuo7S2GZGEcyRn6AyqTp7RRGZVlNN2Bjw','2025-09-05 12:27:06.438664'),('lhat30l2dc3hvu8iczcgybqie7jdewll','eyJVc2VyX0lkIjoxMDksIlVzZXJfVHlwZSI6InVzZXIiLCJfc2Vzc2lvbl9leHBpcnkiOjg2NDAwfQ:1vDJ9S:Tq1z9b6og9cycNH4cW4nONi60bK6nU7b77A8qvXey9w','2025-10-28 09:04:30.567385'),('lhcdvbd2ojqb2aafdf1qdp3pg1l3ybmk','eyJVc2VyX0lkIjoxNzQsIlVzZXJfVHlwZSI6InVzZXIiLCJfc2Vzc2lvbl9leHBpcnkiOjg2NDAwfQ:1vOYez:E8u76S0ZjrZlGIzVEUAgKPvkM1dXIBUVj-j94S_utJo','2025-11-28 09:51:33.101954'),('lhxy3nec1ays07u7bz451bq99ashqeu5','eyJVc2VyX0lkIjo1MywiVXNlcl9UeXBlIjoidXNlciIsIl9zZXNzaW9uX2V4cGlyeSI6ODY0MDB9:1usH5A:tcKKBJqJhyFV2irJFABo4-V8Q7F5fgY2YI_1yZBTix8','2025-08-31 08:37:08.849902'),('li5x3jaio4nhck6r7ag9v7smc9dsjuae','eyJVc2VyX0lkIjoxMjMsIlVzZXJfVHlwZSI6InVzZXIiLCJfc2Vzc2lvbl9leHBpcnkiOjg2NDAwfQ:1vGzKQ:1BlnMt_JUfWXQ2OKGqDkIs6nxRWXL8ywfuAaN3SlKqA','2025-11-07 12:43:02.102528'),('li9rzwklzjl4mf04hq81pff652xg98vo','eyJVc2VyX0lkIjoxOTYsIlVzZXJfVHlwZSI6InVzZXIiLCJfc2Vzc2lvbl9leHBpcnkiOjg2NDAwfQ:1vR28V:WfdrZjRlrNMft8dK7zG4W7aXzWIYd3cYJhbKnXDPF3Q','2025-12-05 05:44:15.887571'),('lj8o5x3c8ir0scbjwszdhpghrrxe15a6','eyJVc2VyX0lkIjoyMTIsIlVzZXJfVHlwZSI6InVzZXIiLCJfc2Vzc2lvbl9leHBpcnkiOjg2NDAwfQ:1vWWgp:V7XaebNuSFdS8-BPnTn9zU2MpZnWh_0vRQV2O_lNzaE','2025-12-20 09:22:23.398770'),('lkdhn98229qafmezi55qrzbtxldwk9so','eyJVc2VyX0lkIjoxMjUsIlVzZXJfVHlwZSI6InVzZXIiLCJfc2Vzc2lvbl9leHBpcnkiOjg2NDAwfQ:1vDGoF:pgUFHfSIhMhC2MNSPyRY-gxkxbvvtnb6D7x6HH3avCc','2025-10-28 06:34:27.963935'),('llakxjg789rz0wbj14jilmc1hy2b9ro8','eyJVc2VyX0lkIjo2MCwiVXNlcl9UeXBlIjoidXNlciIsIl9zZXNzaW9uX2V4cGlyeSI6ODY0MDB9:1uvqkx:6aHKrD0fMIg2Xo_VF763CSJcvbb2emL5me-fmr9jOfs','2025-09-10 05:19:03.266800'),('lmefbnj9p93owp9aexyfidhblx9uvv8h','eyJVc2VyX0lkIjoxMTMsIlVzZXJfVHlwZSI6InVzZXIiLCJfc2Vzc2lvbl9leHBpcnkiOjg2NDAwfQ:1vDizJ:x3I7hpV1Boz8xXlC_FLl24WuUY7M5h3WFyaLw3XTLfc','2025-10-29 12:39:45.573179'),('lopxk565jerzt5va1zu2fz729oedbp9y','eyJVc2VyX0lkIjoxMjYsIlVzZXJfVHlwZSI6InVzZXIiLCJfc2Vzc2lvbl9leHBpcnkiOjg2NDAwfQ:1vJTto:4Q0c960jcO_BReiqSc0B_EZC9o4Z8fU4kmeofZvuRc4','2025-11-14 09:45:52.636200'),('lp4s3z94yloqu8lrbesroqor10z83mtl','eyJVc2VyX0lkIjoxOTMsIlVzZXJfVHlwZSI6InVzZXIiLCJfc2Vzc2lvbl9leHBpcnkiOjg2NDAwfQ:1vR21G:kJ9WqOLn1SyPAVoP-7gJNDQVhs1IdzPGl-7d8SWJo3k','2025-12-05 05:36:46.933222'),('lq9rdblp4tm0zjs49ye62yazk88zx8j9','eyJVc2VyX0lkIjoxNjMsIlVzZXJfVHlwZSI6InVzZXIiLCJfc2Vzc2lvbl9leHBpcnkiOjg2NDAwfQ:1vLfaC:-b_fkbLd5ZkgsVOOfjUEE6QjUUtUAymVDsAjgxTNWv8','2025-11-20 10:38:40.487847'),('lsb03r7tn5guii9kydkniou3aqra8eqx','eyJVc2VyX0lkIjoxMTcsIlVzZXJfVHlwZSI6InVzZXIiLCJfc2Vzc2lvbl9leHBpcnkiOjg2NDAwfQ:1vCaqj:aePNoEzirXN94g5DtmYsSPB58wr8-MY-t3WMYubSXiM','2025-10-26 09:46:13.047875'),('lsqf0q47zyw95qk37airk4fss5u0blar','eyJVc2VyX0lkIjoxOTcsIlVzZXJfVHlwZSI6InVzZXIiLCJfc2Vzc2lvbl9leHBpcnkiOjg2NDAwfQ:1vSued:vUJ5yOGnZsNtOouw42gyt71pR2tqOZKiZ9Gl2Vsqd4M','2025-12-10 10:09:11.628153'),('lt5wm2fbmromw627twifc2htblzg4vn1','eyJVc2VyX0lkIjoxMjAsIlVzZXJfVHlwZSI6InVzZXIiLCJfc2Vzc2lvbl9leHBpcnkiOjg2NDAwfQ:1vDGNx:PPTaLXrMOLdQ-FoCOtXhp1NTvO0NrNI3oAfabdBUjgQ','2025-10-28 06:07:17.272364'),('lvppn1ogotmi9vhrwicsahz4o6v9msjh','eyJVc2VyX0lkIjoxMzIsIlVzZXJfVHlwZSI6InVzZXIiLCJfc2Vzc2lvbl9leHBpcnkiOjg2NDAwfQ:1vJ8PQ:SazAj9kZaJlMQifyKLNdVo0icu2DBIiCdhSgF4Ta1fk','2025-11-13 10:49:04.981949'),('lxgip69y4nq0qc4s2ux5r9k9sxfsuozd','eyJVc2VyX0lkIjo1MywiVXNlcl9UeXBlIjoidXNlciIsIl9zZXNzaW9uX2V4cGlyeSI6ODY0MDB9:1utfsp:Q-TMCikXMy-hyq0pXB1aNjOb-W7wGnrQLTly_jXGKBg','2025-09-04 05:18:11.093095'),('lxm40ca78yzzs2d0v9uddv6rfzpeuguv','eyJVc2VyX0lkIjo3NiwiVXNlcl9UeXBlIjoidXNlciIsIl9zZXNzaW9uX2V4cGlyeSI6ODY0MDB9:1urvJl:P51k0_XdHOfzKyfvThlm2HXK3j7YQrOY7Oap4xpIwH8','2025-08-30 09:22:45.610899'),('ly9dkp5slm3p5x5891m5bzgkbaw4goea','e30:1vXzXy:J49WtCSE7wh-3kaNhB9zihNw6bO-brZc2XhxLp9yzEk','2025-12-24 10:23:18.445080'),('lybbgtwi50pmlpq80mfpl1flgf1n8wbp','eyJVc2VyX0lkIjoxNCwiVXNlcl9UeXBlIjoidXNlciIsIl9zZXNzaW9uX2V4cGlyeSI6ODY0MDB9:1v8xTY:S6CjeYBkWwS-8lmdIpx4lZ41QMHevFSQkvt_gIp7otU','2025-10-16 09:07:16.078563'),('m13m3mmiujvke9itpz3yr1ikd3mm8t8v','eyJVc2VyX0lkIjoxMTIsIlVzZXJfVHlwZSI6InVzZXIiLCJfc2Vzc2lvbl9leHBpcnkiOjg2NDAwfQ:1vELAS:LwgsWOBwup-CSDV7t0XiixmD1KJ4v0YxSU6tKzCEfPw','2025-10-31 05:25:48.664117'),('m16yriozwz239shzkl1izyul9qg6nrdd','e30:1vY0eZ:JXjmDlX6m1vstzMv_lAo0qOw4ZFDQU10sJDS0i1tDsA','2025-12-24 11:34:11.804231'),('m1gn0fzo9znmi6qj47xkbnzcor43dq6k','eyJVc2VyX0lkIjoxNzIsIlVzZXJfVHlwZSI6InVzZXIiLCJfc2Vzc2lvbl9leHBpcnkiOjg2NDAwfQ:1vQMbv:Ic-7qEptxqVJ_WOMgylOCBEf3ahsNbGrP7K0spCLcrk','2025-12-03 09:23:51.418141'),('m1gp6h9wr159m4m9u78znmbmmfn6dy7j','eyJVc2VyX0lkIjoxMzksIlVzZXJfVHlwZSI6InVzZXIiLCJfc2Vzc2lvbl9leHBpcnkiOjg2NDAwfQ:1vJ3m2:vCLYZ2uazEPcK8vJTjCvyTdrqZScsIan_G1xWpmOSWU','2025-11-13 05:52:06.833382'),('m1o8qkvjq8gvmmyuu7v0qd58rc27eoie','eyJVc2VyX0lkIjoxMTYsIlVzZXJfVHlwZSI6InVzZXIiLCJfc2Vzc2lvbl9leHBpcnkiOjg2NDAwfQ:1vIQ1H:ueU538wCyLQ7z0ymfwmhpmyhK-5eAbyGls3v5BS2vkw','2025-11-11 11:25:11.456673'),('m2e68bre1paxeff9bwianvafoicgqwwe','eyJVc2VyX0lkIjoxMjYsIlVzZXJfVHlwZSI6InVzZXIiLCJfc2Vzc2lvbl9leHBpcnkiOjg2NDAwfQ:1vJUJA:UNUxgqDk3Akl19IqFQrAs1r66lZXAsvmDFswDYEFjjM','2025-11-14 10:12:04.650873'),('m38etmnaaya7volz1vbickip2517lah0','eyJVc2VyX0lkIjoxMzMsIlVzZXJfVHlwZSI6InVzZXIiLCJfc2Vzc2lvbl9leHBpcnkiOjg2NDAwfQ:1vInOM:fPJa9-WGn-kjvG6JRxjpVe3KjvCeH0NS6IxcfPXbvX0','2025-11-12 12:22:34.346627'),('m3tbctlyaqyvjjyuetxf1x2d29qhmc7j','eyJVc2VyX0lkIjoxMzIsIlVzZXJfVHlwZSI6InVzZXIiLCJfc2Vzc2lvbl9leHBpcnkiOjg2NDAwfQ:1vJ56Z:v9oW8Y6UMIMirriyt3R2UgB67Jmsc0ab3GIzCVErjPk','2025-11-13 07:17:23.809937'),('m4n4ycenvhfiqrcrppubukrcutum0vpq','eyJVc2VyX0lkIjoxNTQsIlVzZXJfVHlwZSI6InVzZXIiLCJfc2Vzc2lvbl9leHBpcnkiOjg2NDAwfQ:1vLIbd:-Nc12jOEfB-57n3wYYLSuROcZc_I0fGQ3OqbLt0_sUk','2025-11-19 10:06:37.808746'),('m4nfqmeeh361d0ifod50ljzib38xvdrr','eyJVc2VyX0lkIjoxMTMsIlVzZXJfVHlwZSI6InVzZXIiLCJfc2Vzc2lvbl9leHBpcnkiOjg2NDAwfQ:1vIQ2A:-ypT4DPCaONLSPvXOM5aO0L25I9F2q7kjvMIEd7Jilk','2025-11-11 11:26:06.444248'),('m4uzp7fv0ojjbiw6bwwus7j34520msg0','eyJVc2VyX0lkIjoyNCwiVXNlcl9UeXBlIjoidXNlciIsIl9zZXNzaW9uX2V4cGlyeSI6ODY0MDB9:1v0FqJ:p5WoLoRQUaABDVsQaUZxBuMU_87emN_5NRyr9F0vRh0','2025-09-22 08:54:47.173662'),('m6d0hhjkowji15ym9muwi75uapvjl90a','eyJVc2VyX0lkIjoxMjgsIlVzZXJfVHlwZSI6InVzZXIiLCJfc2Vzc2lvbl9leHBpcnkiOjg2NDAwfQ:1vDhIq:KaVYl27q7bLKUuJ6D_rSQAMwZbhAkSJ7VBPfbr6suI0','2025-10-29 10:51:48.334403'),('m6l3ddnyykmdda67zyh1f5hsdvubmjtf','eyJVc2VyX0lkIjoxMzIsIlVzZXJfVHlwZSI6InVzZXIiLCJfc2Vzc2lvbl9leHBpcnkiOjg2NDAwfQ:1vKx6r:bkTrSaWTnGKFTB3FvVWndNMj3Ou6q3ZTSXmNjrJRem4','2025-11-18 11:09:25.536926'),('m6rm7famusf9h92c1j3fllpvyt2xz3ap','eyJVc2VyX0lkIjoxNjMsIlVzZXJfVHlwZSI6InVzZXIiLCJfc2Vzc2lvbl9leHBpcnkiOjg2NDAwfQ:1vMNox:PNV-0l1epWR5s7NLHsJ6yPaTCd8wVpyAHeLXwGrBO6M','2025-11-22 09:52:51.520125'),('m6ztx262cinpsm33lzrd27d0sqraaxy3','eyJVc2VyX0lkIjoxMjMsIlVzZXJfVHlwZSI6InVzZXIiLCJfc2Vzc2lvbl9leHBpcnkiOjg2NDAwfQ:1vDdfz:43MgYyx6eMc0qRsiJkxTLqNJFj2mkmpNnsR_AHWij7A','2025-10-29 06:59:27.683149'),('m8nyi98dd37v6h3ujiqwtwez071l0yl0','e30:1vXzXy:J49WtCSE7wh-3kaNhB9zihNw6bO-brZc2XhxLp9yzEk','2025-12-24 10:23:18.139786'),('m9459a1rdwp6g1ld7j5d47et5dnpb06y','eyJVc2VyX0lkIjoxNzAsIlVzZXJfVHlwZSI6InVzZXIiLCJfc2Vzc2lvbl9leHBpcnkiOjg2NDAwfQ:1vLx8G:s1179eD0D7inMz9q1SAimUPrRv9EEzN8QxQjq_7hfrk','2025-11-21 05:23:00.994214'),('ma3kiz0stzlap2lgtyf618whcwo845kf','eyJVc2VyX0lkIjoxNzIsIlVzZXJfVHlwZSI6InVzZXIiLCJfc2Vzc2lvbl9leHBpcnkiOjg2NDAwfQ:1vOqWc:aQIgqm8Lj16YEztLb0gm_eVYnrD_TIhlAVfvzK8OSw0','2025-11-29 04:56:06.965475'),('maevfc0v4zpwjm7nedlt1u1a8ktqv56a','eyJVc2VyX0lkIjoxMjYsIlVzZXJfVHlwZSI6InVzZXIiLCJfc2Vzc2lvbl9leHBpcnkiOjg2NDAwfQ:1vIl17:42yrL0QYEBi8Uxb1_bEoCd7l7ECTIxMHhEicNABMH0w','2025-11-12 09:50:25.477910'),('mb14lr58lz6teqlff74fgogvixvu1l2p','eyJVc2VyX0lkIjoxMDgsIlVzZXJfVHlwZSI6InVzZXIiLCJfc2Vzc2lvbl9leHBpcnkiOjg2NDAwfQ:1vK8lz:E-5NNW3il4igJrYTVShFyloy7ncZGoS59GN3yxWKafY','2025-11-16 05:24:31.380104'),('mb7v3ukh3kj1xlpa7hxpjhgpvxoq5aup','eyJVc2VyX0lkIjo5NCwiVXNlcl9UeXBlIjoidXNlciIsIl9zZXNzaW9uX2V4cGlyeSI6ODY0MDB9:1uyPKT:zCw3kknPNr80lcwLfffQ3RrGN9I3sqQA3beVDenjjvk','2025-09-17 06:38:17.140614'),('mckx8d4ruy9wgb68u7lsb8qxrorol4ca','eyJVc2VyX0lkIjoxMzIsIlVzZXJfVHlwZSI6InVzZXIiLCJfc2Vzc2lvbl9leHBpcnkiOjg2NDAwfQ:1vLEFL:8EJxe7UPEc9RsIJu5D-vTkl9j6tnWOGW-2VX_R46_XU','2025-11-19 05:27:19.971304'),('mgzmtxnohtvd5dgx70uu3gkv2hct5vxk','eyJVc2VyX0lkIjoxMzMsIlVzZXJfVHlwZSI6InVzZXIiLCJfc2Vzc2lvbl9leHBpcnkiOjg2NDAwfQ:1vIimS:XcoYeHkEqP6fZAha6wFgcq1uLXBKEFIy-lu9Y6c2tNE','2025-11-12 07:27:08.272932'),('mibl0wzc5r09013zionx3n1ymfepe4zs','eyJVc2VyX0lkIjo2MiwiVXNlcl9UeXBlIjoidXNlciIsIl9zZXNzaW9uX2V4cGlyeSI6ODY0MDB9:1v9GHz:ODBVzt12aCKVansfZAawfOGhhQNhPpT-U0mw8Rbn3LY','2025-10-17 05:12:35.259400'),('mn3t897prjfq4khz4gznqmaclci5j1kc','eyJVc2VyX0lkIjoxMzksIlVzZXJfVHlwZSI6InVzZXIiLCJfc2Vzc2lvbl9leHBpcnkiOjg2NDAwfQ:1vLHl4:c2ASaemKUqqI7P7ocxIKC9rxPwUi6MdUsGnxHKj3wSs','2025-11-19 09:12:18.755982'),('mnfn0bcsukto79vngghubbakce4gtmxj','eyJVc2VyX0lkIjo0NCwiVXNlcl9UeXBlIjoidXNlciIsIl9zZXNzaW9uX2V4cGlyeSI6ODY0MDB9:1uvrHV:ETX7WIGq0prjh0TeSVZkSqRe2IaRQIxdsZrB1Untb8I','2025-09-10 05:52:41.223070'),('moas8rft4tw8n2tf13uhbw99tj47ehwg','eyJVc2VyX0lkIjoxNjAsIlVzZXJfVHlwZSI6InVzZXIiLCJfc2Vzc2lvbl9leHBpcnkiOjg2NDAwfQ:1vOBqQ:ARH2ByGYK659jY6SXQFKCOBndVd9Vvp-nWmDMQm3Yoo','2025-11-27 09:29:50.418997'),('mr39eqwxfzlmrlmq77mm5rhf1cn377g0','eyJVc2VyX0lkIjoxMTYsIlVzZXJfVHlwZSI6InVzZXIiLCJfc2Vzc2lvbl9leHBpcnkiOjg2NDAwfQ:1vIKLP:h_gjF_n_-vlEtqfoDWuphcJc5lx5WXztpQJLHt5y5nQ','2025-11-11 05:21:35.788996'),('mrfcjvo06nbsnl3lfshr0jbscomy9mjz','eyJVc2VyX0lkIjo2NiwiVXNlcl9UeXBlIjoidXNlciIsIl9zZXNzaW9uX2V4cGlyeSI6ODY0MDB9:1v92eq:-kL7Xhf8u2z6PEJ6CRzFGOfsf2HyC0NuSirUSwHwoRI','2025-10-16 14:39:16.148172'),('mrilj7xa14rkabcd995p0xqwrqjp57l1','eyJVc2VyX0lkIjo2NiwiVXNlcl9UeXBlIjoidXNlciIsIl9zZXNzaW9uX2V4cGlyeSI6ODY0MDB9:1v203W:DWFatomyX7HJJg7DPpciR8l6BHUyYMAicFuq_A4g9A8','2025-09-27 04:27:38.845304'),('mwoarq7nsw1fuag2tmpxunf532ves41q','eyJVc2VyX0lkIjoyNCwiVXNlcl9UeXBlIjoidXNlciIsIl9zZXNzaW9uX2V4cGlyeSI6ODY0MDB9:1uzXF5:s7eYeEc-pWn79Qjo2P4nJpl_-AwCwzhDlKF_CcYUzNo','2025-09-20 09:17:23.012790'),('mwxthjqriova60l881wwt8yivjcqilvb','eyJVc2VyX0lkIjoxNzAsIlVzZXJfVHlwZSI6InVzZXIiLCJfc2Vzc2lvbl9leHBpcnkiOjg2NDAwfQ:1vODCe:j4Jvty2ennsJJN7oHZwav1oy8s2atvG5iVCFbAQ-Ptc','2025-11-27 10:56:52.729413'),('mxxx390xw9bx20fx5gflyztx3yghqbub','eyJVc2VyX0lkIjo2NywiVXNlcl9UeXBlIjoidXNlciIsIl9zZXNzaW9uX2V4cGlyeSI6ODY0MDB9:1uu93o:fm2At7SwC7bRqsWX3riqodxRlOrKtHBYFO-A7kYeIqo','2025-09-05 12:27:28.572697'),('n0i4y5vcpc5347r6ftwaev3kk17mc9nq','eyJVc2VyX0lkIjoxMzEsIlVzZXJfVHlwZSI6InVzZXIiLCJfc2Vzc2lvbl9leHBpcnkiOjg2NDAwfQ:1vGYX9:fvcnrZsnR5UQ-B8MknrM4mOvgyj7Gb9Ta6fyqbZ1oZQ','2025-11-06 08:06:23.076924'),('n0lhgvt3mt4vw5fbf2d135zbql9spnvz','eyJVc2VyX0lkIjoxMzksIlVzZXJfVHlwZSI6InVzZXIiLCJfc2Vzc2lvbl9leHBpcnkiOjg2NDAwfQ:1vJQ6d:M_IMHr3fqs-T-LOMRfaYnopMSsitcUkUxEB8fWE4QfQ','2025-11-14 05:42:51.478229'),('n12ycuczyooy5pcwxgq8wve7ihtyy392','eyJVc2VyX0lkIjoxMjYsIlVzZXJfVHlwZSI6InVzZXIiLCJfc2Vzc2lvbl9leHBpcnkiOjg2NDAwfQ:1vHGev:0AA6J93yfwqNDXsYWimNiDzLcr9Dn3JWWMgbtm9Bw4I','2025-11-08 07:13:21.934253'),('n2pfn9qhj9816ym26cr0xlj5ua7nk9en','eyJVc2VyX0lkIjoxMjMsIlVzZXJfVHlwZSI6InVzZXIiLCJfc2Vzc2lvbl9leHBpcnkiOjg2NDAwfQ:1vCb22:lLmeEbAQGVN0Mx7MmWEc3pCquajnnXmlqmlZ_pN7Nak','2025-10-26 09:57:54.175803'),('n2ylp0ens4me7rwia7di6onjfrqs7djp','eyJVc2VyX0lkIjo2NSwiVXNlcl9UeXBlIjoidXNlciIsIl9zZXNzaW9uX2V4cGlyeSI6ODY0MDB9:1v0Emf:Hw9FLBnT3jZ26hSYaGzjwsmMkHm706FCn9LohUkqNYg','2025-09-22 07:46:57.831164'),('n31dsj1tr0ecy1w5a1zx0vehuoucemak','eyJVc2VyX0lkIjo2NSwiVXNlcl9UeXBlIjoidXNlciIsIl9zZXNzaW9uX2V4cGlyeSI6ODY0MDB9:1v7CKA:l4hEZ2oKo8KLKZzrsamshlO5VNcKzzVeuntW3XbFIbc','2025-10-11 12:34:18.627480'),('n6da1nvz0yn3f3pg18h758xq4eil5nbw','eyJVc2VyX0lkIjoxNzAsIlVzZXJfVHlwZSI6InVzZXIiLCJfc2Vzc2lvbl9leHBpcnkiOjg2NDAwfQ:1vOwXD:O0GUiXfJtxuI70cMU46CVF1uXzaD1P4PLxUd0v5iiEw','2025-11-29 11:21:07.418249'),('n7bfg8kr0m7tgt8g98a2vaja8gab3wma','eyJVc2VyX0lkIjoxMjEsIlVzZXJfVHlwZSI6InVzZXIiLCJfc2Vzc2lvbl9leHBpcnkiOjg2NDAwfQ:1vCFL0:wJWixENsFOdrZo5b0oBcNE63OPugvmszO_AT_sBkRsM','2025-10-25 10:48:02.190072'),('n7cpe75ysm9hgczxkgkqhrzppqfemecm','eyJVc2VyX0lkIjo2NiwiVXNlcl9UeXBlIjoidXNlciIsIl9zZXNzaW9uX2V4cGlyeSI6ODY0MDB9:1uzsES:wbeg59VCOizgZvSpjsHj6KJj7p4GNulLMzvlYCGVyTc','2025-09-21 07:42:08.291116'),('n7ev358snuhoxj39nyulfg0pht7kykxm','eyJVc2VyX0lkIjo2NiwiVXNlcl9UeXBlIjoidXNlciIsIl9zZXNzaW9uX2V4cGlyeSI6ODY0MDB9:1usGLf:lIN3qESmMRQRp2WkzpMyEmB1II_xvA0K2A4gfeB6zag','2025-08-31 07:50:07.457333'),('n7gfhtqge1v9zzhg7gn1g7xdd8b2i64u','eyJVc2VyX0lkIjo1OCwiVXNlcl9UeXBlIjoidXNlciIsIl9zZXNzaW9uX2V4cGlyeSI6ODY0MDB9:1v75CZ:7ZZpczn2Lhn2LiLOkAStS4AfqXgEc1SnIYcVGOpeZ3g','2025-10-11 04:57:59.732895'),('n8kkvpd9gf02b2j64rjjurfff80omtaw','eyJVc2VyX0lkIjoxNzIsIlVzZXJfVHlwZSI6InVzZXIiLCJfc2Vzc2lvbl9leHBpcnkiOjg2NDAwfQ:1vOyYQ:HMNoaCcQoiLXq508a_pG8wyJNs0A1fHC3JyWrwcW_1g','2025-11-29 13:30:30.609704'),('n99ganbdy6ghri4fgo5njwf5x6marq44','eyJVc2VyX0lkIjoyNCwiVXNlcl9UeXBlIjoidXNlciIsIl9zZXNzaW9uX2V4cGlyeSI6ODY0MDB9:1v7CAD:EfZJrgc_D-iBWhbYwzeKPImOJKAwRnT3aMA2Yz1NU7g','2025-10-11 12:24:01.136985'),('n9kk760l1us0yl4o8dxry4i43s4wajke','eyJVc2VyX0lkIjoxNSwiVXNlcl9UeXBlIjoidXNlciIsIl9zZXNzaW9uX2V4cGlyeSI6ODY0MDB9:1uzvIB:u3MkOVsqbZb9LWRgUkCr9Qcfh4TTW3TOQCf34Wtr4Tw','2025-09-21 10:58:11.288238'),('n9trnhji22nv8alra80of1e7xd3osrg9','eyJVc2VyX0lkIjo2MiwiVXNlcl9UeXBlIjoidXNlciIsIl9zZXNzaW9uX2V4cGlyeSI6ODY0MDB9:1utjz7:4HYG0paHK33nGpyrh31uLpQaZ7WE5f17Bd-7KwoU2KA','2025-09-04 09:40:57.068365'),('na3l7yi5632mxig4jretf3tkc1enis1o','eyJVc2VyX0lkIjoyNCwiVXNlcl9UeXBlIjoidXNlciIsIl9zZXNzaW9uX2V4cGlyeSI6ODY0MDB9:1v3BoJ:Hf4M6JB9ArpF7JWPju-BwNeI1aOXBA3ydNYamO9IPww','2025-09-30 11:12:51.907405'),('nafx9ykzxnuq34y91kleo5d8438b9ou3','eyJVc2VyX0lkIjoxMzMsIlVzZXJfVHlwZSI6InVzZXIiLCJfc2Vzc2lvbl9leHBpcnkiOjg2NDAwfQ:1vIn0R:sBdTmK_V96YhH_v333R4YlJgGLwd3DoTKT_LdFw188s','2025-11-12 11:57:51.987968'),('naryrpakrmdpzdu1gdwmskmrx3xlik2o','eyJVc2VyX0lkIjoxNjAsIlVzZXJfVHlwZSI6InVzZXIiLCJfc2Vzc2lvbl9leHBpcnkiOjg2NDAwfQ:1vOBt7:uTSeSZ-X2MirlEGCkF1kHgwII96QDjAQZ90xJsHB6yg','2025-11-27 09:32:37.620024'),('ndks5kkagmtepgefzwm1zydtw9syu9li','eyJVc2VyX0lkIjoxMDksIlVzZXJfVHlwZSI6InVzZXIiLCJfc2Vzc2lvbl9leHBpcnkiOjg2NDAwfQ:1vEKcW:TPzjTH18TP2p7nUmerIWRAGq2k1nTNK3LPrWPq9nCwE','2025-10-31 04:50:44.939462'),('nexk62dcvbokcq5za49w0h3dbpqu3rr6','eyJVc2VyX0lkIjoxMTMsIlVzZXJfVHlwZSI6InVzZXIiLCJfc2Vzc2lvbl9leHBpcnkiOjg2NDAwfQ:1vEho3:ImZdhT7huYqwrWsNUX5CiP8q3RyN6mJSoYqWlrJaCps','2025-11-01 05:36:11.128175'),('ngt4h2ubxfwvg9tbvj2wwhb2ybehazih','eyJVc2VyX0lkIjo1MywiVXNlcl9UeXBlIjoidXNlciIsIl9zZXNzaW9uX2V4cGlyeSI6ODY0MDB9:1v8biT:0TWsEUdkOkWKjO7XwsLcp6tQI3-UQpebC4T2Z2sZjiQ','2025-10-15 09:53:13.253463'),('nhos4nkrlhr3kljym3n9arlnq4ifujau','eyJVc2VyX0lkIjoxNzIsIlVzZXJfVHlwZSI6InVzZXIiLCJfc2Vzc2lvbl9leHBpcnkiOjg2NDAwfQ:1vOWKP:QVqo9Eo3oeyLxsxnslkZ7uouy4-uFZu_L_MPdBRpljQ','2025-11-28 07:22:09.053484'),('nly1o19a9kgh82cak64ue7ydlbly6azo','eyJVc2VyX0lkIjoyMywiVXNlcl9UeXBlIjoidXNlciIsIl9zZXNzaW9uX2V4cGlyeSI6ODY0MDB9:1v61d2:ebBsfAVYZRbCvAeOf06Ja6l-Q1DmVv4v6Dqz7lH_RhA','2025-10-08 06:56:56.971583'),('nmcc17857gydcuzg61m0ruqpc6w3upr9','eyJVc2VyX0lkIjo3OSwiVXNlcl9UeXBlIjoidXNlciIsIl9zZXNzaW9uX2V4cGlyeSI6ODY0MDB9:1uyPKF:xdgr9UFMP6TWJ_nGyWDmxh3tt20Xn8zIlSTExv2XN5A','2025-09-17 06:38:03.842607'),('nqecp9bbbxst9nwc37jqvizato317gsw','eyJVc2VyX0lkIjoxNjMsIlVzZXJfVHlwZSI6InVzZXIiLCJfc2Vzc2lvbl9leHBpcnkiOjg2NDAwfQ:1vLyV7:magM0-43UfnKTzIu_UbbakX9QZy_joT9uDJxTbohjiI','2025-11-21 06:50:41.698464'),('ns1c0lf1o0ayyav1f2ocxc5nl4n256se','eyJVc2VyX0lkIjoxMTMsIlVzZXJfVHlwZSI6InVzZXIiLCJfc2Vzc2lvbl9leHBpcnkiOjg2NDAwfQ:1vCYE0:EclE6NewBc1o8DD6iSuKMwSrBF1FBFHQlfnVziShQ84','2025-10-26 06:58:04.469936'),('nsm0xujv0c9l13li1ijjwmmeojnw8i2k','e30:1vY0eZ:JXjmDlX6m1vstzMv_lAo0qOw4ZFDQU10sJDS0i1tDsA','2025-12-24 11:34:11.774596'),('ntvchlh8svo41gc222svrmc9gf0t5712','eyJVc2VyX0lkIjoxOTUsIlVzZXJfVHlwZSI6InVzZXIiLCJfc2Vzc2lvbl9leHBpcnkiOjg2NDAwfQ:1vR1tk:XLNAazZfJLQE6kHXAdaHoYTekSFwg-8Js_gf4CL7vno','2025-12-05 05:29:00.167044'),('nv7ywa1l58maxmdq6lrf8l5luvjmnl1q','eyJVc2VyX0lkIjoxNjcsIlVzZXJfVHlwZSI6InVzZXIiLCJfc2Vzc2lvbl9leHBpcnkiOjg2NDAwfQ:1vO7vZ:B7_2XFLngEyypJ6BkrEElI_vP5o4PoQQlN9n9ZCuwoM','2025-11-27 05:18:53.470902'),('nxnhh8iburp74ddut7im01ca21qsstlv','eyJVc2VyX0lkIjoxNjEsIlVzZXJfVHlwZSI6InVzZXIiLCJfc2Vzc2lvbl9leHBpcnkiOjg2NDAwfQ:1vMP9i:Vs3afDJyUFRzpEkBkx5qTfwcnxD8j6WNg9yt2clucEQ','2025-11-22 11:18:22.936037'),('nya3c5cw0xuyww60kzzby3zfbcrtc5ys','eyJVc2VyX0lkIjoxOTMsIlVzZXJfVHlwZSI6InVzZXIiLCJfc2Vzc2lvbl9leHBpcnkiOjg2NDAwfQ:1vQkeV:nT7wYBGSU-v6lPGABrLqcnTqnvRyHRHD8XF6gpXCNOE','2025-12-04 11:04:07.109350'),('nznwg0f50ipp33t8ltsniop1qz40i91h','eyJVc2VyX0lkIjoxMjYsIlVzZXJfVHlwZSI6InVzZXIiLCJfc2Vzc2lvbl9leHBpcnkiOjg2NDAwfQ:1vHEip:xTLRh8b3x70ycsy7-zgcdmIHbwVO506XqbojfjctrWM','2025-11-08 05:09:15.954776'),('nzp5c3siqzwq143079wa3xnjfe24tktr','eyJVc2VyX0lkIjo2NSwiVXNlcl9UeXBlIjoidXNlciIsIl9zZXNzaW9uX2V4cGlyeSI6ODY0MDB9:1v8XTU:Kfa0YsIUE5WGvA4K4ZubCfLhh3OxiRHYVZxh5F6IEXs','2025-10-15 05:21:28.762636'),('o0lnkpomn9elj53u9r1108eg0prcpa4n','eyJVc2VyX0lkIjoxMzEsIlVzZXJfVHlwZSI6InVzZXIiLCJfc2Vzc2lvbl9leHBpcnkiOjg2NDAwfQ:1vKwiw:FvdQx6cLbFe_4z-yFe7vD5VM7jmz1BZ-02NuzQ2eWUI','2025-11-18 10:44:42.492185'),('o1v97s3xqpsq3dmkrnr4197tv24tfjr7','eyJVc2VyX0lkIjoxMTYsIlVzZXJfVHlwZSI6InVzZXIiLCJfc2Vzc2lvbl9leHBpcnkiOjg2NDAwfQ:1vGsHY:MF-UUKtfiJYMAQryanNqhBukLqunZCtjitb_PZDM-ac','2025-11-07 05:11:36.201145'),('o29mg2815kd6p7s3j96tifhod7k0qt7c','eyJVc2VyX0lkIjoxNDcsIlVzZXJfVHlwZSI6InVzZXIiLCJfc2Vzc2lvbl9leHBpcnkiOjg2NDAwfQ:1vKBMW:P2u93RH_LSHq49vFiF7sat1RD8-etbchV-et4Elw_y8','2025-11-16 08:10:24.983011'),('o2ck9hxba7f0g5g1lj8o1cfd14poxhwc','eyJVc2VyX0lkIjoxMjAsIlVzZXJfVHlwZSI6InVzZXIiLCJfc2Vzc2lvbl9leHBpcnkiOjg2NDAwfQ:1vBuM0:Z0VbShg99IJJEUDth37Bnswn0uixHvUXa719I4Kq6ck','2025-10-24 12:23:40.309608'),('o2t3m5i6ayklirxy0xy7j1zb1hv0z5q7','eyJVc2VyX0lkIjoxNjAsIlVzZXJfVHlwZSI6InVzZXIiLCJfc2Vzc2lvbl9leHBpcnkiOjg2NDAwfQ:1vObNQ:weTpB1k2xic7gq7Rb000-HScczCdIcBNGJEODgq2jRw','2025-11-28 12:45:36.135153'),('o45z55kkhar3rd3tx0cyby1lukzz0pip','eyJVc2VyX0lkIjoxMTMsIlVzZXJfVHlwZSI6InVzZXIiLCJfc2Vzc2lvbl9leHBpcnkiOjg2NDAwfQ:1vKrXo:XrkRx1_H_2o8K5cjboMEdkCf9gEd99yeBuaPW774JvU','2025-11-18 05:12:52.810322'),('o4pqyd0xkdxwgctr7ro3or7qk31mn445','eyJVc2VyX0lkIjoxNjUsIlVzZXJfVHlwZSI6InVzZXIiLCJfc2Vzc2lvbl9leHBpcnkiOjg2NDAwfQ:1vLwuQ:6yK4ehPGnATbYUsSWy7cftDsEG0V8hynkazXzu-nPrc','2025-11-21 05:08:42.478007'),('o5d7vtv0io8yg6wp1iunmr81a99n5xtz','eyJVc2VyX0lkIjoyMywiVXNlcl9UeXBlIjoidXNlciIsIl9zZXNzaW9uX2V4cGlyeSI6ODY0MDB9:1uyTDn:SnFmSsj0Ct8gz1VasmWKX_byx0BXQtcKZiMsQwByhOs','2025-09-17 10:47:39.684931'),('o5j21zmcuhol0k9pw7zhgtjy16ecazu0','eyJVc2VyX0lkIjoyMDUsIlVzZXJfVHlwZSI6InVzZXIiLCJfc2Vzc2lvbl9leHBpcnkiOjg2NDAwfQ:1vW5lr:vvMj2-SJXJBrE_kAQF5z5matQMsSllLxUJvvtObaP6Q','2025-12-19 04:37:47.420677'),('o5z8659qo3thy4sy277p1d13xwyb2gxa','eyJVc2VyX0lkIjoxMjQsIlVzZXJfVHlwZSI6InVzZXIiLCJfc2Vzc2lvbl9leHBpcnkiOjg2NDAwfQ:1vDdhA:6k5wKfcKK0E1PCPkGa9qgXt7hF-os5d4921B-Dddpbw','2025-10-29 07:00:40.747025'),('o6bfd8496s24fmbxmsgmfmvr4mbjb0jx','eyJVc2VyX0lkIjoyMywiVXNlcl9UeXBlIjoidXNlciIsIl9zZXNzaW9uX2V4cGlyeSI6ODY0MDB9:1v0Z98:TJfHhAEj50kXaUwWCmQ3a_FQRNTwOTt63jjXPqjhl0g','2025-09-23 05:31:30.253385'),('o7syqn4cgeow9bp86ka22rkekhij5jxy','eyJVc2VyX0lkIjoxMzIsIlVzZXJfVHlwZSI6InVzZXIiLCJfc2Vzc2lvbl9leHBpcnkiOjg2NDAwfQ:1vJV3I:TRMJ2M80PMDsZCZ5HgyqWayiSkfu_r-kdVYUPQabnI4','2025-11-14 10:59:44.417648'),('oc02xz8jzqoy5menoucj2qpa9vursav2','eyJVc2VyX0lkIjoxNjYsIlVzZXJfVHlwZSI6InVzZXIiLCJfc2Vzc2lvbl9leHBpcnkiOjg2NDAwfQ:1vLx1j:mcr0pz-51LZ2ayrgdGw6lRLsrYkyEBDlqeCsHPn8MKc','2025-11-21 05:16:15.081539'),('oc2vhq7qln0znycnl6go2wfiy4ow5849','eyJVc2VyX0lkIjoxNDQsIlVzZXJfVHlwZSI6InVzZXIiLCJfc2Vzc2lvbl9leHBpcnkiOjg2NDAwfQ:1vKARN:PkDwywCX6vB21dxRUVHVjiLYYf2t_2_awFk5Ni27KLg','2025-11-16 07:11:21.902319'),('odvzy1x1y0q4kijnl5oag8phcgin9jz2','eyJVc2VyX0lkIjoxMTIsIlVzZXJfVHlwZSI6InVzZXIiLCJfc2Vzc2lvbl9leHBpcnkiOjg2NDAwfQ:1vCAWz:54ILwGVgmoQiz-uFaZpLmxdsUO58D2RsrARrvl1CNEc','2025-10-25 05:40:05.196230'),('og518788mw2xufr4q8mj7ko133y69jgy','eyJVc2VyX0lkIjo2NSwiVXNlcl9UeXBlIjoidXNlciIsIl9zZXNzaW9uX2V4cGlyeSI6ODY0MDB9:1v7C2m:FwBIp3ME4gBepBekIzLkOiD453WYI81edWdztUkqUnI','2025-10-11 12:16:20.772181'),('ohkhaptmj2p5xt1mx57ny1q31sva4j9x','eyJVc2VyX0lkIjoxNSwiVXNlcl9UeXBlIjoidXNlciIsIl9zZXNzaW9uX2V4cGlyeSI6ODY0MDB9:1urxdG:elcs_9lug7lFSEihNiwb8w00PtvA3lDoilg8L06eoFs','2025-08-30 11:51:02.870000'),('ohxpfvktp9b1cuaa9tw789j17m6k9p8d','eyJVc2VyX0lkIjoxNjMsIlVzZXJfVHlwZSI6InVzZXIiLCJfc2Vzc2lvbl9leHBpcnkiOjg2NDAwfQ:1vMJfu:4SkPipKa80qfYkhw3BErpijb8dRWUFBrlik2xD7cAFo','2025-11-22 05:27:14.737913'),('oi0pmf5dubgtmn1er7xk4rdu5ydwh7un','eyJVc2VyX0lkIjo2MSwiVXNlcl9UeXBlIjoidXNlciIsIl9zZXNzaW9uX2V4cGlyeSI6ODY0MDB9:1uvsep:luBj-Wv9uKz2KFO82PVLYyZQJ1IAof2Vt_3vI7IwYyY','2025-09-10 07:20:51.916025'),('oj2trzht2vp4x3bgokh0uq8ujqtf9tea','eyJVc2VyX0lkIjo0MCwiVXNlcl9UeXBlIjoidXNlciIsIl9zZXNzaW9uX2V4cGlyeSI6ODY0MDB9:1usGAd:X_P6qkp18lqM8kHnKYn7rbkiwz7daQ1RItymmM5deI8','2025-08-31 07:38:43.476323'),('ojbrayx4ycqgdk3kiqta9cjuyqpmj112','eyJVc2VyX0lkIjoxMjYsIlVzZXJfVHlwZSI6InVzZXIiLCJfc2Vzc2lvbl9leHBpcnkiOjg2NDAwfQ:1vGESZ:qiiv_liFcUUykPxKWiEU2LpXZ3Nce8XA_ESXXwBV8fU','2025-11-05 10:40:19.858104'),('ojc4avj18y9pnc1u343ief05pwiscezu','eyJVc2VyX0lkIjoxMjMsIlVzZXJfVHlwZSI6InVzZXIiLCJfc2Vzc2lvbl9leHBpcnkiOjg2NDAwfQ:1vG9fZ:bNh8wH4dNOtceTIfj01GTI64PzqyhErCrxcNPBxESO8','2025-11-05 05:33:25.411917'),('ojmtz7iy8dx9nvabpe0rqpflsywbvrqo','eyJVc2VyX0lkIjo2MiwiVXNlcl9UeXBlIjoidXNlciIsIl9zZXNzaW9uX2V4cGlyeSI6ODY0MDB9:1v9GQI:60GRJEpF_lhZqcSEeRI4G-cmXIcwtOcYQqmFd0IL1jU','2025-10-17 05:21:10.433743'),('okkim6cvkdrzsffwwlv0ont635mm6ej6','eyJVc2VyX0lkIjo5NCwiVXNlcl9UeXBlIjoidXNlciIsIl9zZXNzaW9uX2V4cGlyeSI6ODY0MDB9:1urvo1:UB5t1-_bfQ23QNpSMsb9Gvts3Z5xkCkOVV6LceoPleA','2025-08-30 09:54:01.049666'),('oly737n2a7yqa59ofdzd42ezbp8rzq6w','eyJVc2VyX0lkIjoxMTcsIlVzZXJfVHlwZSI6InVzZXIiLCJfc2Vzc2lvbl9leHBpcnkiOjg2NDAwfQ:1vB9ni:dOV3OeOZEkL4flMTcu-kVAXfy1xXyodxkJMDTBI7IxE','2025-10-22 10:41:10.475115'),('omkic4nzq5slckuoz9rcqurw18nnkx1z','eyJVc2VyX0lkIjoxMzEsIlVzZXJfVHlwZSI6InVzZXIiLCJfc2Vzc2lvbl9leHBpcnkiOjg2NDAwfQ:1vIih7:NXBvD66X75TMrleW6LL9T9gQuzYuMYx9i2wBPp6SN9s','2025-11-12 07:21:37.286051'),('oo05q0mkxnz4fefa86uxqg7d59d9c8ua','eyJVc2VyX0lkIjoxMjYsIlVzZXJfVHlwZSI6InVzZXIiLCJfc2Vzc2lvbl9leHBpcnkiOjg2NDAwfQ:1vGEUE:9WTJqloGsevWzs90sOBEmil6MBPiCkb5h_eaVJESYTw','2025-11-05 10:42:02.275414'),('os3roq5g39tx3d5k973hgu4g6py3onqt','eyJVc2VyX0lkIjoxMjcsIlVzZXJfVHlwZSI6InVzZXIiLCJfc2Vzc2lvbl9leHBpcnkiOjg2NDAwfQ:1vGDbq:GUultQHFmX_jh3CV89L1QNbnDUBCIsvRRYuOu4EqMKI','2025-11-05 09:45:50.432452'),('ot8se2ngfo7e5ail5dhuzkulxs29b3d9','e30:1vY0eZ:JXjmDlX6m1vstzMv_lAo0qOw4ZFDQU10sJDS0i1tDsA','2025-12-24 11:34:11.981849'),('ou2ukrrgc6wo99l4b95rt91mkp6km5sg','eyJVc2VyX0lkIjo2NiwiVXNlcl9UeXBlIjoidXNlciIsIl9zZXNzaW9uX2V4cGlyeSI6ODY0MDB9:1v1IRT:xD5QG4eQu-rNpLNjsC12cKpJfzylTdtNzYuIZ2vbS1A','2025-09-25 05:53:27.947027'),('ovidxnsaf3zmhooe8fficushliujgi1d','eyJVc2VyX0lkIjo2NiwiVXNlcl9UeXBlIjoidXNlciIsIl9zZXNzaW9uX2V4cGlyeSI6ODY0MDB9:1v1dVp:qBHXCpSpI40A0ZQEuSiMzxgIgB9707QT82CQglErfBw','2025-09-26 04:23:21.181004'),('ox2a128fnjh6i0p86xy4w5qjl8pm1ux7','eyJVc2VyX0lkIjoxNzAsIlVzZXJfVHlwZSI6InVzZXIiLCJfc2Vzc2lvbl9leHBpcnkiOjg2NDAwfQ:1vOYAU:UN7x13LyDSVPicEr9ZLtiIItj1NAboN7UW0PQT1r4jA','2025-11-28 09:20:02.568742'),('ox5llzfidxjbaqws92qcsfkoaiols1xa','eyJVc2VyX0lkIjoxMjIsIlVzZXJfVHlwZSI6InVzZXIiLCJfc2Vzc2lvbl9leHBpcnkiOjg2NDAwfQ:1vCazY:s2SkHY_g1B_KwydE9fDY75qMaTRuSEDDrCuHuur7wzY','2025-10-26 09:55:20.624180'),('oxp1nktiglxceijl88dupvvsbo5y008o','eyJVc2VyX0lkIjoyMDcsIlVzZXJfVHlwZSI6InVzZXIiLCJfc2Vzc2lvbl9leHBpcnkiOjg2NDAwfQ:1vWUbA:tRVcL97YjsHNYV5hSRyKU3nD9S5sP-AfZFA7jWicXGA','2025-12-20 07:08:24.285330'),('oxv9fybsq8kv55vtc0qvlqtxx7c98d7x','eyJVc2VyX0lkIjo1OCwiVXNlcl9UeXBlIjoidXNlciIsIl9zZXNzaW9uX2V4cGlyeSI6ODY0MDB9:1usxg4:sGmzBVhCWh7_b_AAHzZCN9DOtSL5NBZ90WTXF6W9QdI','2025-09-02 06:06:04.655662'),('oya2kwrg4j1wnc2gtbidauricyy5wwql','eyJVc2VyX0lkIjoxNjEsIlVzZXJfVHlwZSI6InVzZXIiLCJfc2Vzc2lvbl9leHBpcnkiOjg2NDAwfQ:1vMIt2:mYuyJJS2YLj4kWZJU5kZWgsi8-O7UMmQrjWV9XIsmAQ','2025-11-22 04:36:44.641851'),('oyvycu7q4a80n08pqc5m1p5tp4xas9ht','eyJVc2VyX0lkIjoxOTEsIlVzZXJfVHlwZSI6InVzZXIiLCJfc2Vzc2lvbl9leHBpcnkiOjg2NDAwfQ:1vQfQR:Eb9KjEKx4IP4ivqztJuxG0e84nsNpDyFZRsPO_m-mY0','2025-12-04 05:29:15.290131'),('p0e29328eyjg9u3kk7bdope3nf6nybwh','eyJVc2VyX0lkIjoxNjMsIlVzZXJfVHlwZSI6InVzZXIiLCJfc2Vzc2lvbl9leHBpcnkiOjg2NDAwfQ:1vNV0I:4DWj9Pum10HD1f7uHH-o9p4PvIAdl_ilhjw8v90akCk','2025-11-25 11:45:10.249354'),('p0zslc9b6z61k6gpq899s3jdfqnwplcr','eyJVc2VyX0lkIjoxMzIsIlVzZXJfVHlwZSI6InVzZXIiLCJfc2Vzc2lvbl9leHBpcnkiOjg2NDAwfQ:1vJ6Pu:Gp4h3ycTHbn9QouAnLKw2cqFGSq-0J5mPyXuXCFUPfM','2025-11-13 08:41:26.985482'),('p120f65t0pndbl5h3v747g3a7xfup438','eyJVc2VyX0lkIjoyMSwiVXNlcl9UeXBlIjoidXNlciIsIl9zZXNzaW9uX2V4cGlyeSI6ODY0MDB9:1usy4N:XkHYMskZRmfceVI62SL2OZkepgiPSh8j-yFBRTdsTbo','2025-09-02 06:31:11.051470'),('p3qvceosjw2c7irya86qgns31hovurev','eyJVc2VyX0lkIjoxMzksIlVzZXJfVHlwZSI6InVzZXIiLCJfc2Vzc2lvbl9leHBpcnkiOjg2NDAwfQ:1vJTRU:1lHJDgLX4TmSsTlL866qFKcfpAvg3IdppLHTQCVjcZI','2025-11-14 09:16:36.632838'),('p4ck8g3sckh2mw5o8sniw2028aka2kzt','eyJVc2VyX0lkIjo2MCwiVXNlcl9UeXBlIjoidXNlciIsIl9zZXNzaW9uX2V4cGlyeSI6ODY0MDB9:1uvsfM:rnIrEelgc-jtB08doTCaMDC6h9P6MLwPP7E2VBmRbtE','2025-09-10 07:21:24.623516'),('p8db59kpgdie6flhvw8culm5k6rsk5ro','eyJVc2VyX0lkIjoxNjMsIlVzZXJfVHlwZSI6InVzZXIiLCJfc2Vzc2lvbl9leHBpcnkiOjg2NDAwfQ:1vLxKF:dz2uAAf0r9G27Mjwa1oZHRIKJRO5gPiY7j0puFkVi7g','2025-11-21 05:35:23.196661'),('p8eyuqq1k4be2ff2f3rqwl8gqudvf2ce','eyJVc2VyX0lkIjoxNzIsIlVzZXJfVHlwZSI6InVzZXIiLCJfc2Vzc2lvbl9leHBpcnkiOjg2NDAwfQ:1vNrlV:sHDILJps-29lkdwVsjE2Zjttc8BZPq86eZMKMNpMCXo','2025-11-26 12:03:25.736892'),('p8t5ae1vusadxq34tcf17j8n8r5538yy','eyJVc2VyX0lkIjo2NiwiVXNlcl9UeXBlIjoidXNlciIsIl9zZXNzaW9uX2V4cGlyeSI6ODY0MDB9:1v92Q8:QypJ8yOedL_pvn-0pGG4zgzHhQGN70y0iRaJ_dh1Y6k','2025-10-16 14:24:04.975497'),('p99i5351zrjcnon4dkfyprz4fy7c62y5','eyJVc2VyX0lkIjoxMjMsIlVzZXJfVHlwZSI6InVzZXIiLCJfc2Vzc2lvbl9leHBpcnkiOjg2NDAwfQ:1vGB0P:0M5BK7G7ZJe3V-jdbg9piART1kAqK4EBX2zNzwQ7GFk','2025-11-05 06:59:01.557844'),('panbvyvzy4vn6mxbuwckq5mh2g1gqszb','eyJVc2VyX0lkIjoxMjQsIlVzZXJfVHlwZSI6InVzZXIiLCJfc2Vzc2lvbl9leHBpcnkiOjg2NDAwfQ:1vKr9O:hvCxPY0FvZ7sqs8B54P3kBH2vLvxHqzUU2oALnRJGq8','2025-11-18 04:47:38.116220'),('paoh3q052ozqe4pgav7g7ou58upaqzld','eyJVc2VyX0lkIjoxNjcsIlVzZXJfVHlwZSI6InVzZXIiLCJfc2Vzc2lvbl9leHBpcnkiOjg2NDAwfQ:1vOWfJ:Ephh3pmDCqv5hSyPP6iByDFGDFwyV82xOpYh3db7uk4','2025-11-28 07:43:45.618057'),('pb6zipnv66woe60yrpdbb1qi8tf1fv2h','eyJVc2VyX0lkIjo0NCwiVXNlcl9UeXBlIjoidXNlciIsIl9zZXNzaW9uX2V4cGlyeSI6ODY0MDB9:1uwwco:t4tTKyr_ZVCQw6cNXfutuN5b6x62tDqRJr8HaRjHGJI','2025-09-13 05:47:10.658583'),('pdkk73h2clgdb98chgud6s98jtwufcsr','eyJVc2VyX0lkIjoxMjAsIlVzZXJfVHlwZSI6InVzZXIiLCJfc2Vzc2lvbl9leHBpcnkiOjg2NDAwfQ:1vBVOs:iuCCeA5SUUqk0E-J5XGO1rTttwqc4_zH6q0ANND_Xks','2025-10-23 09:44:58.400216'),('pejtmbzcw4bq1fpthdcmwtgffpkqxvrz','eyJVc2VyX0lkIjoxNzksIlVzZXJfVHlwZSI6InVzZXIiLCJfc2Vzc2lvbl9leHBpcnkiOjg2NDAwfQ:1vOY9n:2mr6jjCXYnrM6gq1rvOZfFW19Ko8XTc4Y3pPwQNrRcs','2025-11-28 09:19:19.322016'),('peljj8s6a7rwlwtm5jv5u566yh6fa1f3','eyJVc2VyX0lkIjoxNiwiVXNlcl9UeXBlIjoidXNlciIsIl9zZXNzaW9uX2V4cGlyeSI6ODY0MDB9:1v6Roe:-x5-gVOKwEZ4VEmZsK0mP21R2huH5-tOIKWnywjbS9M','2025-10-09 10:54:40.298548'),('pg3f01nodq74pifo3wi9r4e64u7dqkb4','eyJVc2VyX0lkIjoxMjcsIlVzZXJfVHlwZSI6InVzZXIiLCJfc2Vzc2lvbl9leHBpcnkiOjg2NDAwfQ:1vIiqR:T8PBNR5ggIpqZ_Be0XxP1Bq1GqmMn49CuxZ012IzuSM','2025-11-12 07:31:15.450563'),('pgqizn95pjkp5ripuhwwt12uzxxcloch','eyJVc2VyX0lkIjoxNiwiVXNlcl9UeXBlIjoidXNlciIsIl9zZXNzaW9uX2V4cGlyeSI6ODY0MDB9:1v8uTw:-x1xO4GM_rZQu3zymA6L0CuQQFLwSDSvoUtgkcGUoyM','2025-10-16 05:55:28.850344'),('pgsfn9wrr4rc55jlvgg04r6ych3rftea','eyJVc2VyX0lkIjoxNjksIlVzZXJfVHlwZSI6InVzZXIiLCJfc2Vzc2lvbl9leHBpcnkiOjg2NDAwfQ:1vO7Rh:rSzC03JcDQMx__KV2REsiYMRLpyK0kDHznzpLbwpwKY','2025-11-27 04:48:01.601647'),('ph0t3oy42h6dcezyz9e4jde9x1800447','eyJVc2VyX0lkIjo2NiwiVXNlcl9UeXBlIjoidXNlciIsIl9zZXNzaW9uX2V4cGlyeSI6ODY0MDB9:1v2OVx:7NgC6Oa5a0W15QPKWIbIes52Tq3izYmYpc9FMn9tWGM','2025-09-28 06:34:37.841872'),('ph8ivxh2idkfa1b5tai9bmqe01ngrhbz','eyJVc2VyX0lkIjoxNjksIlVzZXJfVHlwZSI6InVzZXIiLCJfc2Vzc2lvbl9leHBpcnkiOjg2NDAwfQ:1vNlQX:yyi40NCFTjwrSngoh6yHRnHxUl8ZYPq1GCo98alXyok','2025-11-26 05:17:21.325643'),('phgf6cynsyy4v1zg2xgiigpdlw45554m','eyJVc2VyX0lkIjo2NiwiVXNlcl9UeXBlIjoidXNlciIsIl9zZXNzaW9uX2V4cGlyeSI6ODY0MDB9:1uu93w:M_jstQbN28hVwceCZIZ_Q5vGz8VsdCD7rWuCHbdMG1I','2025-09-05 12:27:36.237741'),('phj0l725ia91usz64j2rsp50a2y2759t','eyJVc2VyX0lkIjoxMzEsIlVzZXJfVHlwZSI6InVzZXIiLCJfc2Vzc2lvbl9leHBpcnkiOjg2NDAwfQ:1vJROK:ymfBAy9hSERBdLTEH0zjKFoibq2y8Kcisytg3aAwi4w','2025-11-14 07:05:12.354687'),('pl6drai50ffd4tnllaidi7japk8fftia','eyJVc2VyX0lkIjoxNjEsIlVzZXJfVHlwZSI6InVzZXIiLCJfc2Vzc2lvbl9leHBpcnkiOjg2NDAwfQ:1vQIEI:WoA1sgrx7UnIPHpucJcoKmMHVb7XGQdq6jzZoQswj3M','2025-12-03 04:43:10.164501'),('pl6tqt4kk75adjbher1289fefyb6ycwf','e30:1vQfyy:wL3Xfw9FnFlVqwbMMZxF89rUKUdx6qKjbRahr8AyJuk','2025-12-04 06:04:56.221679'),('plttqhfsd7851llw57v6uykfwlailemm','eyJVc2VyX0lkIjoxNjIsIlVzZXJfVHlwZSI6InVzZXIiLCJfc2Vzc2lvbl9leHBpcnkiOjg2NDAwfQ:1vM00n:JYNAFzzUcWNLWQFA3ylFZEXDSQXtPwPvrPERbS-oiyI','2025-11-21 08:27:29.851103'),('pmf2zbkk254iqj0xupo99mvepe3b3k3h','eyJVc2VyX0lkIjoxNzIsIlVzZXJfVHlwZSI6InVzZXIiLCJfc2Vzc2lvbl9leHBpcnkiOjg2NDAwfQ:1vPwAV:zdZ1C9O4zrk7M-UlnBusVeWuSLb2Q6GwUCUmXZZSykY','2025-12-02 05:09:47.046388'),('pn8cdvlu70ybnv5prv5d44o8ed15sxp3','eyJVc2VyX0lkIjo3OSwiVXNlcl9UeXBlIjoidXNlciIsIl9zZXNzaW9uX2V4cGlyeSI6ODY0MDB9:1ursPF:5P06YJRonZHZoFDMpuuWN2fSyo0umlu9VTDB-sl3LIc','2025-08-30 06:16:13.251480'),('pnp9k5zcom8ojl0vu1tq0icnbc0cu4jy','eyJVc2VyX0lkIjoxMjQsIlVzZXJfVHlwZSI6InVzZXIiLCJfc2Vzc2lvbl9leHBpcnkiOjg2NDAwfQ:1vGzKA:fUdg8wEi0dsSW9DF_am_zop249ED3jeFa2x9m9XoYv0','2025-11-07 12:42:46.145716'),('poc3hjgyslrcqfyvxgwvly38arfb1scf','eyJVc2VyX0lkIjoxMjcsIlVzZXJfVHlwZSI6InVzZXIiLCJfc2Vzc2lvbl9leHBpcnkiOjg2NDAwfQ:1vGET5:UlHEQhnLyc77zRAglz5P2wus1CGwO6RsUa8oUkwiDbM','2025-11-05 10:40:51.111498'),('ppdcxyclzus2cj0cwempzgpgm3wq31x6','e30:1urqcO:5zA7x_Lxw1JB5p9QfM5S9ZSfTWO5OFO5HhCugWZJVpw','2025-08-30 04:21:40.466803'),('pqejq9r6unh78fzxypizu14rvfd3uqow','eyJVc2VyX0lkIjoxMzEsIlVzZXJfVHlwZSI6InVzZXIiLCJfc2Vzc2lvbl9leHBpcnkiOjg2NDAwfQ:1vDzLm:HX1QAueqvRNyouP1ieoDY6UkjQz3t98PmuDum46-pvY','2025-10-30 06:08:02.539249'),('ptubshgcx880vlx06epbgicv5yy2gb91','eyJVc2VyX0lkIjoxMTMsIlVzZXJfVHlwZSI6InVzZXIiLCJfc2Vzc2lvbl9leHBpcnkiOjg2NDAwfQ:1vJRr0:pDfjG8x6PO0eJN6cBab9Z-gFEO14lB5iferwzVS2z98','2025-11-14 07:34:50.876883'),('puxy6ovjedcxo7pwi3hpaq1zn021clbf','eyJVc2VyX0lkIjoxNCwiVXNlcl9UeXBlIjoidXNlciIsIl9zZXNzaW9uX2V4cGlyeSI6ODY0MDB9:1vGDaI:cpoJUGcjBYx0tSAFCu_ksIn-eeXvjacznLxqy5F5TgY','2025-11-05 09:44:14.212294'),('pwqemgs63ska5dn6rsmo52szhscurymb','eyJVc2VyX0lkIjoxMzcsIlVzZXJfVHlwZSI6InVzZXIiLCJfc2Vzc2lvbl9leHBpcnkiOjg2NDAwfQ:1vIkbZ:0iyyFTbtcTE8orZUUs-fBYusQNRhsQeTiMCaPPPOwMk','2025-11-12 09:24:01.402975'),('pwvnea3zf3dsbn1ei8meef4awgdcm9t9','eyJVc2VyX0lkIjo2MiwiVXNlcl9UeXBlIjoidXNlciIsIl9zZXNzaW9uX2V4cGlyeSI6ODY0MDB9:1v8YId:qTTJhzEBYPzqynEolvAWdkqA8ioYsoX9qWklwLxt1r0','2025-10-15 06:14:19.013737'),('py6rq5wm41iqk4i2688sf0p2ppbhnu9l','e30:1vSVky:yu7W1k60KtHL4EKl3PDvLCWNk4FSPspzLwR4GKL4xtA','2025-12-09 07:34:04.206997'),('pyakgjpxk83e7bzyoysmumecx80ydr6v','eyJVc2VyX0lkIjo1MywiVXNlcl9UeXBlIjoidXNlciIsIl9zZXNzaW9uX2V4cGlyeSI6ODY0MDB9:1v8bpQ:oeo4pIkZQwYIGvSWxZCiU8k5myEGygi-iK1lSs015dc','2025-10-15 10:00:24.202204'),('pyey8hvlirf7bedg9vdu9tntvqnfidhy','eyJVc2VyX0lkIjoxMTcsIlVzZXJfVHlwZSI6InVzZXIiLCJfc2Vzc2lvbl9leHBpcnkiOjg2NDAwfQ:1vBRzM:esWwAeHetZVhFfvhvgozQf6kdkYxGppZuz8GEM7Tt8A','2025-10-23 06:06:24.095811'),('q0iysdunllvlpxvo207yrbedm9ct9s3e','eyJVc2VyX0lkIjoxMDksIlVzZXJfVHlwZSI6InVzZXIiLCJfc2Vzc2lvbl9leHBpcnkiOjg2NDAwfQ:1vFmmf:Y3c3_wHcEhK1cEMrT9G9YLyH7kAzxy2VwCGSBibtZDU','2025-11-04 05:07:13.176242'),('q5bdiqv8rqi3h9xtcy117qcnlbenk3z2','eyJVc2VyX0lkIjoxMTYsIlVzZXJfVHlwZSI6InVzZXIiLCJfc2Vzc2lvbl9leHBpcnkiOjg2NDAwfQ:1vFn1g:IhmOyIo8zU4TV2cF_XrfdlROmSQJMztOmZZU3YFW0uQ','2025-11-04 05:22:44.900489'),('q5f3w32ur54yc1n9ixiw8adotrjygyh3','eyJVc2VyX0lkIjoxMzMsIlVzZXJfVHlwZSI6InVzZXIiLCJfc2Vzc2lvbl9leHBpcnkiOjg2NDAwfQ:1vHLcE:ueY31dRkDeT9hdvRfwSAkelh018WYrQrUjIq3FbPLpc','2025-11-08 12:30:54.644577'),('q5h9fsryqbjkpca5uou0dn3kj41n4bt3','e30:1urqiy:i-jx0EBACLHKxdU4MB6hF22WZT2X8nFgQGV-J6XuJvg','2025-08-30 04:28:28.429761'),('q5n3pxyekqc19lgdkhikrcavs3rrppov','eyJVc2VyX0lkIjoxNiwiVXNlcl9UeXBlIjoidXNlciIsIl9zZXNzaW9uX2V4cGlyeSI6ODY0MDB9:1urr1m:ZYzN81epaW5o8O2ihK7Du5OPFMwSIXVqR33HsSRtRfM','2025-08-30 04:47:54.726366'),('q5sq6fcmysvcfifi15bgupnrika6reuk','eyJVc2VyX0lkIjoxNjAsIlVzZXJfVHlwZSI6InVzZXIiLCJfc2Vzc2lvbl9leHBpcnkiOjg2NDAwfQ:1vLx5U:n2PbBoWf5gBtC5_g_vfFVlLUgAZZ5qSbSJA4vpeZz34','2025-11-21 05:20:08.153154'),('q60eu5qn2djt43qdvu978z63ca47tny3','eyJVc2VyX0lkIjoxMzMsIlVzZXJfVHlwZSI6InVzZXIiLCJfc2Vzc2lvbl9leHBpcnkiOjg2NDAwfQ:1vGDHX:MftGJiHA85_yyRBp8tcFfgaDeEajKLkwszp0bgNqNXA','2025-11-05 09:24:51.876248'),('q69u2qcs0f46quiunwkx57m1tmwwnlf6','eyJVc2VyX0lkIjoyMDYsIlVzZXJfVHlwZSI6InVzZXIiLCJfc2Vzc2lvbl9leHBpcnkiOjg2NDAwfQ:1vY1Go:5pue8Zzm_qgicG-rWgRlGWwQ6vE82dDMJm1_jfMDT54','2025-12-24 12:13:42.769343'),('q7afqd7a5f675s7m0vsddlxzt6yy9mnq','eyJVc2VyX0lkIjoxMzEsIlVzZXJfVHlwZSI6InVzZXIiLCJfc2Vzc2lvbl9leHBpcnkiOjg2NDAwfQ:1vIh26:6iUOOGndJj_T7Kt5YPsSNBUB2UXggpwgJ5k4TPUzzKg','2025-11-12 05:35:10.567021'),('q8hj9lunbix4deux8ggnpsqet2kxqguu','eyJVc2VyX0lkIjoyMjIsIlVzZXJfVHlwZSI6InVzZXIiLCJfc2Vzc2lvbl9leHBpcnkiOjg2NDAwfQ:1vXYk2:IbuyHdB3QxOO342uZ_p5DSV6CqoWfLl0OyJHsLoXHiM','2025-12-23 05:45:58.902232'),('q9lz25igq0xynt6h8do9gp8qwi8wkw07','eyJVc2VyX0lkIjoxMzEsIlVzZXJfVHlwZSI6InVzZXIiLCJfc2Vzc2lvbl9leHBpcnkiOjg2NDAwfQ:1vGYXj:w5Rnrs5vcTd89th510GP7dmmVQXShZ1CEY0Eamo-ms0','2025-11-06 08:06:59.740015'),('qa74m80gk3ftvcj3q19bk1s8sc5tjriw','eyJVc2VyX0lkIjoxNjAsIlVzZXJfVHlwZSI6InVzZXIiLCJfc2Vzc2lvbl9leHBpcnkiOjg2NDAwfQ:1vMOUQ:PSbFX7C3_qBawdYkMQRt_OEDCaBI4mFsZVLlIq1OHyI','2025-11-22 10:35:42.686151'),('qavs8rwhc2y418enissn8hepwawtix1r','eyJVc2VyX0lkIjo1MywiVXNlcl9UeXBlIjoidXNlciIsIl9zZXNzaW9uX2V4cGlyeSI6ODY0MDB9:1uthvT:0C6Y1cqtPnL_T3qRuGxtY8SrdM-koEt_YpNfH5Ui0SI','2025-09-04 07:29:03.508134'),('qb1f9zmadn5r7kgfpqzhjldkiuozodfb','eyJVc2VyX0lkIjoyNCwiVXNlcl9UeXBlIjoidXNlciIsIl9zZXNzaW9uX2V4cGlyeSI6ODY0MDB9:1uyoYJ:vx-VJOYvOxllm7tG8AbZkwe738ZdGOdHwV0lSnBG48s','2025-09-18 09:34:15.989157'),('qbxeyo3ig1eeap6sfqx363i3a8nzw86q','eyJVc2VyX0lkIjo2NSwiVXNlcl9UeXBlIjoidXNlciIsIl9zZXNzaW9uX2V4cGlyeSI6ODY0MDB9:1uyODb:gwUNJM3wP0QpM1thGxuax_bC0_yfnKDSmeHwL248Yhg','2025-09-17 05:27:07.326132'),('qffxh9o21btbtxzas5iknpd0nlk3fy3n','eyJVc2VyX0lkIjo2NSwiVXNlcl9UeXBlIjoidXNlciIsIl9zZXNzaW9uX2V4cGlyeSI6ODY0MDB9:1uypXJ:SkiI9nFK-iSCZ2pTgAHpDUlViBtf3C0urd1wM4PeVkk','2025-09-18 10:37:17.102155'),('qgg94csvzo89iq06eof1syblfucp1rmg','eyJVc2VyX0lkIjoxNjMsIlVzZXJfVHlwZSI6InVzZXIiLCJfc2Vzc2lvbl9leHBpcnkiOjg2NDAwfQ:1vLwuU:cJ8Hc5H__clDzeVCqa9bW1StULwRyheF_VQkX_JgfkE','2025-11-21 05:08:46.776742'),('qgki12onr5j2x34bfrqbgritown84wvb','eyJVc2VyX0lkIjoxNzIsIlVzZXJfVHlwZSI6InVzZXIiLCJfc2Vzc2lvbl9leHBpcnkiOjg2NDAwfQ:1vOye2:DeJQCtw5gPw1vnEuTudnIBl8nUNUfVao_IaLVaHrLos','2025-11-29 13:36:18.786535'),('qhtpdhinb273o3r9n09a4yrcmxw5fsbv','e30:1vXzrS:nUa6cHHT6WZcPWjY2tGJh7mDCiF9OfYTwvAS83zD4Yc','2025-12-24 10:43:26.396198'),('qhx3r1ppr8mk14yrrvgqbzldry2t8xlh','eyJVc2VyX0lkIjoxMDMsIlVzZXJfVHlwZSI6InVzZXIiLCJfc2Vzc2lvbl9leHBpcnkiOjg2NDAwfQ:1v9M1G:25NmVRDA7gSg7kEEezujIcMnVjXkm2mAgHbvfR3ld6M','2025-10-17 11:19:42.938216'),('qiaocl7wkfoxr8zfg5fgasmwbv4r0j2m','eyJVc2VyX0lkIjo5NSwiVXNlcl9UeXBlIjoidXNlciIsIl9zZXNzaW9uX2V4cGlyeSI6ODY0MDB9:1v5kUt:ekvt6JtAoaJjQRb9wy4BE2IRVmlsx-P1ruZubqo1pxc','2025-10-07 12:39:23.158012'),('qj63fx2i1k3t6bdqah2w3xirj3u9xuow','eyJVc2VyX0lkIjoxMTYsIlVzZXJfVHlwZSI6InVzZXIiLCJfc2Vzc2lvbl9leHBpcnkiOjg2NDAwfQ:1vHL9U:SS16ecTm4eUJU7Rq8B2_G69rWjKzVOyECDsyu0l5GtE','2025-11-08 12:01:12.667700'),('qk2p271tj5s1iuwukdedf5ooxf3w6rj9','eyJVc2VyX0lkIjo2NiwiVXNlcl9UeXBlIjoidXNlciIsIl9zZXNzaW9uX2V4cGlyeSI6ODY0MDB9:1utktx:Ubq6_OXUtHnWzjPoCJskNeUsEEvcfUrR4wN0k9c54t0','2025-09-04 10:39:41.836118'),('qkfnclhz785zt0k0ceqp0s3tfcq5lwm8','eyJVc2VyX0lkIjoxNzAsIlVzZXJfVHlwZSI6InVzZXIiLCJfc2Vzc2lvbl9leHBpcnkiOjg2NDAwfQ:1vOxpB:0IaLfekoslrKOQOu1iZOu4PvLt3QdPIBmO48B46OyAo','2025-11-29 12:43:45.443567'),('qkihruku71gipgut196fhy2uzlltuny3','eyJVc2VyX0lkIjoxNSwiVXNlcl9UeXBlIjoidXNlciIsIl9zZXNzaW9uX2V4cGlyeSI6ODY0MDB9:1uvrEl:OFqzWG40s_wThJvOAj0OaTElX1eoMuG7fUZuu18WGRQ','2025-09-10 05:49:51.811661'),('qkqsppqtg18lkbgjx9shttl0yz0tv9mx','eyJVc2VyX0lkIjozMiwiVXNlcl9UeXBlIjoidXNlciIsIl9zZXNzaW9uX2V4cGlyeSI6ODY0MDB9:1urvOb:fPPyXnWBIkRZkOrM0sz0l3MdvrL3cmRaxmL2gGVCYnw','2025-08-30 09:27:45.559352'),('ql4n4br0osm30bw0szkngb14j5gtr8mk','eyJVc2VyX0lkIjoxNSwiVXNlcl9UeXBlIjoidXNlciIsIl9zZXNzaW9uX2V4cGlyeSI6ODY0MDB9:1vDer6:5U9uD6Y9TiHgLCylFWN5KgTvsJX0UOIC8U_RjPn9rSY','2025-10-29 08:15:00.079184'),('qm3lqefwgij24w2firuh5qo42tgjmzla','eyJVc2VyX0lkIjoxNiwiVXNlcl9UeXBlIjoidXNlciIsIl9zZXNzaW9uX2V4cGlyeSI6ODY0MDB9:1v8cEI:LTfrHS4dwC_QbfNOqdrAu21H2Y8wE8vTUeUHNSFolWM','2025-10-15 10:26:06.558939'),('qmcqd8z9w0mrwgbm38ypnxvw66in9xlp','eyJVc2VyX0lkIjoxMzEsIlVzZXJfVHlwZSI6InVzZXIiLCJfc2Vzc2lvbl9leHBpcnkiOjg2NDAwfQ:1vJ49N:uIRF2yscXU2SC6fWEj3-J-oj6NVmIy-TddEs1ZcDlcY','2025-11-13 06:16:13.088698'),('qmuqhpkxogwy6mqkacz5r7y6fwb1b092','eyJVc2VyX0lkIjoxNjMsIlVzZXJfVHlwZSI6InVzZXIiLCJfc2Vzc2lvbl9leHBpcnkiOjg2NDAwfQ:1vOyee:WhkAxx6C2fOJOeCR7Qh-arGIlrAOtb7bu2mB4ELSxa4','2025-11-29 13:36:56.566566'),('qn1e8dzouwy4uo8t452fvov66poc51on','eyJVc2VyX0lkIjoyNCwiVXNlcl9UeXBlIjoidXNlciIsIl9zZXNzaW9uX2V4cGlyeSI6ODY0MDB9:1uztSp:U-R3hS4GceXqT9CeVH3y_aD5ZQ3aUwqgY4SE_4JfTGY','2025-09-21 09:01:03.701526'),('qn63x93bj9vg5vu2rz3rdhmpx6igfteu','eyJVc2VyX0lkIjoxNDEsIlVzZXJfVHlwZSI6InVzZXIiLCJfc2Vzc2lvbl9leHBpcnkiOjg2NDAwfQ:1vK8pD:4jtwcPZfblSFKG_pjGrPhS6sLaG6YCBpOKs4hHM89XA','2025-11-16 05:27:51.580391'),('qn944imwlqt6jxxcyr10kz1rywpo59nu','eyJVc2VyX0lkIjoxMjYsIlVzZXJfVHlwZSI6InVzZXIiLCJfc2Vzc2lvbl9leHBpcnkiOjg2NDAwfQ:1vJ3Tw:8kG0GimTd7lXbdyQcEu6SC3D-4znT9Fq6bgyslewCpE','2025-11-13 05:33:24.507795'),('qnaq2hhru76ey83w8qo3e0t6kayeoxs3','eyJVc2VyX0lkIjoxNzUsIlVzZXJfVHlwZSI6InVzZXIiLCJfc2Vzc2lvbl9leHBpcnkiOjg2NDAwfQ:1vObND:lQ_1N0ppC5puiVcOHUrKCd0dJZBeEzEHOWg-lwGqmdM','2025-11-28 12:45:23.507484'),('qood9v5cxeqn7en4eik0ti0ysg76ck8g','eyJVc2VyX0lkIjoxNjksIlVzZXJfVHlwZSI6InVzZXIiLCJfc2Vzc2lvbl9leHBpcnkiOjg2NDAwfQ:1vM0a6:R2542aDNjWZn4uIznG8Qrzp1GwAqgSxNsZWDRXrC61Y','2025-11-21 09:03:58.320864'),('qorrqtnxsfli40mj0c8qp2rykgen5idq','e30:1vY0eZ:JXjmDlX6m1vstzMv_lAo0qOw4ZFDQU10sJDS0i1tDsA','2025-12-24 11:34:11.745059'),('qp74nod7yhwf0iffexqypgz1zuooqt8e','eyJVc2VyX0lkIjoxNjMsIlVzZXJfVHlwZSI6InVzZXIiLCJfc2Vzc2lvbl9leHBpcnkiOjg2NDAwfQ:1vOuw7:c6ZFzfHe8Y39x1b7-KwAoDup1LmF7XSzGw4_grLwzzE','2025-11-29 09:38:43.032151'),('qpm9q7jtg2mxhhkj6gpqp12hj298mcpm','eyJVc2VyX0lkIjoxMjQsIlVzZXJfVHlwZSI6InVzZXIiLCJfc2Vzc2lvbl9leHBpcnkiOjg2NDAwfQ:1vGFzx:OdysbfJYi3qKHMMv4u_e2kPz6jPI0M46li2fPH72EJk','2025-11-05 12:18:53.359474'),('qpmmr8so8y00w009l66kga77uq8wggkn','eyJVc2VyX0lkIjo1MywiVXNlcl9UeXBlIjoidXNlciIsIl9zZXNzaW9uX2V4cGlyeSI6ODY0MDB9:1urstR:WgThiqynHG_3Q5XTbEeLFH4NNVAnhbKn4CqgSY6J38s','2025-08-30 06:47:25.885880'),('qqbmvok4akv95th3vd7e7tfpwcotpybr','e30:1vY0ea:ZvJHMD0uewDMpWOy-nnn7Mi2wf2vOfkc5dufYJP-vdQ','2025-12-24 11:34:12.075881'),('qr9ies8t0nfuatu4zodq9t7pyqhzu539','eyJVc2VyX0lkIjo2MCwiVXNlcl9UeXBlIjoidXNlciIsIl9zZXNzaW9uX2V4cGlyeSI6ODY0MDB9:1vElfH:N1nqeINV7apza4a_bflrvy1uvKjiCmQR6sP_fcsHV68','2025-11-01 09:43:23.359534'),('qsd8e43j1cu7wm1fx72xpbw8zgpe2eqz','eyJVc2VyX0lkIjo2MiwiVXNlcl9UeXBlIjoidXNlciIsIl9zZXNzaW9uX2V4cGlyeSI6ODY0MDB9:1vC9dg:lki_86FsC-t1jRcWrPnS2IpUqaVd5gxzdAtWzLFE8xg','2025-10-25 04:42:56.895745'),('qsk5qje50csiksb87a3ewvnxm4m3e31i','eyJVc2VyX0lkIjoyMywiVXNlcl9UeXBlIjoidXNlciIsIl9zZXNzaW9uX2V4cGlyeSI6ODY0MDB9:1v63Xt:yMeeFUQTEa_ui0Vw3RS-x8iP0Kes68FM-drbOzucC1w','2025-10-08 08:59:45.108265'),('qtlrk8vferj3iucpj88917v6fbsmztv0','eyJVc2VyX0lkIjoxMjAsIlVzZXJfVHlwZSI6InVzZXIiLCJfc2Vzc2lvbl9leHBpcnkiOjg2NDAwfQ:1vCAu3:HndFH8y90L0gTZ6EXgatAjSY_zOdar1ePo9rEMDy_3Y','2025-10-25 06:03:55.048521'),('qu0452ztyw4hzveb8kg04nrc9gych9k3','eyJVc2VyX0lkIjo1MywiVXNlcl9UeXBlIjoidXNlciIsIl9zZXNzaW9uX2V4cGlyeSI6ODY0MDB9:1v61Pe:jrlsa8k0wBF7hdP5vO4D-5c6G7c8WJZ6hZ1kbpoBHpc','2025-10-08 06:43:06.550442'),('que8kpwv0qn6rvekpy7deqc4pa6bn8qs','eyJVc2VyX0lkIjoxMTMsIlVzZXJfVHlwZSI6InVzZXIiLCJfc2Vzc2lvbl9leHBpcnkiOjg2NDAwfQ:1vFn1t:jMIIdrheQ-n76FKXHXQf8b7VYir7_tfK24l3FqpWVgo','2025-11-04 05:22:57.417862'),('quy35lzbssgwyrdxixsnt8ge6oaox2gg','eyJVc2VyX0lkIjo0MywiVXNlcl9UeXBlIjoidXNlciIsIl9zZXNzaW9uX2V4cGlyeSI6ODY0MDB9:1usGn6:yK4_6p5yCKlJeGChm7mkIygZVAwq1ifNWalnkgfIj6M','2025-08-31 08:18:28.975586'),('qwf3t6pbhbcdzmh8szymkrc18ft71bty','eyJVc2VyX0lkIjoxNzAsIlVzZXJfVHlwZSI6InVzZXIiLCJfc2Vzc2lvbl9leHBpcnkiOjg2NDAwfQ:1vOxi9:HNervW7AkQTBxLg5lhaJNVZUxB512we_AMasRIqfXPk','2025-11-29 12:36:29.198326'),('qwkpknwexe10e3oswkk3cvpyun1gtez6','eyJVc2VyX0lkIjo1MywiVXNlcl9UeXBlIjoidXNlciIsIl9zZXNzaW9uX2V4cGlyeSI6ODY0MDB9:1v0ZYZ:Vp3m9bOWOuys83lSQL0vnxRME1ESuTtelHCyAfYEqNo','2025-09-23 05:57:47.342319'),('qxtn3zvrq38q48jykgitebi5kptivgg6','eyJVc2VyX0lkIjoxMDksIlVzZXJfVHlwZSI6InVzZXIiLCJfc2Vzc2lvbl9leHBpcnkiOjg2NDAwfQ:1vFqRy:8M0Fx5iuRiPs2rKtQMvbGQEg9HhyLaoB5TLJ6-inIr0','2025-11-04 09:02:06.467552'),('qygpj849cnvqlewaq6lvlhix3eeqrshq','eyJVc2VyX0lkIjoxMDksIlVzZXJfVHlwZSI6InVzZXIiLCJfc2Vzc2lvbl9leHBpcnkiOjg2NDAwfQ:1vCDSc:LCBpkrWI-5QD1Z5HlfmJURVnCJMTKm2KB-zi_Msp2OY','2025-10-25 08:47:46.131267'),('r03znfqnv73tkt4plk3c3tuxvr6xu1ks','eyJVc2VyX0lkIjoxODQsIlVzZXJfVHlwZSI6InVzZXIiLCJfc2Vzc2lvbl9leHBpcnkiOjg2NDAwfQ:1vOYJt:zrYJMUWNdr9VMR-R8XPC7qZCMJ4-asa6FsWIhk1mC40','2025-11-28 09:29:45.613345'),('r0h0lv6w673h4j4xjhbmvjg3g9tut58g','eyJVc2VyX0lkIjo1MywiVXNlcl9UeXBlIjoidXNlciIsIl9zZXNzaW9uX2V4cGlyeSI6ODY0MDB9:1vFrzx:5VCLCmB067OHKyPJekjZBF4o9-M7i8WXRLmXGH_90mQ','2025-11-04 10:41:17.414309'),('r22yojalf38zkh7tks43k6w177xn8x9p','eyJVc2VyX0lkIjo5NiwiVXNlcl9UeXBlIjoidXNlciIsIl9zZXNzaW9uX2V4cGlyeSI6ODY0MDB9:1vB9XF:gUISC30Pthp0NbnbccbeeYURH-iBvup3B3gf-HyP9MM','2025-10-22 10:24:09.267959'),('r4i5iy08480nuisfnvmr4pxh17nnat2r','eyJVc2VyX0lkIjoxNjMsIlVzZXJfVHlwZSI6InVzZXIiLCJfc2Vzc2lvbl9leHBpcnkiOjg2NDAwfQ:1vOyHA:aQRauboJxiCs_QxkCSRc7vZFL12-bZ4scdPUDw3IN_k','2025-11-29 13:12:40.441890'),('ra507xjlu9se9kbs5wpoj13e4gqywx3d','e30:1vXzXy:J49WtCSE7wh-3kaNhB9zihNw6bO-brZc2XhxLp9yzEk','2025-12-24 10:23:18.193501'),('rauoi4frw2buangsez1rgjvkzyhjozj6','eyJVc2VyX0lkIjo1OCwiVXNlcl9UeXBlIjoidXNlciIsIl9zZXNzaW9uX2V4cGlyeSI6ODY0MDB9:1uzBxr:zECp3J00Z8Ne6xlPoJrGHTVW1wnD_Dhj2I4c18RItpU','2025-09-19 10:34:11.017139'),('rg1jeuzeffnqr2eoe2pos8urog5jyec3','eyJVc2VyX0lkIjo2MiwiVXNlcl9UeXBlIjoidXNlciIsIl9zZXNzaW9uX2V4cGlyeSI6ODY0MDB9:1v60gc:rmvdsjMY2OuuqXgMvlMSYjVOnylISiSBocFRUuuId7w','2025-10-08 05:56:34.258208'),('rg2wy89qolb4cu7kpsmnxk7nkzxe74b5','eyJVc2VyX0lkIjoxNzAsIlVzZXJfVHlwZSI6InVzZXIiLCJfc2Vzc2lvbl9leHBpcnkiOjg2NDAwfQ:1vM1cT:kXboNirW_ZbI7F2bozv9FgqHDIz7YURV3dVTbKPhbUg','2025-11-21 10:10:29.385057'),('rid584v6ubgzhl4mx0a4oyg8srgn89pk','eyJVc2VyX0lkIjoxMzEsIlVzZXJfVHlwZSI6InVzZXIiLCJfc2Vzc2lvbl9leHBpcnkiOjg2NDAwfQ:1vELcw:VCoM_Pi8iP2-4ZUIfRjFfaiyWhlO_X20Rpf1zbWu0Yc','2025-10-31 05:55:14.233015'),('rixiqg056u9p8mobwdg829ncrgldhhy6','eyJVc2VyX0lkIjo1OSwiVXNlcl9UeXBlIjoidXNlciIsIl9zZXNzaW9uX2V4cGlyeSI6ODY0MDB9:1v612V:g8yXVzwbLwEu92pD7UMQvdP84U9nrB_gsKLClsqt9og','2025-10-08 06:19:11.603283'),('rjb49ft9yqo7bng9w3bzg7xo4ducf93q','e30:1vXzqy:k_TT3ap_a4-rGlDJcNXhkyu1IT4Blq0LsqJuYyRjgFQ','2025-12-24 10:42:56.117686'),('rkslmjqpstn7mti848t3m0788yyj1ivh','eyJVc2VyX0lkIjo2NSwiVXNlcl9UeXBlIjoidXNlciIsIl9zZXNzaW9uX2V4cGlyeSI6ODY0MDB9:1uy1nb:kZUs8zaTIu-nNPH_Aq_Gfl3GuYdGs41eluGmGVbYrUg','2025-09-16 05:30:47.450855'),('rl2cwu3nx8i7rjbje5g79pipz5w6tnla','eyJVc2VyX0lkIjo2NywiVXNlcl9UeXBlIjoidXNlciIsIl9zZXNzaW9uX2V4cGlyeSI6ODY0MDB9:1urvOY:kBWsKMo5KxAV8N7pxAznwRNlZjctczNsOhv21pwz25A','2025-08-30 09:27:42.627949'),('rm98eo0s45w6grrfdh9v57kkd0uipjxr','eyJVc2VyX0lkIjoxNCwiVXNlcl9UeXBlIjoidXNlciIsIl9zZXNzaW9uX2V4cGlyeSI6ODY0MDB9:1v1LEH:CTMIb5_qL1pEGCQYoHzcMa_pHW6oJXqyNXge9ywd3g0','2025-09-25 08:52:01.055131'),('rpcrs64csafzrpm8nzc9d7g7jusauw5v','eyJVc2VyX0lkIjoxMzgsIlVzZXJfVHlwZSI6InVzZXIiLCJfc2Vzc2lvbl9leHBpcnkiOjg2NDAwfQ:1vIkd9:ddbJY6nGmVT67DNVvrKK5whcbtTaVjEFMf8Gpe16OJU','2025-11-12 09:25:39.185167'),('rqbl4jrognt495numgjl37rsvqhq4u8q','eyJVc2VyX0lkIjoyMywiVXNlcl9UeXBlIjoidXNlciIsIl9zZXNzaW9uX2V4cGlyeSI6ODY0MDB9:1v0e8F:TWmFQZmm2Cw84PTAot954q0YTVaHdqDWEGyrh6v4RIo','2025-09-23 10:50:55.923130'),('rqm0wxly1jgtjj6pkp9xsvn30d56h9ov','eyJVc2VyX0lkIjoxNzAsIlVzZXJfVHlwZSI6InVzZXIiLCJfc2Vzc2lvbl9leHBpcnkiOjg2NDAwfQ:1vLxp3:lrqeUVObHjlet7-YRkZz9nucP7p2Lgt0K8qTAaBWr0I','2025-11-21 06:07:13.544099'),('rqr0z892wwujg72ec8wisapr93pgany8','eyJVc2VyX0lkIjoyMywiVXNlcl9UeXBlIjoidXNlciIsIl9zZXNzaW9uX2V4cGlyeSI6ODY0MDB9:1v64AI:Q2gxZLClxr6fdKSc_wiAebd9S6_N4IlGEzg2YnAUsmk','2025-10-08 09:39:26.390674'),('rs5g74koxsa2okokohpwrh52yj3vlyre','eyJVc2VyX0lkIjozOSwiVXNlcl9UeXBlIjoidXNlciIsIl9zZXNzaW9uX2V4cGlyeSI6ODY0MDB9:1ursNc:ZaUdr_H0M61jPTo0pQurRv4Fm7CRKZ0vLWxIZh5zKUE','2025-08-30 06:14:32.096129'),('rtfsutbe3fgnvuhm6q2l79ap6q582jed','eyJVc2VyX0lkIjoyMywiVXNlcl9UeXBlIjoidXNlciIsIl9zZXNzaW9uX2V4cGlyeSI6ODY0MDB9:1v61Qa:t_SeTthGWS2Nmb7cNiEwSDIL1XtsUxTCjxm3-_71-8Q','2025-10-08 06:44:04.922900'),('ruackeqoww9ii5zs8w3izzfl884ikfk0','eyJVc2VyX0lkIjoxMzIsIlVzZXJfVHlwZSI6InVzZXIiLCJfc2Vzc2lvbl9leHBpcnkiOjg2NDAwfQ:1vFpKW:n6qTuLDrgnz3Q8HkWHBByOR1Yc9xBOh4hAH9MAvcHM0','2025-11-04 07:50:20.409143'),('rufjz0wi6q4t7tneom0m1485oz5i6r9s','eyJVc2VyX0lkIjoxNjksIlVzZXJfVHlwZSI6InVzZXIiLCJfc2Vzc2lvbl9leHBpcnkiOjg2NDAwfQ:1vLwqy:WnPjiok2APmX8tKYwA7C-pZzAKg7LemVY9mWTU_xe-s','2025-11-21 05:05:08.812981'),('ryrkfe7t82yeki2xk5o3e50rsp33ephu','e30:1vY0ea:ZvJHMD0uewDMpWOy-nnn7Mi2wf2vOfkc5dufYJP-vdQ','2025-12-24 11:34:12.120624'),('rz2tf96i9wnsdy42knyk6iqlgyral9e1','eyJVc2VyX0lkIjoxMTIsIlVzZXJfVHlwZSI6InVzZXIiLCJfc2Vzc2lvbl9leHBpcnkiOjg2NDAwfQ:1vCABh:gIp3cAI46-e5V3qjtHgjmfrydAS0Lhq10oqLrtNDqNE','2025-10-25 05:18:05.188337'),('s0afmlv0kouq7csxbawfzknbg6yq0w4f','eyJVc2VyX0lkIjoxNDgsIlVzZXJfVHlwZSI6InVzZXIiLCJfc2Vzc2lvbl9leHBpcnkiOjg2NDAwfQ:1vKEwf:ZALz9oYFwT9sMlipVxku22LGtc0vAQGtGi3YJawmJTo','2025-11-16 11:59:57.774838'),('s2qcuud93sn8i0ikks91cv58nlfhtngl','eyJVc2VyX0lkIjoxMjYsIlVzZXJfVHlwZSI6InVzZXIiLCJfc2Vzc2lvbl9leHBpcnkiOjg2NDAwfQ:1vGWRc:QwSgjjB_hqp-gCjNvJh-DIpLycsVE0gga3h5dx8KtD0','2025-11-06 05:52:32.836160'),('s3mc6nnztn2a5prbezn65mh5m6n9ti3x','eyJVc2VyX0lkIjo4MiwiVXNlcl9UeXBlIjoidXNlciIsIl9zZXNzaW9uX2V4cGlyeSI6ODY0MDB9:1usE5l:eH8eYXhDsOCKMytdd2WWTJV8-pACkDkRvlOT6V-2CxM','2025-08-31 05:25:33.473688'),('s3qero8616c2y8lmio1vr1qt98fkra96','eyJVc2VyX0lkIjoxMjQsIlVzZXJfVHlwZSI6InVzZXIiLCJfc2Vzc2lvbl9leHBpcnkiOjg2NDAwfQ:1vGExQ:RA942AlPO-QaVdo2veyhFsxLjHnObGS7zrCfjq2oFeY','2025-11-05 11:12:12.103861'),('s5es48mwg60nx4fqujn2rv5r032k1kog','.eJxNjb0OwjAMhN_FK21lUpVCJlb2MkdRMa2l_FSNg1Qh3p1ULEw-f2ffveGeaDW3B-iurX7LsC0EGnLRUMEzO2eC9TtKNkhMMzMXg7xl9wd93DZ7nXbajNGXC5tlpiA8WqFSIGumClycOBhhT0msX0qAQtXVeKmxHbDX3Vm3pwbVUfXqgKgRS1KilDgG86J1n-Xp2CB8vs72PVo:1utiO4:09GfcU7zhy-TuxVG6CVrpWinbr-6CSxe7epUdU3WvQM','2025-09-04 07:58:36.021540'),('s656nxugxko7htptcg62wqy227qxwosz','eyJVc2VyX0lkIjo3NCwiVXNlcl9UeXBlIjoidXNlciIsIl9zZXNzaW9uX2V4cGlyeSI6ODY0MDB9:1uu93x:bHsQjbrblsWmjIwTEqp7eOKp8ywytlqygt-nbjeDBtg','2025-09-05 12:27:37.318474'),('s6c3nysjeek9b458x9clsvbyhfh5cjag','eyJVc2VyX0lkIjoxOTMsIlVzZXJfVHlwZSI6InVzZXIiLCJfc2Vzc2lvbl9leHBpcnkiOjg2NDAwfQ:1vQkP4:xKkFp5W8KgX4WFntVmnrANWdQUIGzlbMdK_PzqHaUNA','2025-12-04 10:48:10.525495'),('s9kd8skjgk7hy5xq4b5qwlmri2q1b89v','eyJVc2VyX0lkIjoxMTMsIlVzZXJfVHlwZSI6InVzZXIiLCJfc2Vzc2lvbl9leHBpcnkiOjg2NDAwfQ:1vBBvU:XrFVKFyp5AUPU_Zy1KJ9m3RzwUTyTU-SZtzJCS6-fdU','2025-10-22 12:57:20.879200'),('s9q3ztumxgkwj0ldein06y9s5tjs9ghx','eyJVc2VyX0lkIjoyOSwiVXNlcl9UeXBlIjoidXNlciIsIl9zZXNzaW9uX2V4cGlyeSI6ODY0MDB9:1urtef:_FmMW0T8iZRszTZ0ckUW4Lxd676IOFPbb6ry7EhJi-Y','2025-08-30 07:36:13.963214'),('s9un18cp2jjh41obdbu2yzftizm1ssro','eyJVc2VyX0lkIjo2NiwiVXNlcl9UeXBlIjoidXNlciIsIl9zZXNzaW9uX2V4cGlyeSI6ODY0MDB9:1v0GZk:bid75cH7MwFNkMchL08Kn_wDJzY__Oe8L0VrpzeJbow','2025-09-22 09:41:44.850945'),('sc360g4skrifd176et677pe562e108f5','eyJVc2VyX0lkIjo1MywiVXNlcl9UeXBlIjoidXNlciIsIl9zZXNzaW9uX2V4cGlyeSI6ODY0MDB9:1uu6Hr:ZAyZF-viysmxVRgkj4XZOFHyFB7ELW13LekMVq6L8Wo','2025-09-05 09:29:47.845526'),('seu95e3oiazldup4xgxqz584d9c43zf0','eyJVc2VyX0lkIjoxNjEsIlVzZXJfVHlwZSI6InVzZXIiLCJfc2Vzc2lvbl9leHBpcnkiOjg2NDAwfQ:1vLzf2:DF_8mjk2ZFFonGLwih2ZarZSxsV0EFbkj5KNyj6XqE8','2025-11-21 08:05:00.132912'),('sf36kvg8r0poft4hxaxdw3y5i6jz2cn3','eyJVc2VyX0lkIjoxMzEsIlVzZXJfVHlwZSI6InVzZXIiLCJfc2Vzc2lvbl9leHBpcnkiOjg2NDAwfQ:1vEOnE:FVZK4SrnWE9bx_KLdWUQrWBWnDyUiF_djJYdBNTgoS0','2025-10-31 09:18:04.097322'),('sf4p4fg9l3th7ciyp9kmwxaashd58qmq','eyJVc2VyX0lkIjoxNjIsIlVzZXJfVHlwZSI6InVzZXIiLCJfc2Vzc2lvbl9leHBpcnkiOjg2NDAwfQ:1vOWPy:F-NtRo2aRKFMgEpWPgWzJUXb5aKsXsszIBiIaSAglcA','2025-11-28 07:27:54.890934'),('sfenwc60alo077ywhee3er8xgi0a2aws','eyJVc2VyX0lkIjoxNzIsIlVzZXJfVHlwZSI6InVzZXIiLCJfc2Vzc2lvbl9leHBpcnkiOjg2NDAwfQ:1vOTqU:0kvD2w_sLK8BFtPC1nT5Zhy20_N8wN6W4CBPx7TNlcg','2025-11-28 04:43:06.381554'),('sfh4q5w7c2469d8tf3eps0blt0e565tu','eyJVc2VyX0lkIjoyMTEsIlVzZXJfVHlwZSI6InVzZXIiLCJfc2Vzc2lvbl9leHBpcnkiOjg2NDAwfQ:1vWXQe:uLvNiJPMloFBkxvwMBF1z2vuMBVbTL_xwM8jAdzs-wQ','2025-12-20 10:09:44.044630'),('sfk3ny07s5c1gxny6dw20nrzvaso7len','eyJVc2VyX0lkIjoxMTcsIlVzZXJfVHlwZSI6InVzZXIiLCJfc2Vzc2lvbl9leHBpcnkiOjg2NDAwfQ:1vDFpG:t9vVGS_cSqYBe0SQyxyemHzrY6aAZYSCV9pZtHAe-H0','2025-10-28 05:31:26.204048'),('sgof7rlesc19s6ulgdurplu7ahq6msju','eyJVc2VyX0lkIjoyNCwiVXNlcl9UeXBlIjoidXNlciIsIl9zZXNzaW9uX2V4cGlyeSI6ODY0MDB9:1uzwwS:CpycugtCEEHNrTiH3glisfj-Pcs8t9fOXqSx_KWVhqo','2025-09-21 12:43:52.896550'),('sgw1l6y86i2qc6r5ob1lakyva5mnc9ty','eyJVc2VyX0lkIjoxOTMsIlVzZXJfVHlwZSI6InVzZXIiLCJfc2Vzc2lvbl9leHBpcnkiOjg2NDAwfQ:1vR2GX:DGatxbLYGPdibgSjsSEItdze_Yz4riq5A_xiA8I-bM0','2025-12-05 05:52:33.281762'),('si1m0hxcqa7u42ejxqtqm8omcqwzvuuu','eyJVc2VyX0lkIjoyMywiVXNlcl9UeXBlIjoidXNlciIsIl9zZXNzaW9uX2V4cGlyeSI6ODY0MDB9:1uypX6:HfHQpx2ZJ8iPqDQOK52Kjju5dKpELvhSo3LsKKNhz6g','2025-09-18 10:37:04.027357'),('sifwaqr9qbquyppy8x57bfoe9eyt93dv','eyJVc2VyX0lkIjoxNCwiVXNlcl9UeXBlIjoidXNlciIsIl9zZXNzaW9uX2V4cGlyeSI6ODY0MDB9:1v8XgG:G6DxhwIm4EQWUWZ6VggwXlW5NeWDj3HE5zjnaoIo5PY','2025-10-15 05:34:40.477917'),('sipwp59h2esgj8bqbe2tgiy6um7idy33','eyJVc2VyX0lkIjo0NCwiVXNlcl9UeXBlIjoidXNlciIsIl9zZXNzaW9uX2V4cGlyeSI6ODY0MDB9:1v6jAL:OqreiCX5T-sYmexf1aSK4VrqpoLfPUNSQOm1uCGkA3Y','2025-10-10 05:26:13.270490'),('sjfn5hhku4jx9b8lgoj4dttpivwz2en4','e30:1urqj0:wLYnCty8VvFDnu7wu4jWhbTgY2dPviHMRuOsGcXGPzI','2025-08-30 04:28:30.055829'),('sjzn6c80vc39lr59tujpomee97je3pl7','eyJVc2VyX0lkIjoxNjUsIlVzZXJfVHlwZSI6InVzZXIiLCJfc2Vzc2lvbl9leHBpcnkiOjg2NDAwfQ:1vM0cv:vk6jhzQfv34jMw0GQfxcyxPpv0UvZbk4hM_WPynL2FE','2025-11-21 09:06:53.657890'),('skcrhx8lz54oeipxlt05ggqdom5re5ie','eyJVc2VyX0lkIjoyMywiVXNlcl9UeXBlIjoidXNlciIsIl9zZXNzaW9uX2V4cGlyeSI6ODY0MDB9:1uvVGM:4NsJ-QqxG1uxlqfeTw1cC-1abq69VTnYOB87svPPrnk','2025-09-09 06:22:02.377892'),('smlxho6g60oe7c73j2pc07zgheqf0yi0','eyJVc2VyX0lkIjoxMjAsIlVzZXJfVHlwZSI6InVzZXIiLCJfc2Vzc2lvbl9leHBpcnkiOjg2NDAwfQ:1vBRxW:Mf9r3neWbdOYeiMrvhsQaCqP8sDEXW9iQwlCLOjlrFs','2025-10-23 06:04:30.764492'),('smv1qvi6yq00rx3e5dwqn3syfhao9jnu','eyJVc2VyX0lkIjoxNjcsIlVzZXJfVHlwZSI6InVzZXIiLCJfc2Vzc2lvbl9leHBpcnkiOjg2NDAwfQ:1vPzxk:Gg9EAwH0aiwhiA5Ag6lFmvZkddzy3TMxOX-cZ9wXmtg','2025-12-02 09:12:52.779674'),('spia2u2ygcanq8nkhj30opl24jw5ddft','eyJVc2VyX0lkIjoxOTgsIlVzZXJfVHlwZSI6InVzZXIiLCJfc2Vzc2lvbl9leHBpcnkiOjg2NDAwfQ:1vSVie:VS0v22sWn995vavKn_ay_G2qG9MotlfJK1jvY9fEzSY','2025-12-09 07:31:40.259070'),('sq32wnm8ynqs5oa4cky98bmy0cbcbdmw','eyJVc2VyX0lkIjoxODEsIlVzZXJfVHlwZSI6InVzZXIiLCJfc2Vzc2lvbl9leHBpcnkiOjg2NDAwfQ:1vOaBu:KC15oQ3ZqD9ysRMUa7LtMbAb2iMlo9BfS4gVhMK-3y8','2025-11-28 11:29:38.611951'),('sruwzgqw9ptgw3w67ssx879vh1d7e320','eyJVc2VyX0lkIjoxNSwiVXNlcl9UeXBlIjoidXNlciIsIl9zZXNzaW9uX2V4cGlyeSI6ODY0MDB9:1uypTe:NEgngng7l_qA2SDzLLbbkD0-ooGCi3PM9MN4tRZXlxw','2025-09-18 10:33:30.645490'),('ssrdmswld8cboo51zr080iuzojv9dczk','eyJVc2VyX0lkIjoxNjgsIlVzZXJfVHlwZSI6InVzZXIiLCJfc2Vzc2lvbl9leHBpcnkiOjg2NDAwfQ:1vLg2h:XABZTRu9n9v22qHDPtkwCRmCnlM7wH8daREM5UTFnfg','2025-11-20 11:08:07.287482'),('ssrz039earyqebo7kopnvw6nemz1ahz6','eyJVc2VyX0lkIjoxMjQsIlVzZXJfVHlwZSI6InVzZXIiLCJfc2Vzc2lvbl9leHBpcnkiOjg2NDAwfQ:1vFu24:Zo_bshCTdz2c316sBglteeqxSCu1kphyCTTL2LgjHHs','2025-11-04 12:51:36.038446'),('sveh7gvj4qzoy37k42flmjo3r4nu1wl8','eyJVc2VyX0lkIjoxMjYsIlVzZXJfVHlwZSI6InVzZXIiLCJfc2Vzc2lvbl9leHBpcnkiOjg2NDAwfQ:1vJR7B:J3iXILTrqCZEondY0pgMrgZJAwDU9P-MAm0UKHNQguQ','2025-11-14 06:47:29.835351'),('svyoeet861eu7grhgmilrdc6phb2rn97','eyJVc2VyX0lkIjoxMjQsIlVzZXJfVHlwZSI6InVzZXIiLCJfc2Vzc2lvbl9leHBpcnkiOjg2NDAwfQ:1vFtXX:PGQlAOiQ2WyLNVmgc7qLAY1aiZMB4whMjARlCDo8wTU','2025-11-04 12:20:03.709811'),('swfrx0oakaf5c67009bd6p87etymo45s','eyJVc2VyX0lkIjoxMzMsIlVzZXJfVHlwZSI6InVzZXIiLCJfc2Vzc2lvbl9leHBpcnkiOjg2NDAwfQ:1vHJam:2a79w4I0gEgR1xJDsh0-1Gsaina-F3Ke8AFX6hAaffw','2025-11-08 10:21:16.725857'),('sxet3ezhmzwucq0mp48ydc1uql8jk4b5','eyJVc2VyX0lkIjoxMjMsIlVzZXJfVHlwZSI6InVzZXIiLCJfc2Vzc2lvbl9leHBpcnkiOjg2NDAwfQ:1vJ3vz:uKJWDRYyjOiDO98VwDqx4tXb0HCsXWKj2lzhB_biKbo','2025-11-13 06:02:23.027455'),('sxs5wr2azhymxbwh8o55q6lbm0ypjx89','eyJVc2VyX0lkIjoxNiwiVXNlcl9UeXBlIjoidXNlciIsIl9zZXNzaW9uX2V4cGlyeSI6ODY0MDB9:1v8Xh9:FDyCopxBrDY4bHIS4mkWgWfI0zacA6oZOKyDv6JL2Ss','2025-10-15 05:35:35.429537'),('t04x0sg7fm7nzlyid85h82n837co19ab','eyJVc2VyX0lkIjoxMTMsIlVzZXJfVHlwZSI6InVzZXIiLCJfc2Vzc2lvbl9leHBpcnkiOjg2NDAwfQ:1vDh8X:1rQnAkWcLhMQ7-8leBnizrw6kv5x3WnyGmcbjdShQc8','2025-10-29 10:41:09.292942'),('t1gs0e9pljr76byna0s4tvfip9ntydjx','eyJVc2VyX0lkIjoxNjEsIlVzZXJfVHlwZSI6InVzZXIiLCJfc2Vzc2lvbl9leHBpcnkiOjg2NDAwfQ:1vMJW4:BEGzAMnCN494J53u_gL7s1HP3mpngvsOHaG_FGoXc44','2025-11-22 05:17:04.333758'),('t2mwhk9d92crd3id23ne8i7w4ejojun3','e30:1vQl6C:CQPlhtDBKNBdv9i0eK8c27bDY75g137YNvciBJJhMiQ','2025-12-04 11:32:44.492491'),('t2tl2m10tpsttjq8c6lk5la4ge2udla3','eyJVc2VyX0lkIjoyMTEsIlVzZXJfVHlwZSI6InVzZXIiLCJfc2Vzc2lvbl9leHBpcnkiOjg2NDAwfQ:1vXuxu:caIU-rvQ7I_OwQ34ZpNsdRguu-etQMFECnQZoWvlTAc','2025-12-24 05:29:46.641005'),('t4bx8qm1ozjw0ozfkmhauefwdznalwcx','eyJVc2VyX0lkIjo2MiwiVXNlcl9UeXBlIjoidXNlciIsIl9zZXNzaW9uX2V4cGlyeSI6ODY0MDB9:1v8uHP:xlPi2-XvBbL5p3M5NJoZx5tmDqe6wqtPeo53iLKcbL0','2025-10-16 05:42:31.723939'),('t5uda2ey2qlz9mtmme9wvvai8oi1b7gn','e30:1vXw5T:UcNiW8vb31uglRmKAPMHQVjAHfKEpHjiRDzCS8lG0PY','2025-12-24 06:41:39.165972'),('t5yb68ind1mo6s15v2q5j2ucto7rzaej','eyJVc2VyX0lkIjoxNjUsIlVzZXJfVHlwZSI6InVzZXIiLCJfc2Vzc2lvbl9leHBpcnkiOjg2NDAwfQ:1vO8Bh:qWYeS7_x0VIQpbfv_2FBtNVqqbadxrsG6ld07GakxY4','2025-11-27 05:35:33.888497'),('t6vr3jvpaobsbxgh7hx6emjlaoochsgh','eyJVc2VyX0lkIjoxNjUsIlVzZXJfVHlwZSI6InVzZXIiLCJfc2Vzc2lvbl9leHBpcnkiOjg2NDAwfQ:1vNqHO:T56W-37aYbv4f8np3-5wkZyesWdSFt2t7es8TZfIrrQ','2025-11-26 10:28:14.359175'),('t7k38gc7ofgf22lb55t9xk7jbe6fhhdz','eyJVc2VyX0lkIjoxOTMsIlVzZXJfVHlwZSI6InVzZXIiLCJfc2Vzc2lvbl9leHBpcnkiOjg2NDAwfQ:1vROTH:O5c0AjqKRCK2JSj7Ccmx83W1O3Z9ZLROV27xkRAxHJo','2025-12-06 05:35:11.384978'),('ta7o4atcsqkxrkkh5bmmvuej0dwx7khd','eyJVc2VyX0lkIjoxNCwiVXNlcl9UeXBlIjoidXNlciIsIl9zZXNzaW9uX2V4cGlyeSI6ODY0MDB9:1v11NB:SJJd8_SyRAJLF2BnqS9SwMyvBlz3WdJ-y7gBYZfGEno','2025-09-24 11:39:53.414459'),('tackyvrx7g0bfndhcu1pxu2rok5tqz4s','e30:1urqcx:FxkKymDqiUPDuQWz-a1aF0V8EjX7dI0MDa9HG-izkRw','2025-08-30 04:22:15.928512'),('tb09d57o4cib5gxlmod5pvu22r5virtw','eyJVc2VyX0lkIjo1MiwiVXNlcl9UeXBlIjoidXNlciIsIl9zZXNzaW9uX2V4cGlyeSI6ODY0MDB9:1urvjo:lFTTv6jngHPsZLU0JAJDde9GHAZ_9huqfg6q2wCWgCg','2025-08-30 09:49:40.207134'),('tboy2e1ln7j18e8dq7w1nfhndgqaziu1','eyJVc2VyX0lkIjo2MiwiVXNlcl9UeXBlIjoidXNlciIsIl9zZXNzaW9uX2V4cGlyeSI6ODY0MDB9:1vFnNv:zw9RLcwTAcuZM2qZSg10RsNAHVWDrPOsQnPoscDqbTQ','2025-11-04 05:45:43.037251'),('tc6xu0hsesg1nwerfijllwgq55xu8tg9','eyJVc2VyX0lkIjoyNCwiVXNlcl9UeXBlIjoidXNlciIsIl9zZXNzaW9uX2V4cGlyeSI6ODY0MDB9:1v8IAL:pr-ZRcmNb98BtGGVZj56Cqm2Q9PgxvPuI3_wzYn8KWE','2025-10-14 13:00:41.179684'),('tcseqyfes9drfz4s45qf5hci7rtm656t','eyJVc2VyX0lkIjoxMzEsIlVzZXJfVHlwZSI6InVzZXIiLCJfc2Vzc2lvbl9leHBpcnkiOjg2NDAwfQ:1vGxdK:9j7L7aUz-JhMKjQ6gnH6F0t6L6qDgfauN6sHH4J1_dA','2025-11-07 10:54:26.468296'),('te15sdh5hpyimp0k7ot030wvepo1tzs5','eyJVc2VyX0lkIjoxMjQsIlVzZXJfVHlwZSI6InVzZXIiLCJfc2Vzc2lvbl9leHBpcnkiOjg2NDAwfQ:1vE59T:X3U5gOsJShIzQwn2ubPAkK14dvamat58Yi9mb_DsPrs','2025-10-30 12:19:43.828706'),('tedqhnwvunwuquor54y2jovj6rs6x72a','eyJVc2VyX0lkIjoyMywiVXNlcl9UeXBlIjoidXNlciIsIl9zZXNzaW9uX2V4cGlyeSI6ODY0MDB9:1v8XNh:eRs55BM1E-H-gHc1ZLSV6U_dhegkljSUC5oTcAlGRLs','2025-10-15 05:15:29.343374'),('tfub9hs6eme37teggw8k08ybilcno1qd','eyJVc2VyX0lkIjo1OSwiVXNlcl9UeXBlIjoidXNlciIsIl9zZXNzaW9uX2V4cGlyeSI6ODY0MDB9:1ut0q3:ocOlXgsykQHrDIk5YVPDIk4rZ9IXGqKUO86C-03BkPE','2025-09-02 09:28:35.137746'),('thpfffq83ywpvurstelz6t2hce6gfn4j','eyJVc2VyX0lkIjoxNTQsIlVzZXJfVHlwZSI6InVzZXIiLCJfc2Vzc2lvbl9leHBpcnkiOjg2NDAwfQ:1vLc6f:NcjEI8bcWJhlWH7cZ9GjoUsMQzQdBLXsNksKKLU0pj0','2025-11-20 06:55:57.062368'),('thqox8kpm4eio8gyxgcw6cryfrshg2fg','eyJVc2VyX0lkIjo1OSwiVXNlcl9UeXBlIjoidXNlciIsIl9zZXNzaW9uX2V4cGlyeSI6ODY0MDB9:1vERei:3vkW1qVAG7UtLnCiXzi39m6PfnwZa7eLDrRjvyA6cfQ','2025-10-31 12:21:28.180176'),('ticnh1rg5zj8oxy3fsrecxtu6d2hkwxe','eyJVc2VyX0lkIjo2MiwiVXNlcl9UeXBlIjoidXNlciIsIl9zZXNzaW9uX2V4cGlyeSI6ODY0MDB9:1vBRm0:6xWzqtQuG1P82iajfHnLaQLXfCA1r7DVhr0PW7keIco','2025-10-23 05:52:36.020881'),('tkfh3hzgm54k6racu9ntykh0jzo8yw36','eyJVc2VyX0lkIjoxMTIsIlVzZXJfVHlwZSI6InVzZXIiLCJfc2Vzc2lvbl9leHBpcnkiOjg2NDAwfQ:1vB6fX:x1AFqsR-DfIf9HWkA2ymxi2GH6sGJqK3xTVrFUxP7rg','2025-10-22 07:20:31.783836'),('tl8cwel7fcp9hrwyut8b42aficoocz2p','eyJVc2VyX0lkIjoxNSwiVXNlcl9UeXBlIjoidXNlciIsIl9zZXNzaW9uX2V4cGlyeSI6ODY0MDB9:1vDGhQ:8vgItFUZ4WNwxQamybNA_Aof2-Gj8WqxrFAUh7SZAZw','2025-10-28 06:27:24.984923'),('tls719ntx82ner6p1a5ypopey9ctqkg6','eyJVc2VyX0lkIjoxMzMsIlVzZXJfVHlwZSI6InVzZXIiLCJfc2Vzc2lvbl9leHBpcnkiOjg2NDAwfQ:1vIP9g:9RTGiJZzRKA4nHxe88HDWUC7BMiQ2NUkuM4BOUA3HwU','2025-11-11 10:29:48.688701'),('tmxu7bfqbodxiol9pvwcbsrv0uuwdqmd','eyJVc2VyX0lkIjoxMjYsIlVzZXJfVHlwZSI6InVzZXIiLCJfc2Vzc2lvbl9leHBpcnkiOjg2NDAwfQ:1vIinV:7iyQR_ODIgt3DHICvuHTv9B8jeSqldPpvkZSZzGcK2s','2025-11-12 07:28:13.189112'),('tn6x8lbez2ee3zcnmrbgzl11szc8umox','eyJVc2VyX0lkIjoyMywiVXNlcl9UeXBlIjoidXNlciIsIl9zZXNzaW9uX2V4cGlyeSI6ODY0MDB9:1uzT8a:PtvkMPuCnTXLmlUcXVzn973V0I0eFnj7enLJAA-kdvk','2025-09-20 04:54:24.221318'),('tnus1ia4ifej2xj4jjhj20liwxi4bp7y','eyJVc2VyX0lkIjoxNCwiVXNlcl9UeXBlIjoidXNlciIsIl9zZXNzaW9uX2V4cGlyeSI6ODY0MDB9:1utOXt:shesr5lgfqXibhUr9-x8WTI5AhnAAFBXox61ZA3oWak','2025-09-03 10:47:25.487473'),('tphp80ip0c22jwb4w2qw4kvqmbjfdlqv','eyJVc2VyX0lkIjoxMzEsIlVzZXJfVHlwZSI6InVzZXIiLCJfc2Vzc2lvbl9leHBpcnkiOjg2NDAwfQ:1vIPT2:MVIADlctaEr0TiquJKkDEiPi4Uvyfn5HYgtpR4ygRWA','2025-11-11 10:49:48.362660'),('tqqgimntg0iygeu1fl0jfbw7pc9k8emk','eyJVc2VyX0lkIjoxOTksIlVzZXJfVHlwZSI6InVzZXIiLCJfc2Vzc2lvbl9leHBpcnkiOjg2NDAwfQ:1vRllo:BsXE_GRqaaKOzOKeVNlMP9X0QIaaOJgPMZ8tkG1Ns8c','2025-12-07 06:27:52.604456'),('tr9nmpgdbbcxk1fsnk0h2xm9zhmclygt','eyJVc2VyX0lkIjoxNCwiVXNlcl9UeXBlIjoidXNlciIsIl9zZXNzaW9uX2V4cGlyeSI6ODY0MDB9:1v8zGo:S6bvzu6ybXjZgjoRtESqT9ziB_m3vdTEhcpQpQ80Dfw','2025-10-16 11:02:14.003045'),('ts5xkl0n00uxipbsosjdnc4z3x0ca7zv','eyJVc2VyX0lkIjoxNjIsIlVzZXJfVHlwZSI6InVzZXIiLCJfc2Vzc2lvbl9leHBpcnkiOjg2NDAwfQ:1vPxjr:wVOPNrjVlL1BRS_tAoTnE9Xu7nEJlqvl1et_zLNzEF0','2025-12-02 06:50:23.505292'),('tt4bu701frqckjptp36n8w954lshbltw','eyJVc2VyX0lkIjo1OCwiVXNlcl9UeXBlIjoidXNlciIsIl9zZXNzaW9uX2V4cGlyeSI6ODY0MDB9:1uyrT0:IcHoSnGbzIpDpFikuZkEuiI0Z20bpyD8ao51hEymuPk','2025-09-18 12:40:58.254251'),('tu12q5ugo2aurk86ky6zdrifq0twj37u','eyJVc2VyX0lkIjoxMjEsIlVzZXJfVHlwZSI6InVzZXIiLCJfc2Vzc2lvbl9leHBpcnkiOjg2NDAwfQ:1vCF5m:Hfo1Dd_4I2jDuRJaODPDLUhkFdSMxv_SaWB7AGQIP5Y','2025-10-25 10:32:18.105174'),('tuk1vdvxvvawztvc7au5qxdukwnyaxg7','eyJVc2VyX0lkIjoxMjksIlVzZXJfVHlwZSI6InVzZXIiLCJfc2Vzc2lvbl9leHBpcnkiOjg2NDAwfQ:1vEnwu:QbzQ6aT7or0D5l2ONdLtlRHTBepY4XynZNRCr0334s4','2025-11-01 12:09:44.317669'),('twh9f5ez79a6wfy0gbqg0bzzb048h3nf','eyJVc2VyX0lkIjoxNCwiVXNlcl9UeXBlIjoidXNlciIsIl9zZXNzaW9uX2V4cGlyeSI6ODY0MDB9:1vGBwr:rIo8F1A6M5bdA1_ZdeXazzXLsTKMDy3ryJd-d2dF1iA','2025-11-05 07:59:25.497595'),('twl7wrf1quucmdnyxgtqxlkhs8xsiaoz','eyJVc2VyX0lkIjoxMDgsIlVzZXJfVHlwZSI6InVzZXIiLCJfc2Vzc2lvbl9leHBpcnkiOjg2NDAwfQ:1vFpAt:-yZfhz7LCVXWJXTsCjnLF09c1Ktpxxqe_l5LSfB9NmQ','2025-11-04 07:40:23.057890'),('tx9qm5qf4l8aalvk4c0zmzrjehwow9rr','eyJVc2VyX0lkIjoxNjAsIlVzZXJfVHlwZSI6InVzZXIiLCJfc2Vzc2lvbl9leHBpcnkiOjg2NDAwfQ:1vOUc5:QtYZ5ZbBAvatOdoip5uyhOFM_eD2FZ4oX1A2LxMhmXI','2025-11-28 05:32:17.142058'),('txyfo1lnjyqbj7sciwtdjrmug05kajjo','eyJVc2VyX0lkIjoxMzksIlVzZXJfVHlwZSI6InVzZXIiLCJfc2Vzc2lvbl9leHBpcnkiOjg2NDAwfQ:1vJUXJ:EEK50-XBkYn5uUT7wTOWKJjwjlYYKUSuoIt0OlpBDKA','2025-11-14 10:26:41.855416'),('tyhu8xrog9peynwq58w7luqkqo1417mq','eyJVc2VyX0lkIjoxMjQsIlVzZXJfVHlwZSI6InVzZXIiLCJfc2Vzc2lvbl9leHBpcnkiOjg2NDAwfQ:1vEQqI:deWR2OGkx2qozhZBipvPk7Qc-yWgAY8baon-poaJjCs','2025-10-31 11:29:22.376933'),('tzggggc2n232ayqs6gqm4uog6e1qwj9q','eyJVc2VyX0lkIjoxNCwiVXNlcl9UeXBlIjoidXNlciIsIl9zZXNzaW9uX2V4cGlyeSI6ODY0MDB9:1vCWXr:EyhGa38S4VoGEU-6LVWadipAfs2MhDLwq3-o5t6eag4','2025-10-26 05:10:27.851676'),('tzzugnneox0lue3yl2djldo11xerartp','e30:1urdML:uTSNbImzWsmACJXyFFRrgRrVzrVss92lKnjFAIoEZuE','2025-08-29 14:12:13.498998'),('u19pbndpl4bzuaqkq5gfd8n88h8x7nrt','eyJVc2VyX0lkIjoxOTcsIlVzZXJfVHlwZSI6InVzZXIiLCJfc2Vzc2lvbl9leHBpcnkiOjg2NDAwfQ:1vSZaX:cUr4XXC8UdZrbJchpZaq-pUYcj1IQgb-wf_HJ67C-kg','2025-12-09 11:39:33.102819'),('u1gwjkyncwjnlld946kaj934vmppjx95','eyJVc2VyX0lkIjo0NiwiVXNlcl9UeXBlIjoidXNlciIsIl9zZXNzaW9uX2V4cGlyeSI6ODY0MDB9:1urukN:b0bwDn58DjllFRaqrUq280g6uZVzU4xwrRNfSBH1lf0','2025-08-30 08:46:11.307261'),('u47c7rgawx90ut7wj112uvyt1il79rba','eyJVc2VyX0lkIjo2MiwiVXNlcl9UeXBlIjoidXNlciIsIl9zZXNzaW9uX2V4cGlyeSI6ODY0MDB9:1ut1WS:VWftEmiQC-CFg4PuGb0TU4TcsRjP3wm7GMCB--1kRio','2025-09-02 10:12:24.028729'),('u4m3pioydkjf8mbzix21fv9hr4b7l9pz','eyJVc2VyX0lkIjoxMjEsIlVzZXJfVHlwZSI6InVzZXIiLCJfc2Vzc2lvbl9leHBpcnkiOjg2NDAwfQ:1vCWE6:6RTlGzBZwCggZNkUw2tIRKEFm4S4cEiSyqfVNXeTxjk','2025-10-26 04:50:02.293663'),('u6kl40qs51dn670b7twq01ysaw0k4yyb','eyJVc2VyX0lkIjoyMTEsIlVzZXJfVHlwZSI6InVzZXIiLCJfc2Vzc2lvbl9leHBpcnkiOjg2NDAwfQ:1vXw6X:auEnHuWbSpLZeGINrz55ejRMhPqa-dAP_rtB3xazmTw','2025-12-24 06:42:45.595630'),('u74dtvtd4jjoqs31w4kogaivrrkwl34e','eyJVc2VyX0lkIjoxNSwiVXNlcl9UeXBlIjoidXNlciIsIl9zZXNzaW9uX2V4cGlyeSI6ODY0MDB9:1v1kNS:kaHaVPWwYZ4xNGoQ4Ka-xNb0TQdCMwNJ9fR-I9TWRXE','2025-09-26 11:43:10.438823'),('u83vzep0k47g7ohedik5oem7y82jo7ck','eyJVc2VyX0lkIjo0NCwiVXNlcl9UeXBlIjoidXNlciIsIl9zZXNzaW9uX2V4cGlyeSI6ODY0MDB9:1ux2sQ:PFO_gbLrykFU3lZGcz5c6JJiU7UYtrqtRVtLH-EF9-g','2025-09-13 12:27:42.022540'),('uaek50grc536kmawdig74x7env7k4h2i','eyJVc2VyX0lkIjoyMDYsIlVzZXJfVHlwZSI6InVzZXIiLCJfc2Vzc2lvbl9leHBpcnkiOjg2NDAwfQ:1vW63l:w6gxWsc3JSAEtV7kbbFMfTT5Xbeqmhu7ugdyxtUXPbQ','2025-12-19 04:56:17.893969'),('udjt3oi3o4v2w79j238ecaq8cf02fjhb','eyJVc2VyX0lkIjoxMDgsIlVzZXJfVHlwZSI6InVzZXIiLCJfc2Vzc2lvbl9leHBpcnkiOjg2NDAwfQ:1vEkKm:LkFYDNGEZggYXhzQ0Tt_fUFW6PaI6UT7OOpwJ6suVf8','2025-11-01 08:18:08.730669'),('uedz4a9f28f1iha2zbye3kcx7a854kt5','eyJVc2VyX0lkIjoxNjksIlVzZXJfVHlwZSI6InVzZXIiLCJfc2Vzc2lvbl9leHBpcnkiOjg2NDAwfQ:1vOZA7:iAtmBXrQSesQE4AkpI0kmsLoLi_ph4OLF_Rdkh02ziQ','2025-11-28 10:23:43.459196'),('uflb5cp1dev8jn9gd1z59fw2xii3r5ol','eyJVc2VyX0lkIjo1OSwiVXNlcl9UeXBlIjoidXNlciIsIl9zZXNzaW9uX2V4cGlyeSI6ODY0MDB9:1uvsf1:FnLCPhv5pZmxwnVfgc-dI2NkTCkqaGPFvS39_-Owcz0','2025-09-10 07:21:03.923123'),('ufwe7fvm6xi86tycwquelol76qvszzsn','eyJVc2VyX0lkIjo1MywiVXNlcl9UeXBlIjoidXNlciIsIl9zZXNzaW9uX2V4cGlyeSI6ODY0MDB9:1usyQj:CURbOeWkmO-G8X-CopTQAED439um2VSXwRW0P_Gy96U','2025-09-02 06:54:17.797548'),('ug8ms6xonc8pm3zvhgeyel4qq29jp2v4','eyJVc2VyX0lkIjo2MiwiVXNlcl9UeXBlIjoidXNlciIsIl9zZXNzaW9uX2V4cGlyeSI6ODY0MDB9:1uvwcP:dP6drdde6pUfIb5wdL9GpgD_zwzco-YeMWwW6L5ugmc','2025-09-10 11:34:37.127642'),('uicxresuag11ak1d8m8pprh8wa3lqn4k','eyJVc2VyX0lkIjoxNzIsIlVzZXJfVHlwZSI6InVzZXIiLCJfc2Vzc2lvbl9leHBpcnkiOjg2NDAwfQ:1vNlGH:BPfCsJQxSHkZseQr5_HY2-X31XqYo5HXG1TjVW6Dmxg','2025-11-26 05:06:45.236989'),('ujjgi1vdymibspc9gqe772y0lba6pyg5','eyJVc2VyX0lkIjoyMywiVXNlcl9UeXBlIjoidXNlciIsIl9zZXNzaW9uX2V4cGlyeSI6ODY0MDB9:1uykfP:l98WM7_u0O_fUe7PA1WvZpxAYHiSeuQQo08dP00AbJs','2025-09-18 05:25:19.432992'),('umsjo4jgpxji6oiykdyqkkmrtanbpvl0','e30:1vW5x8:dn3wPIeiiwUL8x7gVKdeb7-8kvIQIZJkHzkMssYQDwk','2025-12-19 04:49:26.092060'),('uo5zcrvrc9ohmylityh6b6k3y6576jbn','eyJVc2VyX0lkIjoxNiwiVXNlcl9UeXBlIjoidXNlciIsIl9zZXNzaW9uX2V4cGlyeSI6ODY0MDB9:1v9H81:xw1UW2t7rpEsHR1jiMGQ-59GD6HlOiTDDi_7DFixbDs','2025-10-17 06:06:21.116734'),('usc13mh7nlq5c48j1bq4nmwgdomtsgnl','eyJVc2VyX0lkIjoyMDYsIlVzZXJfVHlwZSI6InVzZXIiLCJfc2Vzc2lvbl9leHBpcnkiOjg2NDAwfQ:1vWYrz:IamOOWX4mazP4lHCZvOShfeM2a_T1NggAtgd93uDY_E','2025-12-20 11:42:03.730123'),('usgb5xgsnbtc7spjmo8jj8zdglqjkzfl','e30:1vXw5S:rvBBIcnHO44x80fr2YgfgdlraYOeyC36uwk9jVc2LXQ','2025-12-24 06:41:38.887822'),('ut2ecnfiecbwxdpxhgbvyql1o5auhr6e','eyJVc2VyX0lkIjoyMywiVXNlcl9UeXBlIjoidXNlciIsIl9zZXNzaW9uX2V4cGlyeSI6ODY0MDB9:1uzs9M:1wc3_p0fz9XsGy47SND2JuBiuJ1M17yfEmMNvdxU7f8','2025-09-21 07:36:52.579262'),('uvcl8kzj210ug8yuguioz5w7lmh3reyx','eyJVc2VyX0lkIjoxMjYsIlVzZXJfVHlwZSI6InVzZXIiLCJfc2Vzc2lvbl9leHBpcnkiOjg2NDAwfQ:1vHJlT:Jwgk92c0DYFG_gC1pQ5ByYr6j6lVlDNALJHN2RfhPqI','2025-11-08 10:32:19.277828'),('uwqfuilv99wksp3ejxc5nn1ttkqnhcv1','eyJVc2VyX0lkIjoxMjMsIlVzZXJfVHlwZSI6InVzZXIiLCJfc2Vzc2lvbl9leHBpcnkiOjg2NDAwfQ:1vFmej:y3LmpRpfsoOnxNU7gCQNbLNZsrS2sTI2kI7XafsJsh8','2025-11-04 04:59:01.347299'),('uy51ei0sdghyodluerl17mzmzvaezq6z','eyJVc2VyX0lkIjo2NSwiVXNlcl9UeXBlIjoidXNlciIsIl9zZXNzaW9uX2V4cGlyeSI6ODY0MDB9:1urwQT:i741fYAore7CSSI_PpH06dRSogMvR7GSJa2DZHKDafo','2025-08-30 10:33:45.626617'),('uyh93f84z10zmbosnl1sschn5tvdl6zu','eyJVc2VyX0lkIjoxNjMsIlVzZXJfVHlwZSI6InVzZXIiLCJfc2Vzc2lvbl9leHBpcnkiOjg2NDAwfQ:1vOXuH:jGArfRFYSCIr4KYIZpV3XJTJxZvzDK7oek7BsDd8fmk','2025-11-28 09:03:17.407719'),('uyzo96vf92zw33q4zi4crtt7ajzc3yqz','eyJVc2VyX0lkIjoxMjYsIlVzZXJfVHlwZSI6InVzZXIiLCJfc2Vzc2lvbl9leHBpcnkiOjg2NDAwfQ:1vEOtd:okRFZQn7_JnZ5gMhC0ZtHFWR_xmG7CzT_wsbKlTq5co','2025-10-31 09:24:41.235097'),('v2nmfzbmvg6ikc1didm3ymb62vgzohqg','eyJVc2VyX0lkIjo2MSwiVXNlcl9UeXBlIjoidXNlciIsIl9zZXNzaW9uX2V4cGlyeSI6ODY0MDB9:1usGn6:OExuoEaLtr6ZYYAw7ePfgJe-WZl2JBEz3mR0L5yHMww','2025-08-31 08:18:28.161567'),('v3cjdavhwf5b4crxq8440h5nc40ekdpj','eyJVc2VyX0lkIjozOCwiVXNlcl9UeXBlIjoidXNlciIsIl9zZXNzaW9uX2V4cGlyeSI6ODY0MDB9:1urvJX:_IsPEiZ4M9D3xwirM3-UMdwdUED62BOHXSkPpLlNN6U','2025-08-30 09:22:31.690382'),('v3xzkcyzfuv84wi91u5sdzd4abkqbk35','eyJVc2VyX0lkIjoxNiwiVXNlcl9UeXBlIjoidXNlciIsIl9zZXNzaW9uX2V4cGlyeSI6ODY0MDB9:1v1LnC:IzE6twL_3pnW89fID5y6v6GGCLq8ra_gayXp-GY8NpA','2025-09-25 09:28:06.320982'),('v3yaoxltvcg7mst5m2tjaglzzzn9t8mz','eyJVc2VyX0lkIjoxMTIsIlVzZXJfVHlwZSI6InVzZXIiLCJfc2Vzc2lvbl9leHBpcnkiOjg2NDAwfQ:1vB5cV:PzpIa0wgyfGPn7ewmbVxz2b1qmCBCOCFfHqPQ73n97s','2025-10-22 06:13:19.703887'),('v81g6kbvek48d3g54j2i28r0j6sfv2jb','eyJVc2VyX0lkIjoxMzEsIlVzZXJfVHlwZSI6InVzZXIiLCJfc2Vzc2lvbl9leHBpcnkiOjg2NDAwfQ:1vIik0:uXU-Q-mGrsKqg7eazahcLycqndyWO6CUo-tzKdI07jQ','2025-11-12 07:24:36.178368'),('v84tyxz7g32gw6a1ws716077udoexvk0','eyJVc2VyX0lkIjo1MywiVXNlcl9UeXBlIjoidXNlciIsIl9zZXNzaW9uX2V4cGlyeSI6ODY0MDB9:1usxld:0aMg88tbW6nqM1Qs5aEDcaL-X4xatUpcWi-H7FMrN9M','2025-09-02 06:11:49.362772'),('v8a7kh7v5wng8t50284auwlqzogrmfcs','eyJVc2VyX0lkIjoxMjQsIlVzZXJfVHlwZSI6InVzZXIiLCJfc2Vzc2lvbl9leHBpcnkiOjg2NDAwfQ:1vKrkv:UvuxcAXEfEX1FP7flqA91klgVK83eufBtTVzTC4EmQE','2025-11-18 05:26:25.996748'),('vakurofoqkv4fqwb7g0p4d2qi530cpct','eyJVc2VyX0lkIjoxNjksIlVzZXJfVHlwZSI6InVzZXIiLCJfc2Vzc2lvbl9leHBpcnkiOjg2NDAwfQ:1vNpmb:znoIePE7NJHyy7kOGyx6oKfGKtNC1QB82qGFUC1-ogY','2025-11-26 09:56:25.442233'),('vbgd6hcj2qzrbar9q7m1395ltgxn9d47','eyJVc2VyX0lkIjoyMywiVXNlcl9UeXBlIjoidXNlciIsIl9zZXNzaW9uX2V4cGlyeSI6ODY0MDB9:1v9KHm:ImZMxxGWPpWi3rVzfnw5aOXsa17pNP4QRx0Y7KX01Po','2025-10-17 09:28:38.191312'),('vd3rtfqtxdpili2u9doauu2d03uzs80g','eyJVc2VyX0lkIjo5MywiVXNlcl9UeXBlIjoidXNlciIsIl9zZXNzaW9uX2V4cGlyeSI6ODY0MDB9:1usDl1:c2l_Qwmg0N_yZ4aghyNUjvQzDNPDUwEIwO63nOZZrHI','2025-08-31 05:04:07.285198'),('vdukoop4gqtoh6mif9lthrw88rry6llu','eyJVc2VyX0lkIjoxNjAsIlVzZXJfVHlwZSI6InVzZXIiLCJfc2Vzc2lvbl9leHBpcnkiOjg2NDAwfQ:1vQK2B:mkL3GB6R94IPm9BN6UdEZbihN50xD-d5eJdsWCm9n8I','2025-12-03 06:38:47.545729'),('vfcweswc3r0muby34a73d3g4u2u38n1m','eyJVc2VyX0lkIjoxOTMsIlVzZXJfVHlwZSI6InVzZXIiLCJfc2Vzc2lvbl9leHBpcnkiOjg2NDAwfQ:1vRPsH:l5_u1NKRHqnzSJ-5AISY7ieuy3yqSjNuFHo68NmIA3Q','2025-12-06 07:05:05.735348'),('vfdi8k8c60xndu7vbu0t6ggggsaoxl9g','eyJVc2VyX0lkIjoxMTYsIlVzZXJfVHlwZSI6InVzZXIiLCJfc2Vzc2lvbl9leHBpcnkiOjg2NDAwfQ:1vLEGX:B3jsZA4haPsSmaxrIKu-VzH2aTvWol1Gm-ObYWitMbg','2025-11-19 05:28:33.344515'),('vjg9k8qix6ch0qutrqd1kox2cv11870k','eyJVc2VyX0lkIjoxNSwiVXNlcl9UeXBlIjoidXNlciIsIl9zZXNzaW9uX2V4cGlyeSI6ODY0MDB9:1v3AdI:djn_A85iEjmbLAgrQV3x2I8Emk2vHmH1jWUe_SWJFHI','2025-09-30 09:57:24.192966'),('vk8njf8spy6vlvydtltqht2javr5hf52','eyJVc2VyX0lkIjo4NCwiVXNlcl9UeXBlIjoidXNlciIsIl9zZXNzaW9uX2V4cGlyeSI6ODY0MDB9:1urv2G:C9j8JSbvYZHkRFnXVjQPn3GwXiNyFnwbrc_bmxdFRcg','2025-08-30 09:04:40.561804'),('vkih9rgaj3t3uqiy5uau7hlbfvf1klbo','eyJVc2VyX0lkIjo2MiwiVXNlcl9UeXBlIjoidXNlciIsIl9zZXNzaW9uX2V4cGlyeSI6ODY0MDB9:1v9HgH:VbTRkTrXKSGClmH6vwvv9DlTgdBWDY-5LnqAXCfjRAI','2025-10-17 06:41:45.881965'),('vkvwhuqcnxlwgqcr5rmfp6yrrg5d3m1h','eyJVc2VyX0lkIjoyOCwiVXNlcl9UeXBlIjoidXNlciIsIl9zZXNzaW9uX2V4cGlyeSI6ODY0MDB9:1ursPG:uji2FoXWU1juGARDuaQyXDUwMV8IqEoTzvldrN8Pmms','2025-08-30 06:16:14.029281'),('vl9ffhboxvkif5jww4qpf340z9m7mk27','eyJVc2VyX0lkIjo2NiwiVXNlcl9UeXBlIjoidXNlciIsIl9zZXNzaW9uX2V4cGlyeSI6ODY0MDB9:1usxDb:l3PLghzjKTpVTHoec6JtLi1C_ULRUd98Q-KRe7Wqut4','2025-09-02 05:36:39.458950'),('vlhqdsgiu0dffip3z6wcvvac32rsqh7n','eyJVc2VyX0lkIjoxMDksIlVzZXJfVHlwZSI6InVzZXIiLCJfc2Vzc2lvbl9leHBpcnkiOjg2NDAwfQ:1vCA9B:8jLhqmkGQAZ8CpOq96dXQ_LtUSRMwVX5IKxwusi1Uf8','2025-10-25 05:15:29.393434'),('vlke2sekgsnqfnf62q3rpjwf5xij3ec7','eyJVc2VyX0lkIjoxMjEsIlVzZXJfVHlwZSI6InVzZXIiLCJfc2Vzc2lvbl9leHBpcnkiOjg2NDAwfQ:1vDGOV:b4tAr-DK7zSuvQmgC1_hnc00DcNpuv61u84osxqNpTE','2025-10-28 06:07:51.196771'),('vm1mtrifv1x17ppsd3vpw07z7kd7sht7','eyJVc2VyX0lkIjoyNCwiVXNlcl9UeXBlIjoidXNlciIsIl9zZXNzaW9uX2V4cGlyeSI6ODY0MDB9:1v63bM:Nv-I4fJR67s30V-NxvCzvu1nZl9BeiZUcj096BLs3Xk','2025-10-08 09:03:20.965700'),('vm2ihmraoo9lc8n9ymhkaefd496y6tx5','eyJVc2VyX0lkIjoxMzMsIlVzZXJfVHlwZSI6InVzZXIiLCJfc2Vzc2lvbl9leHBpcnkiOjg2NDAwfQ:1vIPqX:7UzE52IdyB-fcs5OZiXLZaH4XlUrnsatIr4l0ifzSVo','2025-11-11 11:14:05.050576'),('vn6vp6x6b5hpkz7pmkxwmvqrs7xxakgf','eyJVc2VyX0lkIjoyMjcsIlVzZXJfVHlwZSI6InVzZXIiLCJfc2Vzc2lvbl9leHBpcnkiOjg2NDAwfQ:1vY1II:YkcLG_J-SBbiSimbsagkB9-L_pa5qJCvDl3lcH4pVwI','2025-12-24 12:15:14.907621'),('vn8jc2wkxlk43z0e85rop6miv0hanqt9','eyJVc2VyX0lkIjoxMDIsIlVzZXJfVHlwZSI6InVzZXIiLCJfc2Vzc2lvbl9leHBpcnkiOjg2NDAwfQ:1v8yf5:G04LXFeDl4Yp5VrZ3AXku4JN28SAHjdXXYmIMQ7PiBg','2025-10-16 10:23:15.596161'),('vn8uk1b5ezf21avymn45xrdr6t49s96t','e30:1vXzXy:J49WtCSE7wh-3kaNhB9zihNw6bO-brZc2XhxLp9yzEk','2025-12-24 10:23:18.303693'),('vnxiog31iijsm9lfqscv6246ibfzyu6d','eyJVc2VyX0lkIjo2NiwiVXNlcl9UeXBlIjoidXNlciIsIl9zZXNzaW9uX2V4cGlyeSI6ODY0MDB9:1vCIjP:ZHCuCJe79aNypAVo14_SAG54INIYIGr43hJDR8Ml-vk','2025-10-25 14:25:27.546844'),('vo645byazo3t4p1yjivn505f24b45cv7','eyJVc2VyX0lkIjo2NiwiVXNlcl9UeXBlIjoidXNlciIsIl9zZXNzaW9uX2V4cGlyeSI6ODY0MDB9:1ut3OY:z6T6Jd7Untw-c1y39cKKp9s6FnTK7_dHGC-CLdjI1_0','2025-09-02 12:12:22.689110'),('vovruht6wfogfweritzdaj90fyy9auq8','eyJVc2VyX0lkIjoyNCwiVXNlcl9UeXBlIjoidXNlciIsIl9zZXNzaW9uX2V4cGlyeSI6ODY0MDB9:1uySL1:ZmPHCS1nhvlOs9F4ihjuGfxE121eSMO1iTwvfrMtMwo','2025-09-17 09:51:03.645262'),('vquaiwdr3g50km32450jvgrwbadpnx50','eyJVc2VyX0lkIjo1MywiVXNlcl9UeXBlIjoidXNlciIsIl9zZXNzaW9uX2V4cGlyeSI6ODY0MDB9:1v61B6:84146AHU7u_Hna5vMOSt3VCe031gQXlAcNBS5ITAVZY','2025-10-08 06:28:04.088074'),('vr9bqr0rjn9memv597i3ddz5f8smq7kx','eyJVc2VyX0lkIjoxNjEsIlVzZXJfVHlwZSI6InVzZXIiLCJfc2Vzc2lvbl9leHBpcnkiOjg2NDAwfQ:1vNUEB:n17KEUZq8It-E_ZJl-LXP399H0U3ZAiTi5D7Ir8e9iM','2025-11-25 10:55:27.294494'),('vroqqurvkkv7yd81cbnoveetzvf9dbs3','eyJVc2VyX0lkIjoyMDgsIlVzZXJfVHlwZSI6InVzZXIiLCJfc2Vzc2lvbl9leHBpcnkiOjg2NDAwfQ:1vXw4z:7oZolEYvzF62iDIi_vdg20_SRMG4i7P-obdYD6Uiv8Q','2025-12-24 06:41:09.016620'),('vs414ivpnxjhbcsxabqoe8hnqlevotef','eyJVc2VyX0lkIjoyOSwiVXNlcl9UeXBlIjoidXNlciIsIl9zZXNzaW9uX2V4cGlyeSI6ODY0MDB9:1ut0Mz:otAbg8p78BH4ip-2GlT2lGm2-m4n5w4CzY6iRbphbyA','2025-09-02 08:58:33.780217'),('vswy9fpxr0isqem7vwxrfss7jhuagrsr','eyJVc2VyX0lkIjo2NSwiVXNlcl9UeXBlIjoidXNlciIsIl9zZXNzaW9uX2V4cGlyeSI6ODY0MDB9:1uvscl:IPHHeupHxobi750g0e5GBO3g7ZJT0A5Zz4BvmcGPqOI','2025-09-10 07:18:43.425962'),('vwr7xy2t1n1pxin7jpvgahr7r3kwj20h','eyJVc2VyX0lkIjo4NywiVXNlcl9UeXBlIjoidXNlciIsIl9zZXNzaW9uX2V4cGlyeSI6ODY0MDB9:1urvRX:lncOrbndpXY17VQiPKr3GwEPGVoDXatB2EIAmmCS_20','2025-08-30 09:30:47.012519'),('vz9b6kokdhk6hncwu73gh5lni9e1dugf','eyJVc2VyX0lkIjoxOTQsIlVzZXJfVHlwZSI6InVzZXIiLCJfc2Vzc2lvbl9leHBpcnkiOjg2NDAwfQ:1vR23V:GbTRFnsT1Y-Vy9MIClsxbJ5FCRWZAFc7FFw6jDEiHuE','2025-12-05 05:39:05.141547'),('w042xwlyyktbr3snuefiztydru0a7myn','eyJVc2VyX0lkIjoxMjQsIlVzZXJfVHlwZSI6InVzZXIiLCJfc2Vzc2lvbl9leHBpcnkiOjg2NDAwfQ:1vDGMF:meon5RHYps3hRglJx59HKKK4d_J8oH3czv-u-Qsu9K8','2025-10-28 06:05:31.522929'),('w0cmsc2tidse6frcqjig3rlg96mm0ovn','eyJVc2VyX0lkIjoxNzAsIlVzZXJfVHlwZSI6InVzZXIiLCJfc2Vzc2lvbl9leHBpcnkiOjg2NDAwfQ:1vNqfa:PRJtkiDlqJxyjHmQvgRVKmrVIsAmMoJbB4I7o2TWFJA','2025-11-26 10:53:14.335081'),('w1b0hgiqpp5og2khonbxarhykt5bizal','eyJVc2VyX0lkIjoxNSwiVXNlcl9UeXBlIjoidXNlciIsIl9zZXNzaW9uX2V4cGlyeSI6ODY0MDB9:1vEjYa:kH0vXCf1ZhiI8d6aSkbOD2RmDnM5am3EeQqxvqCG9Bc','2025-11-01 07:28:20.740585'),('w2ksnsfbrsicy70iqg3fsskf1rn1ma35','eyJVc2VyX0lkIjoxNzAsIlVzZXJfVHlwZSI6InVzZXIiLCJfc2Vzc2lvbl9leHBpcnkiOjg2NDAwfQ:1vNoxo:WL_fB_R2v3qXqramynSuCtDMaQciamlcgB2tpJBkYxI','2025-11-26 09:03:56.512125'),('w3nqzevlusztuk7ncy48pib606yo9bzk','e30:1vY0eZ:JXjmDlX6m1vstzMv_lAo0qOw4ZFDQU10sJDS0i1tDsA','2025-12-24 11:34:11.899940'),('w4bdmvv46l5awz08bs2uyrlwi2w64206','eyJVc2VyX0lkIjo4NywiVXNlcl9UeXBlIjoidXNlciIsIl9zZXNzaW9uX2V4cGlyeSI6ODY0MDB9:1v8uzs:UPNCkNGRCGqRucW_AyZ_39RRBsC0Ag1tNfztB-tsd3E','2025-10-16 06:28:28.301231'),('w4g4tdew1zjwqvh90av2g86n7s21x266','e30:1vXwBB:sHAKImXXMua5nBlCIRhw8PQsr706hBPfU4MN-KmrO5E','2025-12-24 06:47:33.232670'),('w6g4o8b2cnts35y8gsk3j4p0jlnst1u2','eyJVc2VyX0lkIjoxMzEsIlVzZXJfVHlwZSI6InVzZXIiLCJfc2Vzc2lvbl9leHBpcnkiOjg2NDAwfQ:1vIkxQ:9mRteFlOhiHS8zN8JRE47BYT8L2VVHRS_8EAFG4nLB0','2025-11-12 09:46:36.964152'),('w7r8pw66emp67kstim1gj5q1fugy600q','eyJVc2VyX0lkIjoxMTMsIlVzZXJfVHlwZSI6InVzZXIiLCJfc2Vzc2lvbl9leHBpcnkiOjg2NDAwfQ:1vJqxt:vG8j-60zFZDqjX_2m5vTYYWHDKOO-0N26EViYEabEvE','2025-11-15 10:23:37.712333'),('w8g592mfu3igkc5fv7dlkmmkg522jbed','eyJVc2VyX0lkIjoxMTMsIlVzZXJfVHlwZSI6InVzZXIiLCJfc2Vzc2lvbl9leHBpcnkiOjg2NDAwfQ:1vEL5Q:r0ikNv7kjPaA8N7j73e_xJ_B07cNE2Ppo-ORr2c9OcE','2025-10-31 05:20:36.795659'),('w8oz6mwr9mcmovxp5ftn54upcpooxxvn','eyJVc2VyX0lkIjo0MywiVXNlcl9UeXBlIjoidXNlciIsIl9zZXNzaW9uX2V4cGlyeSI6ODY0MDB9:1uu94J:1V3mbPXCX8mqTGbVv-xRMBvqwJaVrubTEOdvZITXeCs','2025-09-05 12:27:59.803578'),('w9j0qv8y8ipuocp7ygg6scj2mp1kzp0h','eyJVc2VyX0lkIjoxODYsIlVzZXJfVHlwZSI6InVzZXIiLCJfc2Vzc2lvbl9leHBpcnkiOjg2NDAwfQ:1vOaLk:xgcJIO8b8b0cKssrFeM6OnhC_QgtFpRgRZeZFvVo67A','2025-11-28 11:39:48.688540'),('w9jky9iswhyzrbfwiog38vtw50zjc2ot','e30:1vY0eZ:JXjmDlX6m1vstzMv_lAo0qOw4ZFDQU10sJDS0i1tDsA','2025-12-24 11:34:11.927523'),('w9ped44s6dhiiujv3mmuyga583soj8l4','eyJVc2VyX0lkIjoyNCwiVXNlcl9UeXBlIjoidXNlciIsIl9zZXNzaW9uX2V4cGlyeSI6ODY0MDB9:1uzaTI:HQflme56tgekfwr9w3nHT7u_B8BfBdYZsjmkKxZju8o','2025-09-20 12:44:16.348219'),('wamut6v68ddg47ny9g4ty66ey1jvsf6s','.eJxNjb0OwjAQg9_lVtrqaFJ-MrGylzmKytGelCZVk0hEiHcnhYXN_mzZL7gFWvX1DqoT1c_0eSFQkIqGCh7JWu3MvKFgXPRhYuYS0GzY_sHZ52wu40abwc-lYVKcyEUeTKRyENdEFVg_stORv4Mttl2N5xpFj0fVCiXPzV5IlGKHqBDLiA4UAnun6bnwmkGdDhLx_QFqEztb:1uthqP:6te0GLkczL9gjLTwht_JXzGiBIaBAnUW08Ttnwpp__k','2025-09-04 07:23:49.136754'),('wchsbwds2mqsbzu1clzwxv2ubt69iw2i','eyJVc2VyX0lkIjo2NiwiVXNlcl9UeXBlIjoidXNlciIsIl9zZXNzaW9uX2V4cGlyeSI6ODY0MDB9:1utKns:bjtpTQjTAqaipebEL5O-EiuCgKgVRo53RtYPGhK6s4Y','2025-09-03 06:47:40.460862'),('wd8ie0cvy2k70srdnd0shlp1i3wsrojw','eyJVc2VyX0lkIjoxMzMsIlVzZXJfVHlwZSI6InVzZXIiLCJfc2Vzc2lvbl9leHBpcnkiOjg2NDAwfQ:1vIQtx:9MZVXgJT0t7X2P2MNa9VKVeJ4BGeax03oRgDYjr5HtA','2025-11-11 12:21:41.476911'),('wdhuk4opedwqv7ahdf13hzozjulaeara','eyJVc2VyX0lkIjoxMTMsIlVzZXJfVHlwZSI6InVzZXIiLCJfc2Vzc2lvbl9leHBpcnkiOjg2NDAwfQ:1vE5Tl:nqY6HOLIr-cvH337Nim83VZRC1HqOLAQY8tv0x0u9eE','2025-10-30 12:40:41.296262'),('wdu4y6bx6hmr00a0jg30z521hinrtxh8','eyJVc2VyX0lkIjoyMTEsIlVzZXJfVHlwZSI6InVzZXIiLCJfc2Vzc2lvbl9leHBpcnkiOjg2NDAwfQ:1vXdp9:_TGPLoTRHRy5MHxZFnxuAOlpLGOsRFLU_2J9tAzJSNA','2025-12-23 11:11:35.762555'),('we2l0lg8akmktlhsob63v9ahr5d81218','eyJVc2VyX0lkIjoxMjYsIlVzZXJfVHlwZSI6InVzZXIiLCJfc2Vzc2lvbl9leHBpcnkiOjg2NDAwfQ:1vGFvS:JlqU2F7Mydb1CMDS2esaCJAMjpa-s6EdD_2jwm8czyQ','2025-11-05 12:14:14.728118'),('wf92xcqay0u5xdjx295h89ycem2sp1ip','eyJVc2VyX0lkIjoxOTMsIlVzZXJfVHlwZSI6InVzZXIiLCJfc2Vzc2lvbl9leHBpcnkiOjg2NDAwfQ:1vR1t1:SRGFJkLhwqOZkpqILHG3HezueWO8buduXT-7AIhWRsg','2025-12-05 05:28:15.660263'),('wg5pwy446wl0pdosznxq4e1xx2kib2qp','eyJVc2VyX0lkIjoxNjAsIlVzZXJfVHlwZSI6InVzZXIiLCJfc2Vzc2lvbl9leHBpcnkiOjg2NDAwfQ:1vNqxc:J9H6DWr2ApmX2w9vhodetnBfKxsTcuAljN2tPfUI9Eg','2025-11-26 11:11:52.031857'),('wggjybj0iovwnbaph2w11qka0qckk3lq','eyJVc2VyX0lkIjoxNSwiVXNlcl9UeXBlIjoidXNlciIsIl9zZXNzaW9uX2V4cGlyeSI6ODY0MDB9:1v9Hg0:I3KMhlz3St6T4EiTDoMc-Ac-8EvOzypKEoLiNL6DfRE','2025-10-17 06:41:28.630745'),('wglel29wn1ckyhk31ajosl54lryyssl2','eyJVc2VyX0lkIjo2NiwiVXNlcl9UeXBlIjoidXNlciIsIl9zZXNzaW9uX2V4cGlyeSI6ODY0MDB9:1uvUwn:oKkSbtIYRgrcF_6S0o3frOVLSbGIuDJPyECO1-cyeN4','2025-09-09 06:01:49.012176'),('wgn9695q83c2zfm2acembmaqg649vate','eyJVc2VyX0lkIjoxMzMsIlVzZXJfVHlwZSI6InVzZXIiLCJfc2Vzc2lvbl9leHBpcnkiOjg2NDAwfQ:1vHFh7:7fzMGMEJzT4nVVBXLX08_6S_n84mwwJ4pdQhLeXcMho','2025-11-08 06:11:33.193691'),('whrrzdbpmtilz7iyhug3x8cz1dydq6ht','eyJVc2VyX0lkIjo2NSwiVXNlcl9UeXBlIjoidXNlciIsIl9zZXNzaW9uX2V4cGlyeSI6ODY0MDB9:1v8bhJ:p_06uy55SUuSS8nCUFkxA589rHbYP3l8bTVPdtsLkk0','2025-10-15 09:52:01.752723'),('wja95vrgx5nlnrpbftptgcsz0cai2uj8','eyJVc2VyX0lkIjoyMywiVXNlcl9UeXBlIjoidXNlciIsIl9zZXNzaW9uX2V4cGlyeSI6ODY0MDB9:1uzByy:_kth1uTcvM_aMTrA5XbVRf0FF5IsSQjmyS_sb3TBfZ4','2025-09-19 10:35:20.824892'),('wjo780cztu581i6t69t99boyl7c10tmz','eyJVc2VyX0lkIjoyMywiVXNlcl9UeXBlIjoidXNlciIsIl9zZXNzaW9uX2V4cGlyeSI6ODY0MDB9:1v0CcV:i8E0Hk3q4HrPcd-AiR_xu6Uzn9kr3RjjNMSAj1y6qCg','2025-09-22 05:28:19.755764'),('wjpo7zfpftl5wy1bbn3roljf4jmx91t7','eyJVc2VyX0lkIjoxMTcsIlVzZXJfVHlwZSI6InVzZXIiLCJfc2Vzc2lvbl9leHBpcnkiOjg2NDAwfQ:1vBub9:NV4qtoWNq6cyWJ0FCCh78q0olNOKLqMn31u3ML5lI0U','2025-10-24 12:39:19.390103'),('wjvgkptgia8wr9s57jad5ixpigcfvtuf','eyJVc2VyX0lkIjo1OSwiVXNlcl9UeXBlIjoidXNlciIsIl9zZXNzaW9uX2V4cGlyeSI6ODY0MDB9:1vCGbh:9NFOhzeYBaSYDmQeicMlEZBSXbDnR1wQBZxBXb5aFDY','2025-10-25 12:09:21.058594'),('wk4j5hrd7tw39403yl79tnacdb451d81','eyJVc2VyX0lkIjoxMTYsIlVzZXJfVHlwZSI6InVzZXIiLCJfc2Vzc2lvbl9leHBpcnkiOjg2NDAwfQ:1vCYDc:F9iQKLVfPMgCAdySkXP0JDT03JRJ5munNg8Tjx5H4FA','2025-10-26 06:57:40.973004'),('wk955k36s1085902i3wly5xul6nvh7id','eyJVc2VyX0lkIjoxNjAsIlVzZXJfVHlwZSI6InVzZXIiLCJfc2Vzc2lvbl9leHBpcnkiOjg2NDAwfQ:1vQMbs:vMsoggwi4IMaRnPxSdjIe5WGyRCOnMsj6BDRqc2o2OM','2025-12-03 09:23:48.734373'),('wlpq35rqp01tz6m2y8oppy6qt83tn7qy','eyJVc2VyX0lkIjoxMjYsIlVzZXJfVHlwZSI6InVzZXIiLCJfc2Vzc2lvbl9leHBpcnkiOjg2NDAwfQ:1vIl2X:N24KRu1ISgxKmYcYWrCCKy_p0PwsbAggGA_tgP0M43E','2025-11-12 09:51:53.210639'),('wmkcepmn90v92vyvcygjji6zdqr0kz86','eyJVc2VyX0lkIjoxNjAsIlVzZXJfVHlwZSI6InVzZXIiLCJfc2Vzc2lvbl9leHBpcnkiOjg2NDAwfQ:1vOCfd:N4aXFBAMvZefe_or1L7uTbUQFmCnviWVURI3760YxPQ','2025-11-27 10:22:45.325773'),('wnvzktrrj35l24jfutb3fu3qo8yvkwv8','eyJVc2VyX0lkIjoxNzAsIlVzZXJfVHlwZSI6InVzZXIiLCJfc2Vzc2lvbl9leHBpcnkiOjg2NDAwfQ:1vPxjW:qbzYy4A3YiTggeHOoThEM5rslU4YXsEM_CNHbjEvHJQ','2025-12-02 06:50:02.703205'),('wpwphixikcmpwikbegp1pdh9z1cq0t1o','eyJVc2VyX0lkIjoxOTMsIlVzZXJfVHlwZSI6InVzZXIiLCJfc2Vzc2lvbl9leHBpcnkiOjg2NDAwfQ:1vR1y0:Kkm0PaFeQQAYXLETqipjDNR8cagCBDCHTyJ8xCgXwYk','2025-12-05 05:33:24.953973'),('wqzm7ridnx20p7prl2p4t1am5sfwj5nx','eyJVc2VyX0lkIjoxMTYsIlVzZXJfVHlwZSI6InVzZXIiLCJfc2Vzc2lvbl9leHBpcnkiOjg2NDAwfQ:1vGG0w:j0g4bQCS1LE01n5d8gKEmSlhtODG08Nq9odbPlhm0Mc','2025-11-05 12:19:54.657438'),('wr76xuglmpfyp3on68112emzqyq1uxto','eyJVc2VyX0lkIjo4NywiVXNlcl9UeXBlIjoidXNlciIsIl9zZXNzaW9uX2V4cGlyeSI6ODY0MDB9:1urx8d:XcucSz5tsDE_Mo2-f2blCp7hbvwakCCDMOF5vAa0ulA','2025-08-30 11:19:23.126351'),('wrzjk1g29pokuv59dxnfzxi7jd3d8y8c','eyJVc2VyX0lkIjoxNTMsIlVzZXJfVHlwZSI6InVzZXIiLCJfc2Vzc2lvbl9leHBpcnkiOjg2NDAwfQ:1vLIaF:1_3HEenFvu-OzJobnjglApTmL3yWH-q54ZS1c4dQJwA','2025-11-19 10:05:11.269678'),('wrzzgl6dt94gha30hsevdbnbmobnlq4y','eyJVc2VyX0lkIjoxMDksIlVzZXJfVHlwZSI6InVzZXIiLCJfc2Vzc2lvbl9leHBpcnkiOjg2NDAwfQ:1vG921:zxEJ-EPO8KYqPSm4Q69tDn1ThvLrt3hNxQ5bOd2dzvk','2025-11-05 04:52:33.922180'),('ws9jyzuak34j6o73ortdk6ysiqnbj4kc','eyJVc2VyX0lkIjoxMjcsIlVzZXJfVHlwZSI6InVzZXIiLCJfc2Vzc2lvbl9leHBpcnkiOjg2NDAwfQ:1vHJax:wr7sL3Yg1QHlmUCSN3SPc3JcrpFqCbroL2ACXektAgQ','2025-11-08 10:21:27.896563'),('wsej1kpc0g6qz6r026gbq5sbyff92yvw','eyJVc2VyX0lkIjo1MywiVXNlcl9UeXBlIjoidXNlciIsIl9zZXNzaW9uX2V4cGlyeSI6ODY0MDB9:1v1M5J:80Kom6bLae1YSDt0Z62MHETiAjRojdZZOMWTvA5cSNg','2025-09-25 09:46:49.529378'),('wurowcz0y8irx2elnonuqy5mishx742g','eyJVc2VyX0lkIjoxMjYsIlVzZXJfVHlwZSI6InVzZXIiLCJfc2Vzc2lvbl9leHBpcnkiOjg2NDAwfQ:1vE4xU:pTmMvw0HDcR9Zx9sOBMBmCpx3ADUpk7keYSzcx5ElyY','2025-10-30 12:07:20.257650'),('wv7jx610es00tmpiocjotyftfnidtt29','eyJVc2VyX0lkIjozNiwiVXNlcl9UeXBlIjoidXNlciIsIl9zZXNzaW9uX2V4cGlyeSI6ODY0MDB9:1uuRS4:5v69zZD_zvfo4HnuSK5RG6CdJa2gQkaYT73qKe0H9yk','2025-09-06 08:05:44.480916'),('wzzi7ogiulagnnzahvrvw7r8me2z18u8','eyJVc2VyX0lkIjoxMTIsIlVzZXJfVHlwZSI6InVzZXIiLCJfc2Vzc2lvbl9leHBpcnkiOjg2NDAwfQ:1vJruH:2vu0IhSlQ5JLvrqQey3XKIE6tWZg81EocEk4uNU5_pY','2025-11-15 11:23:57.527002'),('x0mevs3utym8brxz2y50kpddke504790','eyJVc2VyX0lkIjo2NiwiVXNlcl9UeXBlIjoidXNlciIsIl9zZXNzaW9uX2V4cGlyeSI6ODY0MDB9:1v1Mm2:bJxAlFn3hvaV12WgFumnBMyaoNgJcG2infQf6J8wH-U','2025-09-25 10:30:58.270044'),('x26isqjsiaiqv1cbkzisvlr96x2whnm6','eyJVc2VyX0lkIjoxNzgsIlVzZXJfVHlwZSI6InVzZXIiLCJfc2Vzc2lvbl9leHBpcnkiOjg2NDAwfQ:1vOYKF:AZGIGUmToYU2haVYL0YEL25Wd6OqWPN7CVnHC3eDA6A','2025-11-28 09:30:07.556663'),('x44d8gae2x2ulcjs5abjkzovuy8seepc','eyJVc2VyX0lkIjo2MiwiVXNlcl9UeXBlIjoidXNlciIsIl9zZXNzaW9uX2V4cGlyeSI6ODY0MDB9:1vGybe:BKPNmJYjQJV_I1ro7CmqFNiaZSbCJ2tbkxS3EIXu9R8','2025-11-07 11:56:46.143058'),('x5fdricwf57g1inqlklqo5w4jromotmt','eyJVc2VyX0lkIjo3MiwiVXNlcl9UeXBlIjoidXNlciIsIl9zZXNzaW9uX2V4cGlyeSI6ODY0MDB9:1uu93m:JK8Zy5m9BJ1ddE0-7T_vOL5JSUNnor_GPLnQZkT7Dck','2025-09-05 12:27:26.181029'),('x64qsjsx4fmzdjatv6saiajlt0bos1k4','eyJVc2VyX0lkIjo2NSwiVXNlcl9UeXBlIjoidXNlciIsIl9zZXNzaW9uX2V4cGlyeSI6ODY0MDB9:1uvWSv:uAkmkfQ87114KQrs4KDrpK2x4yiG0YGXW_MkVW8-U8M','2025-09-09 07:39:05.021746'),('x65jv4qgn7k15vkhtiipxwrxx9z9p263','eyJVc2VyX0lkIjo1OCwiVXNlcl9UeXBlIjoidXNlciIsIl9zZXNzaW9uX2V4cGlyeSI6ODY0MDB9:1ut260:BpWBUSVDQlnJ4ecuumVpiGHPizlNiaGhyBmkYAtUfcs','2025-09-02 10:49:08.441052'),('x6g14sfnwqim4f0iiwdu1ru3y0klfwb6','eyJVc2VyX0lkIjoxODIsIlVzZXJfVHlwZSI6InVzZXIiLCJfc2Vzc2lvbl9leHBpcnkiOjg2NDAwfQ:1vOYvq:B8acJO8Xhc38QaxaDGTbKCPcZ3jb-sCj2poPVKaJwtE','2025-11-28 10:08:58.620661'),('x7u3tn15gcg54mhiysk1yr8hmh0e4q8r','eyJVc2VyX0lkIjoxNjMsIlVzZXJfVHlwZSI6InVzZXIiLCJfc2Vzc2lvbl9leHBpcnkiOjg2NDAwfQ:1vLfdR:U377dL_gXA3pYE15DFh2wH6g2HsHNWh4ixJLjUQr3vQ','2025-11-20 10:42:01.466769'),('x9ydywilaptznkoxz9h59ftuajc3pkqn','eyJVc2VyX0lkIjoxMjYsIlVzZXJfVHlwZSI6InVzZXIiLCJfc2Vzc2lvbl9leHBpcnkiOjg2NDAwfQ:1vGbsE:W9kSFXlmRsYp3Zx8Seb6qJxcy6zvPEjjk8270sel61U','2025-11-06 11:40:22.160219'),('xa0hsvpxu5tr76hlpov0c4s3umrxaaje','eyJVc2VyX0lkIjo1OCwiVXNlcl9UeXBlIjoidXNlciIsIl9zZXNzaW9uX2V4cGlyeSI6ODY0MDB9:1v1LmW:gdXjXE3DcSXlh_wqSnb_DpPkLEeZNDfR5CyiV3WKy4U','2025-09-25 09:27:24.285398'),('xb8762q1q7b5t7qgttnd8b4jypb3zsd2','eyJVc2VyX0lkIjoxMTYsIlVzZXJfVHlwZSI6InVzZXIiLCJfc2Vzc2lvbl9leHBpcnkiOjg2NDAwfQ:1vDGwx:1I5NdJr-ber1waW3XdruLOWTBwjq3Nr0EMfGUiv6-Uk','2025-10-28 06:43:27.860692'),('xddjeeq3hevkf9ap2qmqlk963b0zi837','eyJVc2VyX0lkIjoxOTQsIlVzZXJfVHlwZSI6InVzZXIiLCJfc2Vzc2lvbl9leHBpcnkiOjg2NDAwfQ:1vQl4n:2DVQAttLPi1wAwqg0zYdL_nfaSg9oI6dERB4mqqjIQI','2025-12-04 11:31:17.042069'),('xeyntjqvtdqiuxyus8dg1nulqq0f5tr3','eyJVc2VyX0lkIjoxMjYsIlVzZXJfVHlwZSI6InVzZXIiLCJfc2Vzc2lvbl9leHBpcnkiOjg2NDAwfQ:1vJTTk:-BqF2oPq9J67n91RjzE5Lf1aSM0nBRuoGnGgQk41ylg','2025-11-14 09:18:56.759438'),('xgz8yrh3zvt9ie4f842ormbv7946v0vu','eyJVc2VyX0lkIjoxMTYsIlVzZXJfVHlwZSI6InVzZXIiLCJfc2Vzc2lvbl9leHBpcnkiOjg2NDAwfQ:1vFmew:sdHW3OM6o2rdUznow5ddJaN2UcVrEHuxtbEtDMytGU8','2025-11-04 04:59:14.158142'),('xh1k46qw6nclo0i67h27x27utd8dz1jv','eyJVc2VyX0lkIjoxMTYsIlVzZXJfVHlwZSI6InVzZXIiLCJfc2Vzc2lvbl9leHBpcnkiOjg2NDAwfQ:1vBsKl:8FxK7Lep7hEBf056dvm4E2vMSAP4LeFuwcpbJ_3yNVk','2025-10-24 10:14:15.556981'),('xhkew9wmvknt174g7al40p8jejq4smuv','eyJVc2VyX0lkIjoxOTIsIlVzZXJfVHlwZSI6InVzZXIiLCJfc2Vzc2lvbl9leHBpcnkiOjg2NDAwfQ:1vQgPm:XySwt1htb6B3aR5431DCd_V-jNqP5XYuzhxn-Q81vTM','2025-12-04 06:32:38.970243'),('xhve4vfn6eh5ycd5muekqpad63hcdgdj','eyJVc2VyX0lkIjoxMDgsIlVzZXJfVHlwZSI6InVzZXIiLCJfc2Vzc2lvbl9leHBpcnkiOjg2NDAwfQ:1vEoB5:q_gyHpU39pqZzm7DNeLdkcyZJqVRxEQ1ZRYJnyA5_v8','2025-11-01 12:24:23.908828'),('xi8b5h8maznfhc744yip20sacqgvdp00','eyJVc2VyX0lkIjoxMzEsIlVzZXJfVHlwZSI6InVzZXIiLCJfc2Vzc2lvbl9leHBpcnkiOjg2NDAwfQ:1vJUZq:mKIztdyKxjqSoEC2WsFAOdvmSak-mGhxFkAgvSGDWA4','2025-11-14 10:29:18.234821'),('xj8p2jstp5q2v6l5ygdjavdkqaeycbac','eyJVc2VyX0lkIjoxOCwiVXNlcl9UeXBlIjoidXNlciIsIl9zZXNzaW9uX2V4cGlyeSI6ODY0MDB9:1urvOb:aQmSb9CyQkm7L03jH4qmQR8sT0uM5llizTfOU-sbYGE','2025-08-30 09:27:45.607441'),('xk28zoy7im9gwjeggk7t2vbabu26g00l','eyJVc2VyX0lkIjoxOTMsIlVzZXJfVHlwZSI6InVzZXIiLCJfc2Vzc2lvbl9leHBpcnkiOjg2NDAwfQ:1vROKZ:2vv277gTHyLJsJMRcgB1Yona8-M-LBXRkoIJUPYHU2E','2025-12-06 05:26:11.661078'),('xl9l52zrlvg69pww7lp33wbrk7w7kpnf','eyJVc2VyX0lkIjoxMjYsIlVzZXJfVHlwZSI6InVzZXIiLCJfc2Vzc2lvbl9leHBpcnkiOjg2NDAwfQ:1vHJir:LXOKvJ2fnXr1ycP2zcFgUm3YmonNGAGWHK7sWec96zI','2025-11-08 10:29:37.562665'),('xmc52s4tnudcphoy25552kvtxpg923h4','eyJVc2VyX0lkIjoxMzIsIlVzZXJfVHlwZSI6InVzZXIiLCJfc2Vzc2lvbl9leHBpcnkiOjg2NDAwfQ:1vJRL4:dCFG7rTOTPijbeXgLTgHP_r2gUOV8LAZ27sF7qTYNyE','2025-11-14 07:01:50.774019'),('xp23ka2exlkiwx2d4slb9jm70zhlq94s','eyJVc2VyX0lkIjo2NiwiVXNlcl9UeXBlIjoidXNlciIsIl9zZXNzaW9uX2V4cGlyeSI6ODY0MDB9:1uvUjG:YX-F6Dotlcwjt6UQHc72Q_9FxhjibYbvRd2Lu_Q0Xhs','2025-09-09 05:47:50.987361'),('xpaco902qp2ckr0c8cn1holyg0i3yebg','eyJVc2VyX0lkIjoxMzEsIlVzZXJfVHlwZSI6InVzZXIiLCJfc2Vzc2lvbl9leHBpcnkiOjg2NDAwfQ:1vJqCW:LLY8E93Az7fAuKW1FX7nfRsUYm1HW5kkkWNDRNT6EQM','2025-11-15 09:34:40.548185'),('xpegovsj5cbcvem48kdqjpzluo5q2gwy','eyJVc2VyX0lkIjoxMDksIlVzZXJfVHlwZSI6InVzZXIiLCJfc2Vzc2lvbl9leHBpcnkiOjg2NDAwfQ:1vEQWr:3xeeJ1gvP3PvAfvZ8CkrOcKVCt7yBfq3XPMXgldpZgQ','2025-10-31 11:09:17.688832'),('xpertugje2gcz9z3ee0sjht7u3guc91n','eyJVc2VyX0lkIjoxMDksIlVzZXJfVHlwZSI6InVzZXIiLCJfc2Vzc2lvbl9leHBpcnkiOjg2NDAwfQ:1vDFwy:cXVkddo-fJlf05pCh2wK4jR9sYHo8UdiyAFp2-ev2ig','2025-10-28 05:39:24.980342'),('xra225pz6gj1abzi4iwr7hhw6520jjey','eyJVc2VyX0lkIjoxMDgsIlVzZXJfVHlwZSI6InVzZXIiLCJfc2Vzc2lvbl9leHBpcnkiOjg2NDAwfQ:1vEjKY:0elzz85t27b8LnI4JdlcI5AAQgu0aDMrPirGzanJClw','2025-11-01 07:13:50.206942'),('xrxs8nwiqjq57bagkhyjt00jnwr4lb4k','eyJVc2VyX0lkIjoxNjMsIlVzZXJfVHlwZSI6InVzZXIiLCJfc2Vzc2lvbl9leHBpcnkiOjg2NDAwfQ:1vO9xb:6J81LR6nXWyjjr1zcSLQQmtPcAwnGQbEB9VxDU1aSgM','2025-11-27 07:29:07.446531'),('xt65hmamkzu0zqtqvlg5cewebmuqmje1','eyJVc2VyX0lkIjoxNjAsIlVzZXJfVHlwZSI6InVzZXIiLCJfc2Vzc2lvbl9leHBpcnkiOjg2NDAwfQ:1vOsyE:jG_hX0TBmXNPEUL-Tdnz9954AYqm1O27fVJRCQm3p54','2025-11-29 07:32:46.710317'),('xtzbcd0jfqgdq8ej6hdmsl2u8ur46t87','eyJVc2VyX0lkIjoxMTMsIlVzZXJfVHlwZSI6InVzZXIiLCJfc2Vzc2lvbl9leHBpcnkiOjg2NDAwfQ:1vHL9F:BAQc3EDDqmowRjhvnqTHXaCIMe0Vqiy6k0bijRguBzE','2025-11-08 12:00:57.590263'),('xu1twiwf7db2yzh9j7qbynsn4ewj8wjc','eyJVc2VyX0lkIjo5NiwiVXNlcl9UeXBlIjoidXNlciIsIl9zZXNzaW9uX2V4cGlyeSI6ODY0MDB9:1v5i36:PeLnMeQtvyzY9s4D-1Tskqxo0vU2-tC4OHrn2Y-9XKo','2025-10-07 10:02:32.749880'),('xuekkyj9g4ab3bdzgiww711l6s8u3y4t','eyJVc2VyX0lkIjoxNSwiVXNlcl9UeXBlIjoidXNlciIsIl9zZXNzaW9uX2V4cGlyeSI6ODY0MDB9:1v3Aey:cfvqQguemsv_j43BVEtTSw6DLlEO0YlqEGwvUZalD7I','2025-09-30 09:59:08.417587'),('xw5v9uik82q8mee203h7y4foka8qjvll','eyJVc2VyX0lkIjo1OSwiVXNlcl9UeXBlIjoidXNlciIsIl9zZXNzaW9uX2V4cGlyeSI6ODY0MDB9:1vDeqZ:XhmRCnOVwKrqvc13VqRgp3PTFDEAHoUrTmAt8N_vgJk','2025-10-29 08:14:27.232779'),('xyi3xqld4na3mmy9hub3k5t9ekkvw2aa','eyJVc2VyX0lkIjo4NiwiVXNlcl9UeXBlIjoidXNlciIsIl9zZXNzaW9uX2V4cGlyeSI6ODY0MDB9:1urvJZ:CkO1scBOlgmGH_95T6kTiA5kpnOYwHGqri_ZJy22NE0','2025-08-30 09:22:33.582075'),('xz8ayt53nkhuls1g5y12534tji6oiet3','eyJVc2VyX0lkIjoxMjYsIlVzZXJfVHlwZSI6InVzZXIiLCJfc2Vzc2lvbl9leHBpcnkiOjg2NDAwfQ:1vJRks:BeUbCvSIbBd0qgNkI3oAcAMieT4rb0YzmwQEoo6ZRhM','2025-11-14 07:28:30.007057'),('y01umzstqjosr8m3i6xswjv6i0cjil6t','eyJVc2VyX0lkIjoxMzEsIlVzZXJfVHlwZSI6InVzZXIiLCJfc2Vzc2lvbl9leHBpcnkiOjg2NDAwfQ:1vKsaq:KX0q5w_rOLXI6inT00_kB0Xxg50Nf60OdGH3aXCimYM','2025-11-18 06:20:04.082667'),('y1p6r4jwdms0wb9kcltht1jarzfseweq','eyJVc2VyX0lkIjoxNywiVXNlcl9UeXBlIjoidXNlciIsIl9zZXNzaW9uX2V4cGlyeSI6ODY0MDB9:1v1Lmr:Ulad2MY_AfOSFyJfrJpZf2QqgyKqGVB1U9Jk2vqpTF8','2025-09-25 09:27:45.044284'),('y22vaakupgly3krqcrcaqc8f0wwgs6me','eyJVc2VyX0lkIjoxMjQsIlVzZXJfVHlwZSI6InVzZXIiLCJfc2Vzc2lvbl9leHBpcnkiOjg2NDAwfQ:1vJsXy:IUNnhQDCHbB82LE0QHwkK049k8e1-utXYFjZtyGljhs','2025-11-15 12:04:58.546036'),('y2aixci0t6lpqlg63xbzak35t571l93e','eyJVc2VyX0lkIjoxMjMsIlVzZXJfVHlwZSI6InVzZXIiLCJfc2Vzc2lvbl9leHBpcnkiOjg2NDAwfQ:1vFvjL:y6oSsD57Yo6HtARBp7NVN96198nKH-8KGg2LwJ1mld4','2025-11-04 14:40:23.485477'),('y40hhjtet1imcdswjn6xweckoga4a9b8','eyJVc2VyX0lkIjoxNCwiVXNlcl9UeXBlIjoidXNlciIsIl9zZXNzaW9uX2V4cGlyeSI6ODY0MDB9:1v1LM1:pvuTvAMjZOgwClDruVEmBlbuMeg4lKgEM-_rMwUPQII','2025-09-25 09:00:01.565156'),('y69l8wio6jz0j3q8ujjmv8c8c5hietn9','eyJVc2VyX0lkIjoxNCwiVXNlcl9UeXBlIjoidXNlciIsIl9zZXNzaW9uX2V4cGlyeSI6ODY0MDB9:1v1L3R:eWdvuUrazj5zruERGF_Jv0jXMJJW0MgSPCrLvsftNpA','2025-09-25 08:40:49.655620'),('y756rbrzr4khh2h6yt0n8u022bohjk8d','eyJVc2VyX0lkIjoxMzIsIlVzZXJfVHlwZSI6InVzZXIiLCJfc2Vzc2lvbl9leHBpcnkiOjg2NDAwfQ:1vGx7h:F1-_cdUbV-wU6JsXimajr1NrF889y-Gx5FYGlKn3e9s','2025-11-07 10:21:45.063216'),('y7l1zuebr3rgpdvrdwexj8hfrkkbit2i','eyJVc2VyX0lkIjoyNCwiVXNlcl9UeXBlIjoidXNlciIsIl9zZXNzaW9uX2V4cGlyeSI6ODY0MDB9:1v0etb:31BIK8gTtdmvOnyhVoQArH-BSRfsPXKev5ogJufvw0I','2025-09-23 11:39:51.845568'),('y7lzbxlju1btgnyuhri4utbxvs0edhft','eyJVc2VyX0lkIjoxNjYsIlVzZXJfVHlwZSI6InVzZXIiLCJfc2Vzc2lvbl9leHBpcnkiOjg2NDAwfQ:1vM1oh:YvLFyGERRmTZGvJyUFWVxdPNSqv_eIywkoT-utWvNAI','2025-11-21 10:23:07.090255'),('y7ux1b59rqren1uquf3oh7np53k7f4t4','eyJVc2VyX0lkIjoxOTcsIlVzZXJfVHlwZSI6InVzZXIiLCJfc2Vzc2lvbl9leHBpcnkiOjg2NDAwfQ:1vTCFo:gteFMrwX1J7WjuFeEViyKjwFF-cS2A7axSLFsgMVDrc','2025-12-11 04:56:44.663075'),('y825nc53h36v5pqa5kzkrkhftctdbd4a','eyJVc2VyX0lkIjoxMzMsIlVzZXJfVHlwZSI6InVzZXIiLCJfc2Vzc2lvbl9leHBpcnkiOjg2NDAwfQ:1vImKj:wnOaHGME_30KBBy34m6op1c7tmqMYEmgzuUU_SHzZOk','2025-11-12 11:14:45.105339'),('ya2w779p8jt3tbf3b9rlkjcq1byfdp57','eyJVc2VyX0lkIjoyMywiVXNlcl9UeXBlIjoidXNlciIsIl9zZXNzaW9uX2V4cGlyeSI6ODY0MDB9:1uwDUR:q1lnuFZ_cwJOAst8710BBcnlC0-2-kGMi7sOxL1tly4','2025-09-11 05:35:31.067277'),('ya4c5dovpgzuhz5xzevxl44nkzm14xez','eyJVc2VyX0lkIjo2NiwiVXNlcl9UeXBlIjoidXNlciIsIl9zZXNzaW9uX2V4cGlyeSI6ODY0MDB9:1uu8qe:_ygkEkCP50wTo28bkKf4RX_VhZZFhkmQz3YMfm3hnTs','2025-09-05 12:13:52.566858'),('yc2rrs313v3cgowye0l728o52odo4obf','eyJVc2VyX0lkIjoyMDEsIlVzZXJfVHlwZSI6InVzZXIiLCJfc2Vzc2lvbl9leHBpcnkiOjg2NDAwfQ:1vSY3d:B9TERYSLMiedYmkVCHu388NrD9IRJhVTsbIUVX7uNDU','2025-12-09 10:01:29.314283'),('ycls1b41bcw96ug87wn3wemp4lwbfbg8','eyJVc2VyX0lkIjoxMDgsIlVzZXJfVHlwZSI6InVzZXIiLCJfc2Vzc2lvbl9leHBpcnkiOjg2NDAwfQ:1vK9Jz:I6Y5r_b-lJovg7-eXiziOoVpLtcRCy1XFIjU6jS3idI','2025-11-16 05:59:39.783345'),('yfdltchnvj4zz36bq09gy85q06wt35eg','eyJVc2VyX0lkIjoxMjcsIlVzZXJfVHlwZSI6InVzZXIiLCJfc2Vzc2lvbl9leHBpcnkiOjg2NDAwfQ:1vGFIi:MnuXG5dj_65Aa-7F3CF40NNHkvtIr3wWLvl3EKU4bGI','2025-11-05 11:34:12.410763'),('yfyhjd3lrqjkqz5fvw9rqvtnt0pd12nr','eyJVc2VyX0lkIjo2MSwiVXNlcl9UeXBlIjoidXNlciIsIl9zZXNzaW9uX2V4cGlyeSI6ODY0MDB9:1v7CKf:XG5s8jQm7fWkqXpvp3orwOjQo-moTpVELZBT1pzjxOc','2025-10-11 12:34:49.371383'),('ygawnm8bfar7n7p6voysf0qfjtnhay4f','eyJVc2VyX0lkIjoxMzEsIlVzZXJfVHlwZSI6InVzZXIiLCJfc2Vzc2lvbl9leHBpcnkiOjg2NDAwfQ:1vDzz5:tdTZ-dsORKO2wLmUXgLFz8ounMCLhOCTjsPHcaXcfo4','2025-10-30 06:48:39.689961'),('ygyxmd8kbxpliqqhwm4y17x0i8ntwpt5','eyJVc2VyX0lkIjoyMywiVXNlcl9UeXBlIjoidXNlciIsIl9zZXNzaW9uX2V4cGlyeSI6ODY0MDB9:1v3U2N:On3B9Kmlym0i6QyHrWwVc6hrvqAWH2mqaniOdbwSVfc','2025-10-01 06:40:35.293727'),('yh8cx2cyxsrimacchzegrpusfe40h8dg','eyJVc2VyX0lkIjoxNjcsIlVzZXJfVHlwZSI6InVzZXIiLCJfc2Vzc2lvbl9leHBpcnkiOjg2NDAwfQ:1vOB8W:e8YlstVnIRlpl18eCmcIUOACYdM5nZe60LVES3EQagY','2025-11-27 08:44:28.720659'),('yhhxi0enn00rmpnq7joplpg1oksg45rq','eyJVc2VyX0lkIjo5MSwiVXNlcl9UeXBlIjoidXNlciIsIl9zZXNzaW9uX2V4cGlyeSI6ODY0MDB9:1urvOn:CRp9D5Vk-RLkVPmF6h6pDrykEcAyUmc5ds5KCUICbjo','2025-08-30 09:27:57.892273'),('yk3eguhj3buceyhkctypkkztear9k1kj','eyJVc2VyX0lkIjoxMzEsIlVzZXJfVHlwZSI6InVzZXIiLCJfc2Vzc2lvbl9leHBpcnkiOjg2NDAwfQ:1vJR8T:Et-iX0D-oYccI2Lzk6ArGtP34HEQnP96m2mymucjjok','2025-11-14 06:48:49.415326'),('ylaj5fooezvqujjt46dtf5r8ly1cjwbv','eyJVc2VyX0lkIjo2NiwiVXNlcl9UeXBlIjoidXNlciIsIl9zZXNzaW9uX2V4cGlyeSI6ODY0MDB9:1v0f4V:HRvT0WKsgSZoksLrSY7ZXsyyO6mJzmUu5Gp7SBNv1mM','2025-09-23 11:51:07.540842'),('ylclojcjgnzs9wtuym9qa0dqma2rpdak','e30:1vXzXy:J49WtCSE7wh-3kaNhB9zihNw6bO-brZc2XhxLp9yzEk','2025-12-24 10:23:18.442309'),('ylk7h1zthiedtw5krs9hk4p9tpef5vh5','eyJVc2VyX0lkIjo2NiwiVXNlcl9UeXBlIjoidXNlciIsIl9zZXNzaW9uX2V4cGlyeSI6ODY0MDB9:1uvZ1M:c-T6BLXS7XQ5hvRilJY0HX9b1nnk8ezOuCLv1oeWt3I','2025-09-09 10:22:48.885857'),('yn0yaqoph0qmkywb1030jcdecdvnlcb8','eyJVc2VyX0lkIjo1MywiVXNlcl9UeXBlIjoidXNlciIsIl9zZXNzaW9uX2V4cGlyeSI6ODY0MDB9:1utjyj:zsDBmls3q75LnqkoTQ0_LhM4PKbbPTDtn_rBQVYwuK0','2025-09-04 09:40:33.537389'),('yozo7365nxcjmio7ep1y2uictc9ac3f3','eyJVc2VyX0lkIjo2NSwiVXNlcl9UeXBlIjoidXNlciIsIl9zZXNzaW9uX2V4cGlyeSI6ODY0MDB9:1v7AGE:RFF9NmtSsfoBUqkxeJ888MmF6I1OyRRX6mBEykGElm4','2025-10-11 10:22:06.701493'),('yqbt9kf4un2y0k6ilq0lbc36ds3fx67a','e30:1vXzXy:J49WtCSE7wh-3kaNhB9zihNw6bO-brZc2XhxLp9yzEk','2025-12-24 10:23:18.457810'),('yrexgytvjfgs7j4f78wubzvywcifgvnx','eyJVc2VyX0lkIjoxMzMsIlVzZXJfVHlwZSI6InVzZXIiLCJfc2Vzc2lvbl9leHBpcnkiOjg2NDAwfQ:1vImvO:nv_BvKH8NDf8H1Qb8bblSnozk9V5gGoiG5tfQAtrEPA','2025-11-12 11:52:38.789140'),('yscxmi72wla6jvycxbkot40hxgucxyl6','eyJVc2VyX0lkIjoxOTcsIlVzZXJfVHlwZSI6InVzZXIiLCJfc2Vzc2lvbl9leHBpcnkiOjg2NDAwfQ:1vSTkx:S3NT3Rbf3eVlfYNmKZyPcZ91webu5oMbDHYkFj-tTfc','2025-12-09 05:25:55.148770'),('yu89p4r1r3lmb6zhmcklv6r74ydbpvpt','eyJVc2VyX0lkIjo2NiwiVXNlcl9UeXBlIjoidXNlciIsIl9zZXNzaW9uX2V4cGlyeSI6ODY0MDB9:1urqxv:vXofBz62CKjxPg4uW-uk9DZZKiqu91NFAouegBuu7v8','2025-08-30 04:43:55.447622'),('yud45x2fyqc3s7o0tg3zpemcexwv8ai7','eyJVc2VyX0lkIjo1MywiVXNlcl9UeXBlIjoidXNlciIsIl9zZXNzaW9uX2V4cGlyeSI6ODY0MDB9:1utiSD:VhP_cs2SFHbUvMnpObNlh8Px76iifKQlZ0I-xk1VPZY','2025-09-04 08:02:53.671887'),('yuvbz1ovrjf7u2f5di78ad2w81abbxxb','eyJVc2VyX0lkIjoxMjYsIlVzZXJfVHlwZSI6InVzZXIiLCJfc2Vzc2lvbl9leHBpcnkiOjg2NDAwfQ:1vJQJi:fDBmSY80mIJoA8zqz58HB2iAhAujOjBMQJ7Nq2lyzkY','2025-11-14 05:56:22.794375'),('ywz9l9xd928itl6l3r4djufje9p13ir1','eyJVc2VyX0lkIjo4MSwiVXNlcl9UeXBlIjoidXNlciIsIl9zZXNzaW9uX2V4cGlyeSI6ODY0MDB9:1urs0T:y5II46dvq51tvxzL8e7eSNb-ScVU3SoeHTgpWN2iFB4','2025-08-30 05:50:37.259838'),('yxn8rro3kvc6mthuccj5fhv1zawv6thx','eyJVc2VyX0lkIjoxNCwiVXNlcl9UeXBlIjoidXNlciIsIl9zZXNzaW9uX2V4cGlyeSI6ODY0MDB9:1ury8I:QQnvAGrupZUPAG4IUJqCnqvhxBjDOU_wcQezD674uLc','2025-08-30 12:23:06.845991'),('yycekt49tbs8ussdavd6z9794omq14sq','eyJVc2VyX0lkIjoxNjcsIlVzZXJfVHlwZSI6InVzZXIiLCJfc2Vzc2lvbl9leHBpcnkiOjg2NDAwfQ:1vMN8V:YDyVo16iJyX3kjmt6soWc_prMurDUWK5AgGMj8fSRMU','2025-11-22 09:08:59.592980'),('yzx90wu9eqjjdcjzzhcu4r0iasxss2lr','eyJVc2VyX0lkIjoxNjYsIlVzZXJfVHlwZSI6InVzZXIiLCJfc2Vzc2lvbl9leHBpcnkiOjg2NDAwfQ:1vOZz7:da1PRe0iIzI8Uo8-Hok4bYz3WCknMj0vuK-03GJlbUY','2025-11-28 11:16:25.083966'),('z22ofjd7rr0ur022uplxjr0u35g84mjb','e30:1urqi6:cS5hx7UkK4I5ygFRq8ExJKXjWZOMIzCpFp6X22tJWJs','2025-08-30 04:27:34.250949'),('z2rj5hca6p7y5oog53echqdnj1z580n8','eyJVc2VyX0lkIjoxNjEsIlVzZXJfVHlwZSI6InVzZXIiLCJfc2Vzc2lvbl9leHBpcnkiOjg2NDAwfQ:1vOWdW:qdx8FEmgYnPOYT4brh6fQ1TNJfofj2Q0Run4BF0WOT8','2025-11-28 07:41:54.608986'),('z2yzcul7g0jhfaattvsjbqdzkr396w9j','eyJVc2VyX0lkIjoyMywiVXNlcl9UeXBlIjoidXNlciIsIl9zZXNzaW9uX2V4cGlyeSI6ODY0MDB9:1usH11:2EV7_78VbuF4uprigBC9p6SETP519T1MkvltpSawdv4','2025-08-31 08:32:51.823318'),('z32znmpvaawtsnqt7i2hj8qcrlzrsgn1','eyJVc2VyX0lkIjoxMjQsIlVzZXJfVHlwZSI6InVzZXIiLCJfc2Vzc2lvbl9leHBpcnkiOjg2NDAwfQ:1vElfz:FVuSwZsn-qFkHVDE8rg-7-0FWnlGycmHiHlR78SSs2w','2025-11-01 09:44:07.534037'),('z49u21iyj1ui1s2thpnfyxs1coq7k9tu','eyJVc2VyX0lkIjoxNCwiVXNlcl9UeXBlIjoidXNlciIsIl9zZXNzaW9uX2V4cGlyeSI6ODY0MDB9:1vKwNP:nzp5dQL6QEaNzYiOztlUs0GyGc8caEA_-d890SKK1W0','2025-11-18 10:22:27.029888'),('z4wjyun3wm97nhkf0w2r5cqaza8c8jcg','eyJVc2VyX0lkIjo3MywiVXNlcl9UeXBlIjoidXNlciIsIl9zZXNzaW9uX2V4cGlyeSI6ODY0MDB9:1urvhY:VZ2Vxcx807gNY3X0CYKkjEk1XR4gDlCYUpoI0Ye7AaE','2025-08-30 09:47:20.351757'),('z56by7ehoa96uxizdjc8chum2x7sez5i','eyJVc2VyX0lkIjo2NSwiVXNlcl9UeXBlIjoidXNlciIsIl9zZXNzaW9uX2V4cGlyeSI6ODY0MDB9:1uySWc:BKdEt_zO5QzgP9OR3wWWHhv41ywDlQx5k-tOj3jLbJU','2025-09-17 10:03:02.187531'),('z5wifcgqgh2k1mv22hnzsxi4j6gxjdcq','eyJVc2VyX0lkIjoxNSwiVXNlcl9UeXBlIjoidXNlciIsIl9zZXNzaW9uX2V4cGlyeSI6ODY0MDB9:1uva4T:1CzaKY1OXirHWPaa9fSHLCT1yIZ6EkFryK13OK70vZg','2025-09-09 11:30:05.253980'),('z7c67oiv4n8i9ieaa5pfbomavvsij767','eyJVc2VyX0lkIjo3OCwiVXNlcl9UeXBlIjoidXNlciIsIl9zZXNzaW9uX2V4cGlyeSI6ODY0MDB9:1ursP9:RTUwVORD2NhlS9TmxQMMXBrePpRe-beJR6iQJQt5XN4','2025-08-30 06:16:07.758890'),('z87d34swkr7zc9xkrvd0r650o3t4j6y6','eyJVc2VyX0lkIjoxMzEsIlVzZXJfVHlwZSI6InVzZXIiLCJfc2Vzc2lvbl9leHBpcnkiOjg2NDAwfQ:1vIkzH:ipr5n0mFtAuHHq_0Eh4C0EC-CEBbxFwMs2QKrQimzy4','2025-11-12 09:48:31.338855'),('zasrgda5d72qtlm1dearkbae6rirhaxm','eyJVc2VyX0lkIjoxMzMsIlVzZXJfVHlwZSI6InVzZXIiLCJfc2Vzc2lvbl9leHBpcnkiOjg2NDAwfQ:1vGyGZ:D4MtIJza8LIPQdn6Php91Jl4hwA1EXZnpVZI7d9_LlE','2025-11-07 11:34:59.192208'),('zdwo2phlt6tguxgnfos4e2j8f4hse2nf','e30:1vY1Fb:Y3ekuYD29tKDQX_BsU4NPpZb0alqv1xESbllXZ-2MVQ','2025-12-24 12:12:27.054009'),('zegxdevqkhok1aqvkml0x8sg5oxxr0s0','eyJVc2VyX0lkIjoxMTIsIlVzZXJfVHlwZSI6InVzZXIiLCJfc2Vzc2lvbl9leHBpcnkiOjg2NDAwfQ:1vCFf8:y5E2RRy8MoFOQMZURJB62rjWQwb7U4RrtISLCiu89lE','2025-10-25 11:08:50.012175'),('zf2fk9xqxf6iopz4y3909bg8c6n4gcm9','eyJVc2VyX0lkIjoyMywiVXNlcl9UeXBlIjoidXNlciIsIl9zZXNzaW9uX2V4cGlyeSI6ODY0MDB9:1urt4z:Qm7VkBALqTWmGIFn7XVZynglt9lXvBIjABjoExIluvc','2025-08-30 06:59:21.842355'),('zf4tcbt3u4bf47iybu0uarynm8a8nrgb','eyJVc2VyX0lkIjo5NywiVXNlcl9UeXBlIjoidXNlciIsIl9zZXNzaW9uX2V4cGlyeSI6ODY0MDB9:1v615U:RIbgZMDkYUrLaFJcPVKIoDMzUQQ-ZvMXDgTLZc2CfiU','2025-10-08 06:22:16.085981'),('zfa5r9a2y1zgngscqbnbgd293ka4eq7r','eyJVc2VyX0lkIjoxMzEsIlVzZXJfVHlwZSI6InVzZXIiLCJfc2Vzc2lvbl9leHBpcnkiOjg2NDAwfQ:1vIi57:EHHozgwvYd-TDYuHiCdKL0oSWVEO4bTzMkc2Ya9MW1o','2025-11-12 06:42:21.374279'),('zfo79tgl0h8tfupg9hcbtg8f7q503k7t','eyJVc2VyX0lkIjoyMDUsIlVzZXJfVHlwZSI6InVzZXIiLCJfc2Vzc2lvbl9leHBpcnkiOjg2NDAwfQ:1vWVSU:EsF2KUvCGTnfP81mXDtHxslk9KGdOq2CIqvPPqCt7TA','2025-12-20 08:03:30.909903'),('zfxfjek9h0avbg4nlui1i3zb6m50phn0','eyJVc2VyX0lkIjoyMDAsIlVzZXJfVHlwZSI6InVzZXIiLCJfc2Vzc2lvbl9leHBpcnkiOjg2NDAwfQ:1vSsE8:mHrfqSrqQk9xkNfkTD-9cVoZeH_LKLBteV_c_RZw4_I','2025-12-10 07:33:40.412400'),('zgju0ave7t6m22b2xuoprx5elahk5fnl','eyJVc2VyX0lkIjo2NSwiVXNlcl9UeXBlIjoidXNlciIsIl9zZXNzaW9uX2V4cGlyeSI6ODY0MDB9:1utJBI:LT2Cfl-gEZVbOMSQKQLPlwMmKpUobmdiypAlsUCZyXs','2025-09-03 05:03:44.121974'),('zisjtm3orq349sqflu7lfjvgye5y7j2f','e30:1urdML:uTSNbImzWsmACJXyFFRrgRrVzrVss92lKnjFAIoEZuE','2025-08-29 14:12:13.473956'),('zj6cv1td69njdocttxzq0cza3nltoq84','eyJVc2VyX0lkIjo2MiwiVXNlcl9UeXBlIjoidXNlciIsIl9zZXNzaW9uX2V4cGlyeSI6ODY0MDB9:1v1IOG:bX7NsX_lmg3tazvdoozylAZK5qkPyAQTDKhIYx3Swdw','2025-09-25 05:50:08.332348'),('zjedc3ad8qyk8ld4ze0chjhydig2obuf','eyJVc2VyX0lkIjoyMDUsIlVzZXJfVHlwZSI6InVzZXIiLCJfc2Vzc2lvbl9leHBpcnkiOjg2NDAwfQ:1vWpEU:1gkkQj8BfECVNT4wXavK3ay5UM3TWq6t_67ePcJbPTg','2025-12-21 05:10:22.315259'),('zjfwmz6mgu90hk01nolyjdflunoacxgz','eyJVc2VyX0lkIjoyNCwiVXNlcl9UeXBlIjoidXNlciIsIl9zZXNzaW9uX2V4cGlyeSI6ODY0MDB9:1v0wLX:ih53yYtRl2Q2OBS1hnFzSFbXgJLC4JSVab288RPPHwA','2025-09-24 06:17:51.023408'),('zl4e8bmd1gdg7stinwt1b35fs4xsqmfk','eyJVc2VyX0lkIjoyMDcsIlVzZXJfVHlwZSI6InVzZXIiLCJfc2Vzc2lvbl9leHBpcnkiOjg2NDAwfQ:1vWAJR:WsVfDW0N1idxtNRWlJ9fasgvn7QnSiwQN1Wf2zb8oVk','2025-12-19 09:28:45.301608'),('zlcs95p2z4l464saxyj50nnfvf3308i4','eyJVc2VyX0lkIjoxOTYsIlVzZXJfVHlwZSI6InVzZXIiLCJfc2Vzc2lvbl9leHBpcnkiOjg2NDAwfQ:1vR1zn:BASWQCke43oAhVkHdqbwlulhb_31Ftu78wSKDm58USI','2025-12-05 05:35:15.317413'),('zlkbk341rpwb1c0rjofxo39n3saasar1','eyJVc2VyX0lkIjo1MywiVXNlcl9UeXBlIjoidXNlciIsIl9zZXNzaW9uX2V4cGlyeSI6ODY0MDB9:1uvWiE:qRoWXJnhfgNFgNTeTnr36y7tPHJ7aAipTdAktbY_-VQ','2025-09-09 07:54:54.493773'),('zn8vateim93uka7tfk525bcfezjvzz0f','eyJVc2VyX0lkIjo4NywiVXNlcl9UeXBlIjoidXNlciIsIl9zZXNzaW9uX2V4cGlyeSI6ODY0MDB9:1utLkU:8errDkVy8aFpL69HXTlhJZmuPNnQet7c1L7t5Hq_6G0','2025-09-03 07:48:14.617631'),('znoiqlokror9b1q751vmn2d8kqrk254v','eyJVc2VyX0lkIjo1OCwiVXNlcl9UeXBlIjoidXNlciIsIl9zZXNzaW9uX2V4cGlyeSI6ODY0MDB9:1v1LFF:6ily4VOgFPNvY8gtGeLqwvcbvSFxZutJjrquaE0Vgs4','2025-09-25 08:53:01.764083'),('zoc3185e5w03cx017j3emfj8rlli2caw','eyJVc2VyX0lkIjoyMjQsIlVzZXJfVHlwZSI6InVzZXIiLCJfc2Vzc2lvbl9leHBpcnkiOjg2NDAwfQ:1vXaiq:PCeqk5EiosAzVIQuDgAuBQkZVmDqiSiVkDg3OgWyy9s','2025-12-23 07:52:52.588190'),('zoqx4yn446v218x7elnobc33vt42fbuz','eyJVc2VyX0lkIjoxOTIsIlVzZXJfVHlwZSI6InVzZXIiLCJfc2Vzc2lvbl9leHBpcnkiOjg2NDAwfQ:1vQgUC:J21e4bwuozHylUbtaQ7nZfAUeGSVOFDN47cmaLeufLc','2025-12-04 06:37:12.624961'),('zov1hee86absl5lc2eavkdjk2cjv7p8l','eyJVc2VyX0lkIjoxNTAsIlVzZXJfVHlwZSI6InVzZXIiLCJfc2Vzc2lvbl9leHBpcnkiOjg2NDAwfQ:1vKFYM:yQHaueBLzbRoPuuQ9oq16WFNC1RdkZQ4wJekCN45Yh8','2025-11-16 12:38:54.095082'),('zrk7nwcukc1mlmhuu0vgq1mac29mo1ak','eyJVc2VyX0lkIjo2MiwiVXNlcl9UeXBlIjoidXNlciIsIl9zZXNzaW9uX2V4cGlyeSI6ODY0MDB9:1v926t:D2uopCc1JLVJmV_t28swzrIT1zNv5bil4LiGxWb05Y4','2025-10-16 14:04:11.487141'),('zs3zvg9w2bmsfsmmln4ytptg8h7qanqk','eyJVc2VyX0lkIjoxMjQsIlVzZXJfVHlwZSI6InVzZXIiLCJfc2Vzc2lvbl9leHBpcnkiOjg2NDAwfQ:1vDyeN:XOvTUdjUCObdqaL7y_f56mVQy9BnqMLszsbRzyyGob0','2025-10-30 05:23:11.581189'),('zs5pe5hlmloqcwxjz7fx7jqq69b0i2yb','eyJVc2VyX0lkIjoyMywiVXNlcl9UeXBlIjoidXNlciIsIl9zZXNzaW9uX2V4cGlyeSI6ODY0MDB9:1v61JN:Cjbn1Ae2HQYVf-vTh16b88M_WJvcPjUM7_oPo576AiI','2025-10-08 06:36:37.286611'),('zt134zk7xxp43rgu5cdxuw7o1oeu5za7','eyJVc2VyX0lkIjoxOTMsIlVzZXJfVHlwZSI6InVzZXIiLCJfc2Vzc2lvbl9leHBpcnkiOjg2NDAwfQ:1vR283:sCNA2oudHwYPDr1qa2bf9c1ZrEfhhmHL2MKKF7EMRek','2025-12-05 05:43:47.706735'),('zu70k6wq16hjnhxcsmmexdt4j7knuyj5','eyJVc2VyX0lkIjoxMjMsIlVzZXJfVHlwZSI6InVzZXIiLCJfc2Vzc2lvbl9leHBpcnkiOjg2NDAwfQ:1vELnz:jA_S2yPY_qf3rTf1ZWFLXUTs6RRAljV6yLzJxXaz8Ps','2025-10-31 06:06:39.183901'),('zuc6ugi1kd7l86bt6twffenrgxr59lks','eyJVc2VyX0lkIjoxMjQsIlVzZXJfVHlwZSI6InVzZXIiLCJfc2Vzc2lvbl9leHBpcnkiOjg2NDAwfQ:1vHFFB:1KAMFRDmxiF4V_f24yf43O2vqCmeiigFz4kNYRFKwi8','2025-11-08 05:42:41.081662'),('zvslrtjf2kttuwsprn65pqhk1d64jmd4','eyJVc2VyX0lkIjo2MSwiVXNlcl9UeXBlIjoidXNlciIsIl9zZXNzaW9uX2V4cGlyeSI6ODY0MDB9:1v614C:eJHVqum9HdFSqKMzjpDflBe6IMnX1zcF2QL2Nq9dBF8','2025-10-08 06:20:56.032815'),('zvw3xe30cc4qfcvx3fq9knajjyf7xcnl','eyJVc2VyX0lkIjo1OCwiVXNlcl9UeXBlIjoidXNlciIsIl9zZXNzaW9uX2V4cGlyeSI6ODY0MDB9:1ursG2:rA6l-_1YkppPjMRBs7OUlv1tmLONSwN3vvH11X6oKj8','2025-08-30 06:06:42.263215'),('zwdabw9ns5r8peoaytxfjjkvkqb4262h','eyJVc2VyX0lkIjoxMzEsIlVzZXJfVHlwZSI6InVzZXIiLCJfc2Vzc2lvbl9leHBpcnkiOjg2NDAwfQ:1vHFWu:srWNotGfdMWZSjmy0LGredSFrJr3JY31kro6GGcp4YQ','2025-11-08 06:01:00.254614'),('zwfpz1i15bu4ifk7k2okcgzmrv27c44v','eyJVc2VyX0lkIjoxNzIsIlVzZXJfVHlwZSI6InVzZXIiLCJfc2Vzc2lvbl9leHBpcnkiOjg2NDAwfQ:1vNUm5:_H9Ivh2f7P-DZySfKOoILCFRI_ZEOJfiZmm6WKYFM0c','2025-11-25 11:30:29.178645'),('zwl54kb8hijvenlc0ydophs7mbhipg6w','eyJVc2VyX0lkIjoxMDksIlVzZXJfVHlwZSI6InVzZXIiLCJfc2Vzc2lvbl9leHBpcnkiOjg2NDAwfQ:1vCWpx:pv9Mgcpg6BLGDaeRdB_K-_cw4iqEoKwfxzxSaE73a-o','2025-10-26 05:29:09.226088'),('zwsvtazfyel3dtj9pb0t6x407wfl57sp','eyJVc2VyX0lkIjoxMTIsIlVzZXJfVHlwZSI6InVzZXIiLCJfc2Vzc2lvbl9leHBpcnkiOjg2NDAwfQ:1vGF4L:q0GDvowhIDNVh0Imqtisj7R0wM72wENmRObCj1Q6AKs','2025-11-05 11:19:21.393878'),('zx2ugiql3ndg2eqsc83plh0vs1m22hlh','eyJVc2VyX0lkIjoxNzEsIlVzZXJfVHlwZSI6InVzZXIiLCJfc2Vzc2lvbl9leHBpcnkiOjg2NDAwfQ:1vLxh9:l-SVYGKJiUrERu-zPsfXq0NI-SZM3ovZXUyG-fxDr1g','2025-11-21 05:59:03.916106'),('zxa45cqk84vwvd0b8igkswmxgyb2c2kv','eyJVc2VyX0lkIjo0NiwiVXNlcl9UeXBlIjoidXNlciIsIl9zZXNzaW9uX2V4cGlyeSI6ODY0MDB9:1urs0q:z0Lc31Rjv-YNp36R4thnqvPEMd-QoSDW5IFzsRChN-w','2025-08-30 05:51:00.367058'),('zxhio2hh0uliscmp2345pc4hh67xs5xf','eyJVc2VyX0lkIjozOSwiVXNlcl9UeXBlIjoidXNlciIsIl9zZXNzaW9uX2V4cGlyeSI6ODY0MDB9:1urvJS:337OJfjvfRnHlDcPrgu3Bd45j1Jes_k429Lvkng_fTA','2025-08-30 09:22:26.728773'),('zy4wuy0tasiq8yg9z02p5t4d3ix41xvl','eyJVc2VyX0lkIjoxMzEsIlVzZXJfVHlwZSI6InVzZXIiLCJfc2Vzc2lvbl9leHBpcnkiOjg2NDAwfQ:1vJQJC:IDP7GF80gTvL-BM23G6TYpsKkK3ypjk1Ut65hUld33Q','2025-11-14 05:55:50.854251');
/*!40000 ALTER TABLE `django_session` ENABLE KEYS */;
UNLOCK TABLES;

--
-- Table structure for table `recording_metadata`
--

DROP TABLE IF EXISTS `recording_metadata`;
/*!40101 SET @saved_cs_client     = @@character_set_client */;
/*!50503 SET character_set_client = utf8mb4 */;
CREATE TABLE `recording_metadata` (
  `id` int NOT NULL AUTO_INCREMENT,
  `meeting_id` char(36) NOT NULL,
  `filename` varchar(255) NOT NULL,
  `file_path` varchar(500) NOT NULL,
  `file_size` bigint DEFAULT '0',
  `duration` int DEFAULT '0',
  `recording_type` varchar(50) DEFAULT 'livekit',
  `status` varchar(50) DEFAULT 'processing',
  `egress_id` varchar(100) DEFAULT NULL,
  `start_time` datetime DEFAULT NULL,
  `end_time` datetime DEFAULT NULL,
  `upload_time` datetime DEFAULT NULL,
  `created_at` datetime DEFAULT CURRENT_TIMESTAMP,
  `updated_at` datetime DEFAULT CURRENT_TIMESTAMP ON UPDATE CURRENT_TIMESTAMP,
  PRIMARY KEY (`id`),
  KEY `idx_meeting_id` (`meeting_id`),
  KEY `idx_status` (`status`),
  KEY `idx_recording_type` (`recording_type`)
) ENGINE=InnoDB DEFAULT CHARSET=utf8mb4 COLLATE=utf8mb4_0900_ai_ci;
/*!40101 SET character_set_client = @saved_cs_client */;

--
-- Dumping data for table `recording_metadata`
--

LOCK TABLES `recording_metadata` WRITE;
/*!40000 ALTER TABLE `recording_metadata` DISABLE KEYS */;
/*!40000 ALTER TABLE `recording_metadata` ENABLE KEYS */;
UNLOCK TABLES;

--
-- Table structure for table `tbl_Attendance_Sessions`
--

DROP TABLE IF EXISTS `tbl_Attendance_Sessions`;
/*!40101 SET @saved_cs_client     = @@character_set_client */;
/*!50503 SET character_set_client = utf8mb4 */;
CREATE TABLE `tbl_Attendance_Sessions` (
  `id` int NOT NULL AUTO_INCREMENT,
  `Meeting_ID` varchar(20) NOT NULL,
  `User_ID` varchar(100) NOT NULL,
  `popup_count` int DEFAULT '0',
  `detection_counts` text,
  `violation_start_times` text,
  `total_detections` int DEFAULT '0',
  `attendance_penalty` float DEFAULT '0',
  `session_active` tinyint(1) DEFAULT '0',
  `break_used` tinyint(1) DEFAULT '0',
  `violations` text,
  `session_start_time` datetime DEFAULT CURRENT_TIMESTAMP,
  `last_activity` datetime DEFAULT CURRENT_TIMESTAMP,
  `frame_processing_count` int DEFAULT '0',
  `engagement_score` int DEFAULT '0',
  `attendance_percentage` decimal(5,2) DEFAULT '100.00',
  `created_at` datetime DEFAULT CURRENT_TIMESTAMP,
  `updated_at` datetime DEFAULT CURRENT_TIMESTAMP ON UPDATE CURRENT_TIMESTAMP,
  `break_count` int DEFAULT '0',
  `break_sessions` longtext NOT NULL DEFAULT (_utf8mb4'[]'),
  `current_break_start_time` double DEFAULT NULL,
  `is_currently_on_break` tinyint(1) DEFAULT '0',
  `last_break_calculation` double DEFAULT '0',
  `max_break_time_allowed` int DEFAULT '300',
  `total_break_time_used` int DEFAULT '0',
  `last_face_movement_time` double DEFAULT '0',
  `inactivity_popup_shown` tinyint(1) DEFAULT '0',
  `last_popup_time` double DEFAULT '0',
  `total_session_time` int DEFAULT '0',
  `active_participation_time` int DEFAULT '0',
  `violation_severity_score` double DEFAULT '0',
  `last_violation_type` varchar(50) DEFAULT '',
  `continuous_violation_time` int DEFAULT '0',
  `focus_score` decimal(5,2) DEFAULT '100.00',
  `identity_warning_count` int DEFAULT '0' COMMENT 'Number of identity verification warnings (0-3)',
  `identity_consecutive_unknown_seconds` int DEFAULT '0' COMMENT 'Consecutive seconds of unknown person detection',
  `identity_total_unknown_seconds` int DEFAULT '0' COMMENT 'Total seconds of unknown person detection in session',
  `identity_is_removed` tinyint(1) DEFAULT '0' COMMENT 'Whether user was removed due to identity verification failure',
  `identity_removal_time` datetime DEFAULT NULL COMMENT 'Timestamp when user was removed due to identity failure',
  `identity_can_rejoin` tinyint(1) DEFAULT '1' COMMENT 'Whether user can rejoin after identity removal',
  `identity_warnings` text COMMENT 'JSON array of identity warning events with timestamps',
  `identity_last_check_time` double DEFAULT '0' COMMENT 'Unix timestamp of last identity verification check',
  `identity_removal_count` int NOT NULL DEFAULT '0' COMMENT 'Number of times removed from meeting due to identity verification failure',
  `identity_total_warnings_issued` int NOT NULL DEFAULT '0' COMMENT 'Total identity warnings issued across all sessions (cumulative: 1,2,3,4,5...)',
  `identity_current_cycle_warnings` int NOT NULL DEFAULT '0' COMMENT 'Identity warnings in current cycle (resets to 0 after removal, shows as 0-3)',
  `behavior_removal_count` int NOT NULL DEFAULT '0' COMMENT 'Number of times removed from meeting due to 2-minute continuous behavior violations',
  `continuous_violation_removal_count` int NOT NULL DEFAULT '0',
  PRIMARY KEY (`id`),
  KEY `idx_meeting_id` (`Meeting_ID`),
  KEY `idx_user_id` (`User_ID`),
  KEY `idx_session_active` (`session_active`),
  KEY `idx_created_at` (`created_at`)
) ENGINE=InnoDB AUTO_INCREMENT=5901 DEFAULT CHARSET=utf8mb4 COLLATE=utf8mb4_0900_ai_ci;
/*!40101 SET character_set_client = @saved_cs_client */;

--
-- Dumping data for table `tbl_Attendance_Sessions`
--

LOCK TABLES `tbl_Attendance_Sessions` WRITE;
/*!40000 ALTER TABLE `tbl_Attendance_Sessions` DISABLE KEYS */;
INSERT INTO `tbl_Attendance_Sessions` VALUES (5883,'08do-7euy-480','205',0,'{\"detection_counts\": 0, \"warning_count\": 0, \"is_removed_from_meeting\": false, \"removal_timestamp\": null, \"removal_reason\": \"\", \"continuous_violation_start_time\": null, \"last_detection_time\": 1766482659.6830297, \"detection_penalty_applied\": false, \"warning_phase_complete\": false, \"camera_resume_expected\": false, \"camera_resume_deadline\": null, \"camera_confirmation_token\": null, \"camera_verified_at\": 1766482679.6830297, \"grace_period_active\": false, \"grace_period_until\": null, \"total_detection_penalty\": 0.0, \"detection_batches_completed\": 0}','{}',0,0,1,0,'{\"warnings\": [], \"detections\": [], \"continuous_removals\": []}','2025-12-23 09:20:07','2025-12-23 09:20:44',0,100,100.00,'2025-12-23 09:20:07','2025-12-23 09:38:00',0,'[]',NULL,0,0,300,0,1766482679.6830297,0,0,36,0,0,'',0,100.00,0,0,0,0,NULL,1,'[]',1766482679.6830297,0,0,0,0,0),(5884,'08do-7euy-480','206',0,'{\"detection_counts\": 0, \"warning_count\": 0, \"is_removed_from_meeting\": false, \"removal_timestamp\": null, \"removal_reason\": \"\", \"continuous_violation_start_time\": null, \"last_detection_time\": 1766482676.1174176, \"detection_penalty_applied\": false, \"warning_phase_complete\": false, \"camera_resume_expected\": false, \"camera_resume_deadline\": null, \"camera_confirmation_token\": null, \"camera_verified_at\": 1766482696.1174176, \"grace_period_active\": false, \"grace_period_until\": null, \"total_detection_penalty\": 0.0, \"detection_batches_completed\": 0}','{}',0,0,1,0,'{\"warnings\": [], \"detections\": [], \"continuous_removals\": []}','2025-12-23 09:20:20','2025-12-23 09:21:38',0,100,100.00,'2025-12-23 09:20:20','2025-12-23 09:38:16',0,'[]',NULL,0,0,300,0,1766482696.1174176,0,0,77,0,0,'',0,100.00,0,0,0,0,NULL,1,'[]',1766482696.1174176,0,0,0,0,0),(5885,'xw0g-r0x5-hwk','205',0,'{\"detection_counts\": 0, \"warning_count\": 0, \"is_removed_from_meeting\": false, \"removal_timestamp\": null, \"removal_reason\": \"\", \"continuous_violation_start_time\": null, \"last_detection_time\": 0.0, \"detection_penalty_applied\": false, \"warning_phase_complete\": false, \"camera_resume_expected\": false, \"camera_resume_deadline\": null, \"camera_confirmation_token\": null, \"camera_verified_at\": 1766481789.1776237, \"grace_period_active\": false, \"grace_period_until\": null, \"total_detection_penalty\": 0.0, \"detection_batches_completed\": 0}','{}',0,0,1,0,'{\"warnings\": [], \"detections\": [], \"continuous_removals\": []}','2025-12-23 09:23:09','2025-12-23 09:23:09',0,100,100.00,'2025-12-23 09:23:09','2025-12-23 09:23:09',0,'[]',NULL,0,0,300,0,1766481789.1776237,0,0,0,0,0,'',0,100.00,0,0,0,0,NULL,1,'[]',1766481789.1776237,0,0,0,0,0),(5886,'hh0a-3eph-517','205',0,'{\"detection_counts\": 0, \"warning_count\": 0, \"is_removed_from_meeting\": false, \"removal_timestamp\": null, \"removal_reason\": \"\", \"continuous_violation_start_time\": null, \"last_detection_time\": 0.0, \"detection_penalty_applied\": false, \"warning_phase_complete\": false, \"camera_resume_expected\": false, \"camera_resume_deadline\": null, \"camera_confirmation_token\": null, \"camera_verified_at\": 1766481867.331746, \"grace_period_active\": false, \"grace_period_until\": null, \"total_detection_penalty\": 0.0, \"detection_batches_completed\": 0}','{}',0,0,1,0,'{\"warnings\": [], \"detections\": [], \"continuous_removals\": []}','2025-12-23 09:24:27','2025-12-23 09:24:27',0,100,100.00,'2025-12-23 09:24:27','2025-12-23 09:24:27',0,'[]',NULL,0,0,300,0,1766481867.331746,0,0,0,0,0,'',0,100.00,0,0,0,0,NULL,1,'[]',1766481867.331746,0,0,0,0,0),(5887,'l9np-qgcf-6dq','205',0,'{\"detection_counts\": 0, \"warning_count\": 0, \"is_removed_from_meeting\": false, \"removal_timestamp\": null, \"removal_reason\": \"\", \"continuous_violation_start_time\": null, \"last_detection_time\": 0.0, \"detection_penalty_applied\": false, \"warning_phase_complete\": false, \"camera_resume_expected\": false, \"camera_resume_deadline\": null, \"camera_confirmation_token\": null, \"camera_verified_at\": 1766482097.5394073, \"grace_period_active\": false, \"grace_period_until\": null, \"total_detection_penalty\": 0.0, \"detection_batches_completed\": 0}','{}',0,0,1,0,'{\"warnings\": [], \"detections\": [], \"continuous_removals\": []}','2025-12-23 09:28:18','2025-12-23 09:28:18',0,100,100.00,'2025-12-23 09:28:18','2025-12-23 09:28:18',0,'[]',NULL,0,0,300,0,1766482097.5394073,0,0,0,0,0,'',0,100.00,0,0,0,0,NULL,1,'[]',1766482097.5394073,0,0,0,0,0),(5888,'l9np-qgcf-6dq','206',0,'{\"detection_counts\": 0, \"warning_count\": 0, \"is_removed_from_meeting\": false, \"removal_timestamp\": null, \"removal_reason\": \"\", \"continuous_violation_start_time\": null, \"last_detection_time\": 0.0, \"detection_penalty_applied\": false, \"warning_phase_complete\": false, \"camera_resume_expected\": false, \"camera_resume_deadline\": null, \"camera_confirmation_token\": null, \"camera_verified_at\": 1766482114.5373917, \"grace_period_active\": false, \"grace_period_until\": null, \"total_detection_penalty\": 0.0, \"detection_batches_completed\": 0}','{}',0,0,1,0,'{\"warnings\": [], \"detections\": [], \"continuous_removals\": []}','2025-12-23 09:28:35','2025-12-23 09:28:35',0,100,100.00,'2025-12-23 09:28:35','2025-12-23 09:28:35',0,'[]',NULL,0,0,300,0,1766482114.5373917,0,0,0,0,0,'',0,100.00,0,0,0,0,NULL,1,'[]',1766482114.5373917,0,0,0,0,0),(5889,'x0h0-9ts2-5s0','215',0,'{\"detection_counts\": 0, \"warning_count\": 0, \"is_removed_from_meeting\": false, \"removal_timestamp\": null, \"removal_reason\": \"\", \"continuous_violation_start_time\": null, \"last_detection_time\": 1766485710.2029738, \"detection_penalty_applied\": false, \"warning_phase_complete\": false, \"camera_resume_expected\": false, \"camera_resume_deadline\": null, \"camera_confirmation_token\": null, \"camera_verified_at\": 1766485730.2029738, \"grace_period_active\": false, \"grace_period_until\": null, \"total_detection_penalty\": 0.0, \"detection_batches_completed\": 0}','{}',0,0,1,0,'{\"warnings\": [], \"detections\": [], \"continuous_removals\": []}','2025-12-23 10:23:32','2025-12-23 10:23:32',0,100,100.00,'2025-12-23 10:23:32','2025-12-23 10:28:50',0,'[]',NULL,0,0,300,0,1766485730.2029738,0,0,0,0,0,'',0,100.00,0,0,0,0,NULL,1,'[]',1766485730.2029738,0,0,0,0,0),(5890,'bi8i-8uzh-k40','215',0,'{\"detection_counts\": 0, \"warning_count\": 0, \"is_removed_from_meeting\": false, \"removal_timestamp\": null, \"removal_reason\": \"\", \"continuous_violation_start_time\": null, \"last_detection_time\": 0.0, \"detection_penalty_applied\": false, \"warning_phase_complete\": false, \"camera_resume_expected\": false, \"camera_resume_deadline\": null, \"camera_confirmation_token\": null, \"camera_verified_at\": 1766485789.618463, \"grace_period_active\": false, \"grace_period_until\": null, \"total_detection_penalty\": 0.0, \"detection_batches_completed\": 0}','{}',0,0,1,0,'{\"warnings\": [], \"detections\": [], \"continuous_removals\": []}','2025-12-23 10:29:50','2025-12-23 10:29:50',0,100,100.00,'2025-12-23 10:29:50','2025-12-23 10:29:50',0,'[]',NULL,0,0,300,0,1766485789.618463,0,0,0,0,0,'',0,100.00,0,0,0,0,NULL,1,'[]',1766485789.618463,0,0,0,0,0),(5891,'bi8i-8uzh-k40','206',0,'{\"detection_counts\": 0, \"warning_count\": 0, \"is_removed_from_meeting\": false, \"removal_timestamp\": null, \"removal_reason\": \"\", \"continuous_violation_start_time\": null, \"last_detection_time\": 1766485851.3435853, \"detection_penalty_applied\": false, \"warning_phase_complete\": false, \"camera_resume_expected\": false, \"camera_resume_deadline\": null, \"camera_confirmation_token\": null, \"camera_verified_at\": 1766485871.3435853, \"grace_period_active\": false, \"grace_period_until\": null, \"total_detection_penalty\": 0.0, \"detection_batches_completed\": 0}','{}',0,0,1,0,'{\"warnings\": [], \"detections\": [], \"continuous_removals\": []}','2025-12-23 10:30:06','2025-12-23 10:30:54',0,100,100.00,'2025-12-23 10:30:06','2025-12-23 10:31:11',0,'[]',NULL,0,0,300,0,1766485871.3435853,0,0,48,0,0,'',0,100.00,0,0,0,0,NULL,1,'[]',1766485871.3435853,0,0,0,0,0),(5892,'pxrb-qeur-sv3','207',0,'{\"detection_counts\": 0, \"warning_count\": 0, \"is_removed_from_meeting\": false, \"removal_timestamp\": null, \"removal_reason\": \"\", \"continuous_violation_start_time\": null, \"last_detection_time\": 1766489484.1606429, \"detection_penalty_applied\": false, \"warning_phase_complete\": false, \"camera_resume_expected\": false, \"camera_resume_deadline\": null, \"camera_confirmation_token\": null, \"camera_verified_at\": 1766489504.1606429, \"grace_period_active\": false, \"grace_period_until\": null, \"total_detection_penalty\": 0.0, \"detection_batches_completed\": 0}','{}',0,0,1,0,'{\"warnings\": [], \"detections\": [], \"continuous_removals\": []}','2025-12-23 11:09:19','2025-12-23 11:09:19',0,100,100.00,'2025-12-23 11:09:19','2025-12-23 11:31:44',0,'[]',NULL,0,0,300,0,1766489504.1606429,0,0,0,0,0,'',0,100.00,0,0,0,0,NULL,1,'[]',1766489504.1606429,0,0,0,0,0),(5893,'pxrb-qeur-sv3','206',0,'{\"detection_counts\": 0, \"warning_count\": 0, \"is_removed_from_meeting\": false, \"removal_timestamp\": null, \"removal_reason\": \"\", \"continuous_violation_start_time\": null, \"last_detection_time\": 1766489524.037707, \"detection_penalty_applied\": false, \"warning_phase_complete\": false, \"camera_resume_expected\": false, \"camera_resume_deadline\": null, \"camera_confirmation_token\": null, \"camera_verified_at\": 1766489544.037707, \"grace_period_active\": false, \"grace_period_until\": null, \"total_detection_penalty\": 0.0, \"detection_batches_completed\": 0}','{}',0,0,1,0,'{\"warnings\": [], \"detections\": [], \"continuous_removals\": []}','2025-12-23 11:10:03','2025-12-23 11:10:22',0,100,100.00,'2025-12-23 11:10:03','2025-12-23 11:32:24',0,'[]',NULL,0,0,300,0,1766489544.037707,0,0,19,0,0,'',0,100.00,0,0,0,0,NULL,1,'[]',1766489544.037707,0,0,0,0,0),(5894,'pxrb-qeur-sv3','208',0,'{\"detection_counts\": 0, \"warning_count\": 0, \"is_removed_from_meeting\": false, \"removal_timestamp\": null, \"removal_reason\": \"\", \"continuous_violation_start_time\": null, \"last_detection_time\": 0.0, \"detection_penalty_applied\": false, \"warning_phase_complete\": false, \"camera_resume_expected\": false, \"camera_resume_deadline\": null, \"camera_confirmation_token\": null, \"camera_verified_at\": 1766489914.897844, \"grace_period_active\": false, \"grace_period_until\": null, \"total_detection_penalty\": 0.0, \"detection_batches_completed\": 0}','{}',0,0,1,0,'{\"warnings\": [], \"detections\": [], \"continuous_removals\": []}','2025-12-23 11:38:35','2025-12-23 11:38:35',0,100,100.00,'2025-12-23 11:38:35','2025-12-23 11:38:35',0,'[]',NULL,0,0,300,0,1766489914.897844,0,0,0,0,0,'',0,100.00,0,0,0,0,NULL,1,'[]',1766489914.897844,0,0,0,0,0),(5895,'pxrb-qeur-sv3','227',0,'{\"detection_counts\": 0, \"warning_count\": 0, \"is_removed_from_meeting\": false, \"removal_timestamp\": null, \"removal_reason\": \"\", \"continuous_violation_start_time\": null, \"last_detection_time\": 0.0, \"detection_penalty_applied\": false, \"warning_phase_complete\": false, \"camera_resume_expected\": false, \"camera_resume_deadline\": null, \"camera_confirmation_token\": null, \"camera_verified_at\": 1766490416.2441387, \"grace_period_active\": false, \"grace_period_until\": null, \"total_detection_penalty\": 0.0, \"detection_batches_completed\": 0}','{}',0,0,1,0,'{\"warnings\": [], \"detections\": [], \"continuous_removals\": []}','2025-12-23 11:46:56','2025-12-23 11:46:56',0,100,100.00,'2025-12-23 11:46:56','2025-12-23 11:46:56',0,'[]',NULL,0,0,300,0,1766490416.2441387,0,0,0,0,0,'',0,100.00,0,0,0,0,NULL,1,'[]',1766490416.2441387,0,0,0,0,0),(5896,'643u-1zp7-ai7','205',0,'{\"detection_counts\": 0, \"warning_count\": 0, \"is_removed_from_meeting\": false, \"removal_timestamp\": null, \"removal_reason\": \"\", \"continuous_violation_start_time\": null, \"last_detection_time\": 0.0, \"detection_penalty_applied\": false, \"warning_phase_complete\": false, \"camera_resume_expected\": false, \"camera_resume_deadline\": null, \"camera_confirmation_token\": null, \"camera_verified_at\": 1766567321.689052, \"grace_period_active\": false, \"grace_period_until\": null, \"total_detection_penalty\": 0.0, \"detection_batches_completed\": 0}','{}',0,0,1,0,'{\"warnings\": [], \"detections\": [], \"continuous_removals\": []}','2025-12-24 09:08:42','2025-12-24 09:08:42',0,100,100.00,'2025-12-24 09:08:42','2025-12-24 09:08:42',0,'[]',NULL,0,0,300,0,1766567321.689052,0,0,0,0,0,'',0,100.00,0,0,0,0,NULL,1,'[]',1766567321.689052,0,0,0,0,0),(5897,'643u-1zp7-ai7','206',0,'{\"detection_counts\": 0, \"warning_count\": 0, \"is_removed_from_meeting\": false, \"removal_timestamp\": null, \"removal_reason\": \"\", \"continuous_violation_start_time\": null, \"last_detection_time\": 0.0, \"detection_penalty_applied\": false, \"warning_phase_complete\": false, \"camera_resume_expected\": false, \"camera_resume_deadline\": null, \"camera_confirmation_token\": null, \"camera_verified_at\": 1766567344.168875, \"grace_period_active\": false, \"grace_period_until\": null, \"total_detection_penalty\": 0.0, \"detection_batches_completed\": 0}','{}',0,0,1,0,'{\"warnings\": [], \"detections\": [], \"continuous_removals\": []}','2025-12-24 09:09:04','2025-12-24 09:09:04',0,100,100.00,'2025-12-24 09:09:04','2025-12-24 09:09:04',0,'[]',NULL,0,0,300,0,1766567344.168875,0,0,0,0,0,'',0,100.00,0,0,0,0,NULL,1,'[]',1766567344.168875,0,0,0,0,0),(5898,'4j4t-tgpk-3ju','205',0,'{\"detection_counts\": 0, \"warning_count\": 0, \"is_removed_from_meeting\": false, \"removal_timestamp\": null, \"removal_reason\": \"\", \"continuous_violation_start_time\": null, \"last_detection_time\": 0.0, \"detection_penalty_applied\": false, \"warning_phase_complete\": false, \"camera_resume_expected\": false, \"camera_resume_deadline\": null, \"camera_confirmation_token\": null, \"camera_verified_at\": 1766568093.8124347, \"grace_period_active\": false, \"grace_period_until\": null, \"total_detection_penalty\": 0.0, \"detection_batches_completed\": 0}','{}',0,0,1,0,'{\"warnings\": [], \"detections\": [], \"continuous_removals\": []}','2025-12-24 09:21:34','2025-12-24 09:21:34',0,100,100.00,'2025-12-24 09:21:34','2025-12-24 09:21:34',0,'[]',NULL,0,0,300,0,1766568093.8124347,0,0,0,0,0,'',0,100.00,0,0,0,0,NULL,1,'[]',1766568093.8124347,0,0,0,0,0),(5899,'4j4t-tgpk-3ju','206',0,'{\"detection_counts\": 0, \"warning_count\": 0, \"is_removed_from_meeting\": false, \"removal_timestamp\": null, \"removal_reason\": \"\", \"continuous_violation_start_time\": null, \"last_detection_time\": 0.0, \"detection_penalty_applied\": false, \"warning_phase_complete\": false, \"camera_resume_expected\": false, \"camera_resume_deadline\": null, \"camera_confirmation_token\": null, \"camera_verified_at\": 1766568139.8379989, \"grace_period_active\": false, \"grace_period_until\": null, \"total_detection_penalty\": 0.0, \"detection_batches_completed\": 0}','{}',0,0,1,0,'{\"warnings\": [], \"detections\": [], \"continuous_removals\": []}','2025-12-24 09:22:20','2025-12-24 09:22:20',0,100,100.00,'2025-12-24 09:22:20','2025-12-24 09:22:20',0,'[]',NULL,0,0,300,0,1766568139.8379989,0,0,0,0,0,'',0,100.00,0,0,0,0,NULL,1,'[]',1766568139.8379989,0,0,0,0,0),(5900,'jchs-pb59-oxh','205',0,'{\"detection_counts\": 0, \"warning_count\": 0, \"is_removed_from_meeting\": false, \"removal_timestamp\": null, \"removal_reason\": \"\", \"continuous_violation_start_time\": null, \"last_detection_time\": 0.0, \"detection_penalty_applied\": false, \"warning_phase_complete\": false, \"camera_resume_expected\": false, \"camera_resume_deadline\": null, \"camera_confirmation_token\": null, \"camera_verified_at\": 1766569069.405865, \"grace_period_active\": false, \"grace_period_until\": null, \"total_detection_penalty\": 0.0, \"detection_batches_completed\": 0}','{}',0,0,1,0,'{\"warnings\": [], \"detections\": [], \"continuous_removals\": []}','2025-12-24 09:37:49','2025-12-24 09:37:49',0,100,100.00,'2025-12-24 09:37:49','2025-12-24 09:37:49',0,'[]',NULL,0,0,300,0,1766569069.405865,0,0,0,0,0,'',0,100.00,0,0,0,0,NULL,1,'[]',1766569069.405865,0,0,0,0,0);
/*!40000 ALTER TABLE `tbl_Attendance_Sessions` ENABLE KEYS */;
UNLOCK TABLES;

--
-- Table structure for table `tbl_CalendarMeetings`
--

DROP TABLE IF EXISTS `tbl_CalendarMeetings`;
/*!40101 SET @saved_cs_client     = @@character_set_client */;
/*!50503 SET character_set_client = utf8mb4 */;
CREATE TABLE `tbl_CalendarMeetings` (
  `ID` varchar(20) NOT NULL,
  `Host_ID` int DEFAULT NULL,
  `title` varchar(255) DEFAULT NULL,
  `startTime` datetime DEFAULT NULL,
  `endTime` datetime DEFAULT NULL,
  `duration` int DEFAULT NULL,
  `email` text,
  `guestEmails` text,
  `provider` varchar(50) DEFAULT NULL,
  `meetingUrl` varchar(512) DEFAULT NULL,
  `location` varchar(255) DEFAULT NULL,
  `attendees` text,
  `reminderMinutes` text,
  `Settings_CreateCalendarEvent` tinyint(1) DEFAULT '0',
  `Settings_SendInvitations` tinyint(1) DEFAULT '0',
  `Settings_SetReminders` tinyint(1) DEFAULT '0',
  `Settings_AddMeetingLink` tinyint(1) DEFAULT '0',
  `CreatedAt` datetime DEFAULT CURRENT_TIMESTAMP,
  `Settings_AddToHostCalendar` tinyint(1) DEFAULT '1',
  `Settings_AddToParticipantCalendars` tinyint(1) DEFAULT '1',
  PRIMARY KEY (`ID`),
  KEY `FK_CalendarMeetings_Users` (`Host_ID`),
  CONSTRAINT `FK_CalendarMeetings_Meetings` FOREIGN KEY (`ID`) REFERENCES `tbl_Meetings` (`ID`) ON DELETE CASCADE ON UPDATE RESTRICT,
  CONSTRAINT `FK_CalendarMeetings_Users` FOREIGN KEY (`Host_ID`) REFERENCES `tbl_Users` (`ID`) ON DELETE RESTRICT ON UPDATE RESTRICT
) ENGINE=InnoDB DEFAULT CHARSET=utf8mb4 COLLATE=utf8mb4_0900_ai_ci;
/*!40101 SET character_set_client = @saved_cs_client */;

--
-- Dumping data for table `tbl_CalendarMeetings`
--

LOCK TABLES `tbl_CalendarMeetings` WRITE;
/*!40000 ALTER TABLE `tbl_CalendarMeetings` DISABLE KEYS */;
INSERT INTO `tbl_CalendarMeetings` VALUES ('gevr-vxzj-qoa',205,'http://localhost:5173/meeting/9fbb75a5-c692-4f24-91f1-f587a0b8eeb2','2025-12-24 15:00:00','2025-12-24 16:00:00',60,'boby@gmail.com','vamsi@gmail.com','internal','https://192.168.48.201:5173/meeting/gevr-vxzj-qoa','','vamsi@gmail.com','[15, 30]',1,1,1,1,'2025-12-24 14:28:32',1,1),('l9np-qgcf-6dq',205,'fdg','2025-12-23 15:00:00','2025-12-23 16:00:00',60,'boby@gmail.com','vamsi@gmail.com','internal','https://192.168.48.201:5173/meeting/l9np-qgcf-6dq','','vamsi@gmail.com','[15, 30]',1,1,1,1,'2025-12-23 14:57:52',1,1);
/*!40000 ALTER TABLE `tbl_CalendarMeetings` ENABLE KEYS */;
UNLOCK TABLES;

--
-- Table structure for table `tbl_Feedback`
--

DROP TABLE IF EXISTS `tbl_Feedback`;
/*!40101 SET @saved_cs_client     = @@character_set_client */;
/*!50503 SET character_set_client = utf8mb4 */;
CREATE TABLE `tbl_Feedback` (
  `ID` int NOT NULL AUTO_INCREMENT,
  `Meeting_ID` varchar(20) NOT NULL,
  `User_ID` int NOT NULL,
  `Rating` int NOT NULL,
  `Comments` text,
  `Feedback_Type` varchar(50) DEFAULT NULL,
  `Submitted_At` datetime DEFAULT CURRENT_TIMESTAMP,
  PRIMARY KEY (`ID`),
  KEY `FK_Feedback_Meeting` (`Meeting_ID`),
  KEY `FK_Feedback_User` (`User_ID`),
  CONSTRAINT `FK_Feedback_Meeting` FOREIGN KEY (`Meeting_ID`) REFERENCES `tbl_Meetings` (`ID`) ON DELETE RESTRICT ON UPDATE RESTRICT,
  CONSTRAINT `FK_Feedback_User` FOREIGN KEY (`User_ID`) REFERENCES `tbl_Users` (`ID`) ON DELETE RESTRICT ON UPDATE RESTRICT,
  CONSTRAINT `tbl_Feedback_chk_1` CHECK ((`Rating` between 1 and 5))
) ENGINE=InnoDB AUTO_INCREMENT=685 DEFAULT CHARSET=utf8mb4 COLLATE=utf8mb4_0900_ai_ci;
/*!40101 SET character_set_client = @saved_cs_client */;

--
-- Dumping data for table `tbl_Feedback`
--

LOCK TABLES `tbl_Feedback` WRITE;
/*!40000 ALTER TABLE `tbl_Feedback` DISABLE KEYS */;
INSERT INTO `tbl_Feedback` VALUES (672,'xw0g-r0x5-hwk',205,5,'','General','2025-12-23 14:54:08'),(673,'hh0a-3eph-517',205,5,'','General','2025-12-23 14:54:48'),(674,'l9np-qgcf-6dq',205,5,'','General','2025-12-23 14:59:42'),(675,'l9np-qgcf-6dq',206,5,'','General','2025-12-23 14:59:54'),(676,'08do-7euy-480',205,5,'','General','2025-12-23 15:09:06'),(677,'08do-7euy-480',206,5,'','General','2025-12-23 15:09:08'),(678,'x0h0-9ts2-5s0',215,5,'','General','2025-12-23 15:59:24'),(679,'x0h0-9ts2-5s0',206,5,'','General','2025-12-23 15:59:27'),(680,'bi8i-8uzh-k40',206,5,'','General','2025-12-23 16:01:19'),(681,'bi8i-8uzh-k40',215,5,'','General','2025-12-23 16:01:20'),(682,'pxrb-qeur-sv3',207,5,'','General','2025-12-23 17:41:49'),(683,'pxrb-qeur-sv3',206,5,'','General','2025-12-23 17:43:40'),(684,'643u-1zp7-ai7',205,5,'','General','2025-12-24 14:39:38');
/*!40000 ALTER TABLE `tbl_Feedback` ENABLE KEYS */;
UNLOCK TABLES;

--
-- Table structure for table `tbl_Meetings`
--

DROP TABLE IF EXISTS `tbl_Meetings`;
/*!40101 SET @saved_cs_client     = @@character_set_client */;
/*!50503 SET character_set_client = utf8mb4 */;
CREATE TABLE `tbl_Meetings` (
  `ID` varchar(20) NOT NULL,
  `Host_ID` int DEFAULT NULL,
  `Meeting_Name` varchar(200) DEFAULT NULL,
  `Meeting_Type` varchar(50) DEFAULT NULL,
  `Meeting_Link` varchar(500) DEFAULT NULL,
  `Status` varchar(50) DEFAULT 'active',
  `Created_At` datetime DEFAULT CURRENT_TIMESTAMP,
  `Started_At` datetime DEFAULT NULL,
  `Ended_At` datetime DEFAULT NULL,
  `Is_Recording_Enabled` tinyint(1) DEFAULT '0',
  `Waiting_Room_Enabled` tinyint(1) DEFAULT '0',
  `LiveKit_Room_Name` varchar(100) DEFAULT NULL,
  `LiveKit_Room_SID` varchar(100) DEFAULT NULL,
  `Recording_Status` varchar(50) DEFAULT 'inactive',
  `current_participant_count` int DEFAULT '0',
  PRIMARY KEY (`ID`),
  KEY `FK_Meetings_Users` (`Host_ID`),
  KEY `idx_meetings_livekit` (`ID`,`LiveKit_Room_Name`,`Status`),
  CONSTRAINT `FK_Meetings_Users` FOREIGN KEY (`Host_ID`) REFERENCES `tbl_Users` (`ID`) ON DELETE RESTRICT ON UPDATE RESTRICT
) ENGINE=InnoDB DEFAULT CHARSET=utf8mb4 COLLATE=utf8mb4_0900_ai_ci;
/*!40101 SET character_set_client = @saved_cs_client */;

--
-- Dumping data for table `tbl_Meetings`
--

LOCK TABLES `tbl_Meetings` WRITE;
/*!40000 ALTER TABLE `tbl_Meetings` DISABLE KEYS */;
INSERT INTO `tbl_Meetings` VALUES ('08do-7euy-480',205,'xc','ScheduleMeeting','https://192.168.48.201:5173/meeting/08do-7euy-480','scheduled','2025-12-23 14:49:41',NULL,'2025-12-23 15:52:00',0,1,'meeting_08do-7euy-480',NULL,'inactive',0),('0r3v-dovx-ob1',207,'Instant Meeting','InstantMeeting','https://192.168.48.201:5173/meeting/0r3v-dovx-ob1','ended','2025-12-23 15:17:29','2025-12-23 15:17:29','2025-12-23 09:52:47',0,0,'meeting_0r3v-dovx-ob1','RM_RgnN6zivWnKA','inactive',0),('4j4t-tgpk-3ju',205,'Instant Meeting','InstantMeeting','https://192.168.48.201:5173/meeting/4j4t-tgpk-3ju','ended','2025-12-24 14:51:05','2025-12-24 14:51:05','2025-12-24 09:32:27',0,0,'meeting_4j4t-tgpk-3ju','RM_8hZzZwxkVmYT','inactive',0),('4unh-i0kx-6vf',207,'Instant Meeting','InstantMeeting','https://192.168.48.201:5173/meeting/4unh-i0kx-6vf','ended','2025-12-24 11:28:45','2025-12-24 11:28:45','2025-12-24 06:05:07',0,0,'meeting_4unh-i0kx-6vf','RM_WyapUton2j5L','inactive',0),('643u-1zp7-ai7',205,'Instant Meeting','InstantMeeting','https://192.168.48.201:5173/meeting/643u-1zp7-ai7','ended','2025-12-24 14:38:15','2025-12-24 14:38:15','2025-12-24 14:39:36',0,0,'meeting_643u-1zp7-ai7','RM_MWimDmsS5Qbq','inactive',0),('bi8i-8uzh-k40',215,'Instant Meeting','InstantMeeting','https://192.168.48.201:5173/meeting/bi8i-8uzh-k40','ended','2025-12-23 15:59:34','2025-12-23 15:59:34','2025-12-23 16:01:17',0,0,'meeting_bi8i-8uzh-k40','RM_4frYvixbPBzb','inactive',0),('gevr-vxzj-qoa',205,'http://localhost:5173/meeting/9fbb75a5-c692-4f24-91f1-f587a0b8eeb2','CalendarMeeting','https://192.168.48.201:5173/meeting/gevr-vxzj-qoa','scheduled','2025-12-24 14:28:32','2025-12-24 15:00:00','2025-12-24 16:00:00',0,0,'meeting_gevr-vxzj-qoa',NULL,'inactive',0),('hh0a-3eph-517',205,'Instant Meeting','InstantMeeting','https://192.168.48.201:5173/meeting/hh0a-3eph-517','ended','2025-12-23 14:54:16','2025-12-23 09:24:31','2025-12-23 14:54:46',0,0,'meeting_hh0a-3eph-517','RM_oDtdN39VGQhr','inactive',0),('jchs-pb59-oxh',205,'Instant Meeting','InstantMeeting','https://192.168.48.201:5173/meeting/jchs-pb59-oxh','active','2025-12-24 15:07:34','2025-12-24 15:07:34',NULL,0,0,'meeting_jchs-pb59-oxh','RM_S9wHBQCJMgMh','inactive',0),('l9np-qgcf-6dq',205,'fdg','CalendarMeeting','https://192.168.48.201:5173/meeting/l9np-qgcf-6dq','ended','2025-12-23 14:57:52','2025-12-23 15:00:00','2025-12-23 14:59:39',0,0,'meeting_l9np-qgcf-6dq',NULL,'inactive',0),('pxrb-qeur-sv3',207,'Instant Meeting','InstantMeeting','https://192.168.48.201:5173/meeting/pxrb-qeur-sv3','ended','2025-12-23 16:39:10','2025-12-23 16:39:10','2025-12-23 17:41:46',0,0,'meeting_pxrb-qeur-sv3','RM_NJmFJ6ocmvHB','inactive',0),('x0h0-9ts2-5s0',215,'Instant Meeting','InstantMeeting','https://192.168.48.201:5173/meeting/x0h0-9ts2-5s0','ended','2025-12-23 15:53:20','2025-12-23 15:53:20','2025-12-23 15:59:21',0,0,'meeting_x0h0-9ts2-5s0','RM_BL2jsffnFZU5','inactive',0),('xw0g-r0x5-hwk',205,'Instant Meeting','InstantMeeting','https://192.168.48.201:5173/meeting/xw0g-r0x5-hwk','ended','2025-12-23 14:52:56','2025-12-23 09:23:14','2025-12-23 14:54:05',0,0,'meeting_xw0g-r0x5-hwk','RM_Cq8HLwRiTfQF','inactive',0);
/*!40000 ALTER TABLE `tbl_Meetings` ENABLE KEYS */;
UNLOCK TABLES;

--
-- Table structure for table `tbl_Notifications`
--

DROP TABLE IF EXISTS `tbl_Notifications`;
/*!40101 SET @saved_cs_client     = @@character_set_client */;
/*!50503 SET character_set_client = utf8mb4 */;
CREATE TABLE `tbl_Notifications` (
  `id` char(36) CHARACTER SET utf8mb4 COLLATE utf8mb4_0900_ai_ci NOT NULL DEFAULT (uuid()),
  `recipient_email` varchar(255) CHARACTER SET utf8mb4 COLLATE utf8mb4_0900_ai_ci NOT NULL,
  `meeting_id` varchar(20) DEFAULT NULL,
  `notification_type` varchar(50) CHARACTER SET utf8mb4 COLLATE utf8mb4_0900_ai_ci NOT NULL,
  `title` varchar(255) CHARACTER SET utf8mb4 COLLATE utf8mb4_0900_ai_ci NOT NULL,
  `message` text CHARACTER SET utf8mb4 COLLATE utf8mb4_0900_ai_ci,
  `meeting_title` varchar(255) CHARACTER SET utf8mb4 COLLATE utf8mb4_0900_ai_ci DEFAULT NULL,
  `start_time` datetime DEFAULT NULL,
  `meeting_url` varchar(500) CHARACTER SET utf8mb4 COLLATE utf8mb4_0900_ai_ci DEFAULT NULL,
  `is_read` tinyint(1) DEFAULT '0',
  `priority` varchar(20) CHARACTER SET utf8mb4 COLLATE utf8mb4_0900_ai_ci DEFAULT 'normal',
  `created_at` datetime DEFAULT CURRENT_TIMESTAMP,
  PRIMARY KEY (`id`),
  KEY `idx_recipient_email` (`recipient_email`),
  KEY `idx_meeting_id` (`meeting_id`),
  KEY `idx_created_at` (`created_at`),
  KEY `idx_is_read` (`is_read`),
  CONSTRAINT `FK_Notifications_Meetings` FOREIGN KEY (`meeting_id`) REFERENCES `tbl_Meetings` (`ID`) ON DELETE CASCADE
) ENGINE=InnoDB DEFAULT CHARSET=utf8mb4 COLLATE=utf8mb4_0900_ai_ci;
/*!40101 SET character_set_client = @saved_cs_client */;

--
-- Dumping data for table `tbl_Notifications`
--

LOCK TABLES `tbl_Notifications` WRITE;
/*!40000 ALTER TABLE `tbl_Notifications` DISABLE KEYS */;
INSERT INTO `tbl_Notifications` VALUES ('41ce427a3b374e5f83f4','boby@gmail.com','gevr-vxzj-qoa','calendar_meeting_created','Calendar meeting created: http://localhost:5173/meeting/9fbb75a5-c692-4f24-91f1-f587a0b8eeb2','Calendar meeting created successfully. Invitations have been sent to all participants.','http://localhost:5173/meeting/9fbb75a5-c692-4f24-91f1-f587a0b8eeb2','2025-12-24 15:00:00','https://192.168.48.201:5173/meeting/gevr-vxzj-qoa',0,'normal','2025-12-24 14:28:33'),('9785d88718d34c368a5a','vamsi@gmail.com','gevr-vxzj-qoa','calendar_meeting_invitation','Calendar Meeting Invitation: http://localhost:5173/meeting/9fbb75a5-c692-4f24-91f1-f587a0b8eeb2','Youve been invited to a calendar meeting by Boby. Please check your calendar for meeting details.','http://localhost:5173/meeting/9fbb75a5-c692-4f24-91f1-f587a0b8eeb2','2025-12-24 15:00:00','https://192.168.48.201:5173/meeting/gevr-vxzj-qoa',0,'high','2025-12-24 14:28:33');
/*!40000 ALTER TABLE `tbl_Notifications` ENABLE KEYS */;
UNLOCK TABLES;

--
-- Table structure for table `tbl_OTP_Reset`
--

DROP TABLE IF EXISTS `tbl_OTP_Reset`;
/*!40101 SET @saved_cs_client     = @@character_set_client */;
/*!50503 SET character_set_client = utf8mb4 */;
CREATE TABLE `tbl_OTP_Reset` (
  `id` int NOT NULL AUTO_INCREMENT,
  `email` varchar(100) NOT NULL,
  `otp` varchar(6) NOT NULL,
  `created_at` datetime DEFAULT CURRENT_TIMESTAMP,
  `expires_at` datetime NOT NULL,
  `used` tinyint(1) DEFAULT '0',
  PRIMARY KEY (`id`)
) ENGINE=InnoDB AUTO_INCREMENT=57 DEFAULT CHARSET=utf8mb4 COLLATE=utf8mb4_0900_ai_ci;
/*!40101 SET character_set_client = @saved_cs_client */;

--
-- Dumping data for table `tbl_OTP_Reset`
--

LOCK TABLES `tbl_OTP_Reset` WRITE;
/*!40000 ALTER TABLE `tbl_OTP_Reset` DISABLE KEYS */;
/*!40000 ALTER TABLE `tbl_OTP_Reset` ENABLE KEYS */;
UNLOCK TABLES;

--
-- Table structure for table `tbl_Participants`
--

DROP TABLE IF EXISTS `tbl_Participants`;
/*!40101 SET @saved_cs_client     = @@character_set_client */;
/*!50503 SET character_set_client = utf8mb4 */;
CREATE TABLE `tbl_Participants` (
  `ID` int NOT NULL AUTO_INCREMENT,
  `Meeting_ID` varchar(20) NOT NULL,
  `User_ID` int NOT NULL,
  `Full_Name` varchar(100) DEFAULT NULL,
  `Role` varchar(50) DEFAULT 'participant',
  `Meeting_Type` varchar(50) DEFAULT NULL,
  `Join_Times` json NOT NULL COMMENT 'Array of all join times: ["2024-10-16 12:00:00", "2024-10-16 12:30:00"]',
  `Leave_Times` json NOT NULL DEFAULT (json_array()) COMMENT 'Array of all leave times: ["2024-10-16 12:10:00"]',
  `Total_Duration_Minutes` decimal(10,2) DEFAULT '0.00' COMMENT 'Sum of all session durations in minutes',
  `Total_Sessions` int DEFAULT '0' COMMENT 'Count of completed sessions',
  `End_Meeting_Time` datetime DEFAULT NULL,
  `Is_Currently_Active` tinyint(1) DEFAULT '1' COMMENT 'Is user currently in meeting',
  `Attendance_Percentagebasedon_host` decimal(5,2) DEFAULT '0.00' COMMENT 'Attendance percentage based on host total duration',
  `Participant_Attendance` decimal(5,2) DEFAULT NULL COMMENT 'Per-meeting average: (attendance_percentage + Attendance_Percentagebasedon_host) / 2',
  `Overall_Attendance` decimal(5,2) DEFAULT NULL COMMENT 'Overall attendance: AVG(Participant_Attendance) across all meetings for same user',
  `occurrence_number` int NOT NULL DEFAULT '1',
  `session_start_time` date NOT NULL,
  PRIMARY KEY (`ID`),
  UNIQUE KEY `idx_unique_participant` (`Meeting_ID`,`User_ID`,`occurrence_number`),
  KEY `idx_active_users` (`Meeting_ID`,`Is_Currently_Active`),
  KEY `idx_attend_summary` (`User_ID`,`Participant_Attendance`,`Overall_Attendance`),
  KEY `idx_participants_overall_attendance` (`User_ID`,`Overall_Attendance`),
  KEY `idx_user_part_attend` (`User_ID`,`Participant_Attendance`),
  KEY `idx_user_overall_attend` (`User_ID`,`Overall_Attendance`),
  CONSTRAINT `FK_Participants_Meeting` FOREIGN KEY (`Meeting_ID`) REFERENCES `tbl_Meetings` (`ID`) ON DELETE CASCADE ON UPDATE CASCADE,
  CONSTRAINT `FK_Participants_User` FOREIGN KEY (`User_ID`) REFERENCES `tbl_Users` (`ID`) ON DELETE CASCADE ON UPDATE CASCADE,
  CONSTRAINT `chk_meeting_type` CHECK ((`Meeting_Type` in (_utf8mb4'InstantMeeting',_utf8mb4'ScheduleMeeting',_utf8mb4'CalendarMeeting'))),
  CONSTRAINT `chk_role` CHECK ((`Role` in (_utf8mb4'host',_utf8mb4'co-host',_utf8mb4'participant')))
) ENGINE=InnoDB AUTO_INCREMENT=43758 DEFAULT CHARSET=utf8mb4 COLLATE=utf8mb4_0900_ai_ci COMMENT='Stores participant data with session arrays';
/*!40101 SET character_set_client = @saved_cs_client */;

--
-- Dumping data for table `tbl_Participants`
--

LOCK TABLES `tbl_Participants` WRITE;
/*!40000 ALTER TABLE `tbl_Participants` DISABLE KEYS */;
INSERT INTO `tbl_Participants` VALUES (43737,'08do-7euy-480',205,'Boby','host','ScheduleMeeting','[\"2025-12-23 14:50:00\"]','[\"2025-12-23 14:50:43\"]',0.72,1,'2025-12-23 14:50:43',0,0.00,NULL,NULL,1,'2025-12-23'),(43738,'08do-7euy-480',206,'Vamsi','participant','ScheduleMeeting','[\"2025-12-23 14:50:12\"]','[\"2025-12-23 14:50:43\"]',0.52,1,'2025-12-23 14:50:43',0,72.22,86.11,87.28,1,'2025-12-23'),(43739,'xw0g-r0x5-hwk',205,'Boby','host','InstantMeeting','[\"2025-12-23 14:53:04\", \"2025-12-23 14:53:44\"]','[\"2025-12-23 14:53:22\", \"2025-12-23 14:54:05\"]',0.65,2,'2025-12-23 14:54:05',0,100.00,NULL,NULL,1,'2025-12-23'),(43740,'hh0a-3eph-517',205,'Boby','host','InstantMeeting','[\"2025-12-23 14:54:22\"]','[\"2025-12-23 14:54:45\"]',0.38,1,'2025-12-23 14:54:46',0,100.00,NULL,NULL,1,'2025-12-23'),(43741,'l9np-qgcf-6dq',205,'Boby','host','CalendarMeeting','[\"2025-12-23 14:58:10\"]','[\"2025-12-23 14:59:38\"]',1.47,1,'2025-12-23 14:59:39',0,100.00,NULL,NULL,1,'2025-12-23'),(43742,'l9np-qgcf-6dq',206,'Vamsi','participant','CalendarMeeting','[\"2025-12-23 14:58:27\"]','[\"2025-12-23 14:59:38\"]',1.18,1,'2025-12-23 14:59:39',0,80.27,90.13,88.12,1,'2025-12-23'),(43743,'08do-7euy-480',205,'Boby','host','ScheduleMeeting','[\"2025-12-23 15:07:52\"]','[\"2025-12-23 15:09:02\"]',1.17,1,'2025-12-23 15:09:03',0,100.00,NULL,NULL,2,'2025-12-23'),(43744,'08do-7euy-480',206,'Vamsi','participant','ScheduleMeeting','[\"2025-12-23 15:08:08\"]','[\"2025-12-23 15:09:02\"]',0.90,1,'2025-12-23 15:09:03',0,76.92,88.46,87.28,2,'2025-12-23'),(43745,'x0h0-9ts2-5s0',215,'AKhil','host','InstantMeeting','[\"2025-12-23 15:53:26\"]','[\"2025-12-23 15:59:20\"]',5.90,1,'2025-12-23 15:59:21',0,100.00,NULL,NULL,1,'2025-12-23'),(43746,'x0h0-9ts2-5s0',206,'Vamsi','participant','InstantMeeting','[\"2025-12-23 15:56:32\", \"2025-12-23 15:57:34\"]','[\"2025-12-23 15:57:03\", \"2025-12-23 15:59:20\"]',2.28,2,'2025-12-23 15:59:21',0,38.64,19.32,71.00,1,'2025-12-23'),(43747,'bi8i-8uzh-k40',215,'AKhil','host','InstantMeeting','[\"2025-12-23 15:59:44\"]','[\"2025-12-23 16:01:16\"]',1.53,1,'2025-12-23 16:01:17',0,100.00,NULL,NULL,1,'2025-12-23'),(43748,'bi8i-8uzh-k40',206,'Vamsi','participant','InstantMeeting','[\"2025-12-23 15:59:59\", \"2025-12-23 16:01:04\"]','[\"2025-12-23 16:00:53\", \"2025-12-23 16:01:16\"]',1.10,2,'2025-12-23 16:01:17',0,71.90,85.95,73.99,1,'2025-12-23'),(43749,'pxrb-qeur-sv3',207,'AKHIL KORRAPATI','host','InstantMeeting','[\"2025-12-23 16:39:19\"]','[\"2025-12-23 17:41:45\"]',62.43,1,'2025-12-23 17:41:46',0,100.00,NULL,NULL,1,'2025-12-23'),(43750,'pxrb-qeur-sv3',206,'Vamsi','participant','InstantMeeting','[\"2025-12-23 16:40:02\", \"2025-12-23 16:40:48\"]','[\"2025-12-23 16:40:22\", \"2025-12-23 17:41:45\"]',61.28,2,'2025-12-23 17:41:46',0,98.16,99.08,78.17,1,'2025-12-23'),(43751,'pxrb-qeur-sv3',208,'Santoshi','participant','InstantMeeting','[\"2025-12-23 17:08:29\"]','[\"2025-12-23 17:41:45\"]',33.27,1,'2025-12-23 17:41:46',0,53.29,76.64,76.64,1,'2025-12-23'),(43752,'pxrb-qeur-sv3',227,'jyo','participant','InstantMeeting','[\"2025-12-23 17:16:49\"]','[\"2025-12-23 17:41:45\"]',24.93,1,'2025-12-23 17:41:46',0,39.93,69.97,69.97,1,'2025-12-23'),(43753,'643u-1zp7-ai7',205,'Boby','host','InstantMeeting','[\"2025-12-24 14:38:36\"]','[\"2025-12-24 14:39:35\"]',0.98,1,'2025-12-24 14:39:36',0,100.00,NULL,NULL,1,'2025-12-24'),(43754,'643u-1zp7-ai7',206,'Vamsi','participant','InstantMeeting','[\"2025-12-24 14:38:56\"]','[\"2025-12-24 14:39:35\"]',0.65,1,'2025-12-24 14:39:36',0,66.33,83.16,78.89,1,'2025-12-24'),(43755,'4j4t-tgpk-3ju',205,'Boby','host','InstantMeeting','[\"2025-12-24 14:51:28\"]','[]',0.00,0,NULL,1,0.00,NULL,NULL,1,'2025-12-24'),(43756,'4j4t-tgpk-3ju',206,'Vamsi','participant','InstantMeeting','[\"2025-12-24 14:52:11\"]','[]',0.00,0,NULL,1,0.00,NULL,NULL,1,'2025-12-24'),(43757,'jchs-pb59-oxh',205,'Boby','host','InstantMeeting','[\"2025-12-24 15:07:44\"]','[]',0.00,0,NULL,1,0.00,NULL,NULL,1,'2025-12-24');
/*!40000 ALTER TABLE `tbl_Participants` ENABLE KEYS */;
UNLOCK TABLES;

--
-- Table structure for table `tbl_Payments`
--

DROP TABLE IF EXISTS `tbl_Payments`;
/*!40101 SET @saved_cs_client     = @@character_set_client */;
/*!50503 SET character_set_client = utf8mb4 */;
CREATE TABLE `tbl_Payments` (
  `Transaction_ID` int NOT NULL AUTO_INCREMENT,
  `User_ID` int DEFAULT NULL,
  `Plan_ID` int DEFAULT NULL,
  `Amount_Paid` decimal(10,2) DEFAULT NULL,
  `Currency` varchar(10) DEFAULT NULL,
  `Gateway_name` enum('razorpay','stripe','paypal','manual') DEFAULT NULL,
  `Gateway_payment_ID` varchar(50) DEFAULT NULL,
  `Gateway_order_ID` varchar(50) DEFAULT NULL,
  `Gateway_signature` varchar(100) DEFAULT NULL,
  `status` enum('success','failed','pending','refunded') DEFAULT 'pending',
  `Payment_date` datetime DEFAULT CURRENT_TIMESTAMP,
  `Verified` tinyint(1) DEFAULT '0',
  PRIMARY KEY (`Transaction_ID`),
  KEY `FK_Payments_Users` (`User_ID`),
  KEY `FK_Payments_Plans` (`Plan_ID`),
  CONSTRAINT `FK_Payments_Plans` FOREIGN KEY (`Plan_ID`) REFERENCES `tbl_Plans` (`Plan_ID`),
  CONSTRAINT `FK_Payments_Users` FOREIGN KEY (`User_ID`) REFERENCES `tbl_Users` (`ID`)
) ENGINE=InnoDB AUTO_INCREMENT=5 DEFAULT CHARSET=utf8mb4 COLLATE=utf8mb4_0900_ai_ci;
/*!40101 SET character_set_client = @saved_cs_client */;

--
-- Dumping data for table `tbl_Payments`
--

LOCK TABLES `tbl_Payments` WRITE;
/*!40000 ALTER TABLE `tbl_Payments` DISABLE KEYS */;
/*!40000 ALTER TABLE `tbl_Payments` ENABLE KEYS */;
UNLOCK TABLES;

--
-- Table structure for table `tbl_Plans`
--

DROP TABLE IF EXISTS `tbl_Plans`;
/*!40101 SET @saved_cs_client     = @@character_set_client */;
/*!50503 SET character_set_client = utf8mb4 */;
CREATE TABLE `tbl_Plans` (
  `Plan_ID` int NOT NULL AUTO_INCREMENT,
  `Plan_Name` varchar(100) DEFAULT NULL,
  `Price` decimal(10,2) DEFAULT NULL,
  `Discount` decimal(5,2) DEFAULT '0.00',
  `Duration_days` int DEFAULT NULL,
  `Plan_description` text,
  `Member_limit` int DEFAULT NULL,
  PRIMARY KEY (`Plan_ID`)
) ENGINE=InnoDB AUTO_INCREMENT=14 DEFAULT CHARSET=utf8mb4 COLLATE=utf8mb4_0900_ai_ci;
/*!40101 SET character_set_client = @saved_cs_client */;

--
-- Dumping data for table `tbl_Plans`
--

LOCK TABLES `tbl_Plans` WRITE;
/*!40000 ALTER TABLE `tbl_Plans` DISABLE KEYS */;
/*!40000 ALTER TABLE `tbl_Plans` ENABLE KEYS */;
UNLOCK TABLES;

--
-- Table structure for table `tbl_ScheduledMeetings`
--

DROP TABLE IF EXISTS `tbl_ScheduledMeetings`;
/*!40101 SET @saved_cs_client     = @@character_set_client */;
/*!50503 SET character_set_client = utf8mb4 */;
CREATE TABLE `tbl_ScheduledMeetings` (
  `id` varchar(20) NOT NULL,
  `host_id` int DEFAULT NULL,
  `title` varchar(200) DEFAULT NULL,
  `description` varchar(1000) DEFAULT NULL,
  `location` varchar(255) DEFAULT NULL,
  `start_time` datetime DEFAULT NULL,
  `end_time` datetime DEFAULT NULL,
  `start_date` datetime DEFAULT NULL,
  `end_date` datetime DEFAULT NULL,
  `timezone` varchar(100) DEFAULT NULL,
  `duration_minutes` int DEFAULT NULL,
  `is_recurring` tinyint(1) DEFAULT '0',
  `recurrence_type` varchar(50) DEFAULT NULL,
  `recurrence_interval` int DEFAULT NULL,
  `recurrence_occurrences` int DEFAULT NULL,
  `recurrence_end_date` datetime DEFAULT NULL,
  `settings_waiting_room` tinyint(1) DEFAULT '0',
  `settings_recording` tinyint(1) DEFAULT '0',
  `settings_allow_chat` tinyint(1) DEFAULT '1',
  `settings_allow_screen_share` tinyint(1) DEFAULT '1',
  `settings_mute_participants` tinyint(1) DEFAULT '0',
  `settings_require_password` tinyint(1) DEFAULT '0',
  `settings_password` varchar(100) DEFAULT NULL,
  `reminders_email` tinyint(1) DEFAULT '1',
  `reminders_browser` tinyint(1) DEFAULT '1',
  `reminders_times` varchar(500) DEFAULT NULL,
  `created_at` datetime DEFAULT CURRENT_TIMESTAMP,
  `email` text,
  `selected_days` text,
  `selected_month_dates` text,
  `monthly_pattern` varchar(50) DEFAULT 'same-date',
  PRIMARY KEY (`id`),
  KEY `FK_tbl_ScheduledMeetings_Users` (`host_id`),
  CONSTRAINT `FK_Sched_Meeting_MeetingID` FOREIGN KEY (`id`) REFERENCES `tbl_Meetings` (`ID`) ON DELETE CASCADE,
  CONSTRAINT `FK_tbl_ScheduledMeetings_Users` FOREIGN KEY (`host_id`) REFERENCES `tbl_Users` (`ID`) ON DELETE RESTRICT ON UPDATE RESTRICT
) ENGINE=InnoDB DEFAULT CHARSET=utf8mb4 COLLATE=utf8mb4_0900_ai_ci;
/*!40101 SET character_set_client = @saved_cs_client */;

--
-- Dumping data for table `tbl_ScheduledMeetings`
--

LOCK TABLES `tbl_ScheduledMeetings` WRITE;
/*!40000 ALTER TABLE `tbl_ScheduledMeetings` DISABLE KEYS */;
INSERT INTO `tbl_ScheduledMeetings` VALUES ('08do-7euy-480',205,'xc','','','2025-12-23 14:52:00','2025-12-23 15:52:00','2025-12-23 14:52:00','2026-01-10 23:59:59','Asia/Kolkata',60,1,'weekly',1,NULL,'2026-01-10 05:30:00',1,0,1,1,0,0,NULL,1,1,'[15,5]','2025-12-23 14:49:41','vamsi@gmail.com','[1, 2, 3, 4, 5]',NULL,NULL);
/*!40000 ALTER TABLE `tbl_ScheduledMeetings` ENABLE KEYS */;
UNLOCK TABLES;

--
-- Table structure for table `tbl_ScheduledReminders`
--

DROP TABLE IF EXISTS `tbl_ScheduledReminders`;
/*!40101 SET @saved_cs_client     = @@character_set_client */;
/*!50503 SET character_set_client = utf8mb4 */;
CREATE TABLE `tbl_ScheduledReminders` (
  `id` char(36) CHARACTER SET utf8mb4 COLLATE utf8mb4_0900_ai_ci NOT NULL DEFAULT (uuid()),
  `meeting_id` varchar(20) NOT NULL,
  `recipient_email` varchar(255) CHARACTER SET utf8mb4 COLLATE utf8mb4_0900_ai_ci NOT NULL,
  `reminder_time` datetime NOT NULL,
  `notification_data` text CHARACTER SET utf8mb4 COLLATE utf8mb4_0900_ai_ci,
  `is_sent` tinyint(1) DEFAULT '0',
  `created_at` datetime DEFAULT CURRENT_TIMESTAMP,
  PRIMARY KEY (`id`),
  KEY `idx_reminder_time` (`reminder_time`),
  KEY `idx_meeting_id` (`meeting_id`),
  KEY `idx_is_sent` (`is_sent`),
  CONSTRAINT `FK_Reminders_Meetings` FOREIGN KEY (`meeting_id`) REFERENCES `tbl_Meetings` (`ID`) ON DELETE CASCADE
) ENGINE=InnoDB DEFAULT CHARSET=utf8mb4 COLLATE=utf8mb4_0900_ai_ci;
/*!40101 SET character_set_client = @saved_cs_client */;

--
-- Dumping data for table `tbl_ScheduledReminders`
--

LOCK TABLES `tbl_ScheduledReminders` WRITE;
/*!40000 ALTER TABLE `tbl_ScheduledReminders` DISABLE KEYS */;
INSERT INTO `tbl_ScheduledReminders` VALUES ('7692d147ae8142559210','gevr-vxzj-qoa','vamsi@gmail.com','2025-12-24 14:30:00','{\"meeting_id\": \"gevr-vxzj-qoa\", \"recipient_email\": \"vamsi@gmail.com\", \"meeting_title\": \"http://localhost:5173/meeting/9fbb75a5-c692-4f24-91f1-f587a0b8eeb2\", \"start_time\": \"2025-12-24 15:00:00\", \"meeting_url\": \"https://192.168.48.201:5173/meeting/gevr-vxzj-qoa\", \"reminder_minutes\": 30}',0,'2025-12-24 14:28:33');
/*!40000 ALTER TABLE `tbl_ScheduledReminders` ENABLE KEYS */;
UNLOCK TABLES;

--
-- Table structure for table `tbl_Super_Admin`
--

DROP TABLE IF EXISTS `tbl_Super_Admin`;
/*!40101 SET @saved_cs_client     = @@character_set_client */;
/*!50503 SET character_set_client = utf8mb4 */;
CREATE TABLE `tbl_Super_Admin` (
  `ID` int NOT NULL AUTO_INCREMENT,
  `Full_Name` varchar(100) DEFAULT NULL,
  `Mobile_Number` varchar(15) DEFAULT NULL,
  `Email` varchar(100) DEFAULT NULL,
  `Password` varchar(50) DEFAULT NULL,
  `Address` varchar(150) DEFAULT NULL,
  `Country` varchar(50) DEFAULT NULL,
  `status_code` char(1) DEFAULT 's',
  `status` tinyint(1) DEFAULT '1',
  `Photo_upload` varchar(255) DEFAULT NULL,
  PRIMARY KEY (`ID`),
  UNIQUE KEY `Email` (`Email`)
) ENGINE=InnoDB AUTO_INCREMENT=21 DEFAULT CHARSET=utf8mb4 COLLATE=utf8mb4_0900_ai_ci;
/*!40101 SET character_set_client = @saved_cs_client */;

--
-- Dumping data for table `tbl_Super_Admin`
--

LOCK TABLES `tbl_Super_Admin` WRITE;
/*!40000 ALTER TABLE `tbl_Super_Admin` DISABLE KEYS */;
/*!40000 ALTER TABLE `tbl_Super_Admin` ENABLE KEYS */;
UNLOCK TABLES;

--
-- Table structure for table `tbl_User_Login_History`
--

DROP TABLE IF EXISTS `tbl_User_Login_History`;
/*!40101 SET @saved_cs_client     = @@character_set_client */;
/*!50503 SET character_set_client = utf8mb4 */;
CREATE TABLE `tbl_User_Login_History` (
  `User_ID` int NOT NULL,
  `Device_Info` varchar(255) NOT NULL,
  `Device_Type` enum('Desktop','Mobile') NOT NULL,
  `Login_Time` datetime NOT NULL DEFAULT CURRENT_TIMESTAMP,
  `IP_Address` varchar(45) NOT NULL,
  `MAC_Address` varchar(20) DEFAULT NULL,
  `Location` varchar(255) DEFAULT NULL,
  PRIMARY KEY (`User_ID`,`Login_Time`),
  CONSTRAINT `FK_Login_User` FOREIGN KEY (`User_ID`) REFERENCES `tbl_Users` (`ID`) ON DELETE CASCADE ON UPDATE CASCADE
) ENGINE=InnoDB DEFAULT CHARSET=utf8mb4 COLLATE=utf8mb4_0900_ai_ci;
/*!40101 SET character_set_client = @saved_cs_client */;

--
-- Dumping data for table `tbl_User_Login_History`
--

LOCK TABLES `tbl_User_Login_History` WRITE;
/*!40000 ALTER TABLE `tbl_User_Login_History` DISABLE KEYS */;
/*!40000 ALTER TABLE `tbl_User_Login_History` ENABLE KEYS */;
UNLOCK TABLES;

--
-- Table structure for table `tbl_Users`
--

DROP TABLE IF EXISTS `tbl_Users`;
/*!40101 SET @saved_cs_client     = @@character_set_client */;
/*!50503 SET character_set_client = utf8mb4 */;
CREATE TABLE `tbl_Users` (
  `ID` int NOT NULL AUTO_INCREMENT,
  `full_name` varchar(100) NOT NULL,
  `email` varchar(100) NOT NULL,
  `password` varchar(255) NOT NULL,
  `phone_number` varchar(20) DEFAULT NULL,
  `address` varchar(255) DEFAULT NULL,
  `country` varchar(50) DEFAULT NULL,
  `Status` tinyint(1) DEFAULT '1',
  `status_Code` char(1) DEFAULT 'u',
  `country_code` varchar(10) DEFAULT NULL,
  `languages` varchar(100) DEFAULT NULL,
  `agreeToTerms` tinyint(1) DEFAULT '0',
  `Created_At` datetime DEFAULT CURRENT_TIMESTAMP,
  `Updated_At` datetime DEFAULT NULL,
  `profile_photo_id` varchar(50) DEFAULT NULL,
  `face_embedding_id` varchar(100) DEFAULT NULL,
  `liveness_photos_id` varchar(100) DEFAULT NULL,
  `edited_photo_id` varchar(100) DEFAULT NULL,
  `photo_code` tinyint DEFAULT '0',
  PRIMARY KEY (`ID`),
  UNIQUE KEY `email` (`email`)
) ENGINE=InnoDB AUTO_INCREMENT=228 DEFAULT CHARSET=utf8mb4 COLLATE=utf8mb4_0900_ai_ci;
/*!40101 SET character_set_client = @saved_cs_client */;

--
-- Dumping data for table `tbl_Users`
--

LOCK TABLES `tbl_Users` WRITE;
/*!40000 ALTER TABLE `tbl_Users` DISABLE KEYS */;
INSERT INTO `tbl_Users` VALUES (205,'Boby','boby@gmail.com','Boby@123','9652469123','KPHB','India',1,'u','+91','English',1,'2025-12-18 10:07:31',NULL,'6943850bdc082e48b76c6b7d','69438515dc082e48b76c6b7e',NULL,NULL,0),(206,'Vamsi','vamsi@gmail.com','Vamsi@123','6721356712','JNTU','India',1,'u','+91','English',1,'2025-12-18 10:09:12',NULL,'69438570dc082e48b76c6b7f','69438572dc082e48b76c6b80',NULL,NULL,0),(207,'AKHIL KORRAPATI','akhilkorrapati15@gmail.com','Akhil$7100','9390724219','HYD','India ',1,'u',NULL,'English',0,'2025-12-18 10:33:28','2025-12-18 10:45:17','69438b204198df13d3c69d62','69438b234198df13d3c69d63',NULL,NULL,0),(208,'Santoshi','santu@gmail.com','Santu@234','1231231234','HYD','India',1,'u','+91','English',1,'2025-12-19 10:12:13',NULL,'6944d7a55bb6547171ac4868','6944d7a65bb6547171ac4869',NULL,NULL,0),(209,'RAMMOHAN SANGAtTI','sangatirammohan@gmail.com','Rammohan@01','09676659878','4-5/B, Jaggaiahpally, Kataram','India',1,'u','+91','English',1,'2025-12-19 12:14:49',NULL,'6944f46132c035d4f136b61b','6944f46832c035d4f136b61c','6944f46132c035d4f136b61a',NULL,0),(210,'Vamsi','vamsi02@gmail.com','Rammohan@01','12345677787','wdfv','India',1,'u','+91','English',1,'2025-12-19 12:56:26',NULL,'6944fe22ac17ad2d979645cf','6944fe27ac17ad2d979645d0','6944fe22ac17ad2d979645ce',NULL,0),(211,'Rahul','nani@gmail.com','Nani@234','2312312314','HYD',NULL,1,'u',NULL,'English',0,'2025-12-19 13:25:24','2025-12-22 16:16:07','694504ec4d977ff54022b780','694504ed4d977ff54022b781',NULL,NULL,0),(212,'RAMMOHAN SANGATI','shiva01@gmail.com','Rammohan@01','09676659878','4-5/B, Jaggaiahpally, Kataram','India',1,'u','+91','English',1,'2025-12-19 14:52:11',NULL,'69451943b6e902b12319c2e0','69451947b6e902b12319c2e1','69451943b6e902b12319c2df',NULL,0),(213,'Akhil','akhil321@gmail.com','Akhil$7100','9876543210','HYD','India ',1,'u','+91','English',1,'2025-12-19 16:44:10',NULL,'69453382ee12223607d48b3f','69453383ee12223607d48b40',NULL,NULL,0),(214,'RAMMOHAN SANGATI','jyothi@gmail.com','Rammohan@01','09676659878','4-5/B, Jaggaiahpally, Kataram','India',1,'u','+91','English',1,'2025-12-19 16:45:39',NULL,'694533dc780605febb8ee1b1','694533e4780605febb8ee1b2','694533dc780605febb8ee1b0',NULL,0),(215,'AKhil','akhil123@gmail.com','Akhil$7100','8654321907','HYD','India',1,'u','+91','English',1,'2025-12-19 17:13:52',NULL,'69453a78d95e70a8136d19a2','69453a7bd95e70a8136d19a3',NULL,NULL,0),(216,'RAMMOHAN SANGATI','akhilkorrapati1511@gmail.com','Rammohan@01','09676659878','4-5/B, Jaggaiahpally, Kataram','India',1,'u','+91','English',1,'2025-12-20 15:28:21',NULL,'6946733e3ffefd8d53c88c00',NULL,'6946733e3ffefd8d53c88bff',NULL,0),(217,'jaipal','jaipal@gmail.com','Rammohan@01','9676659878','4-5/B, Jaggaiahpally, Kataram','India',1,'u','+91','English',1,'2025-12-20 15:54:13',NULL,'6946794d11c629d8deed184b',NULL,'6946794d11c629d8deed184a',NULL,0),(218,'chaiy','chai@gmail.com','Rammohan@01','09676659878','4-5/B, Jaggaiahpally, Kataram','India',1,'u','+91','English',1,'2025-12-20 16:06:42',NULL,'69467c3a455f61c88196a7c3',NULL,'69467c3a455f61c88196a7c2',NULL,0),(219,'chintu','chintu@gmail.com','Rammohan@01','9676659878','4-5/B, Jaggaiahpally, Kataram','India',1,'u','+91','English',1,'2025-12-20 16:22:03',NULL,'69467fd3444b46b1ebbd01a8','69467fd9444b46b1ebbd01a9','69467fd3444b46b1ebbd01a7',NULL,0),(220,'create','create@gmail.com','Rammohan@01','12345677787','Hyderabad','India',1,'u','+91','English',1,'2025-12-22 11:00:42',NULL,'6948d783738717b5bf7881c6',NULL,'6948d783738717b5bf7881c5',NULL,0),(221,'kannaya','kannaya@gmail.com','Rammohan@01','12345677787','hyderabad','India',1,'u','+91','English',1,'2025-12-22 11:13:29',NULL,'6948da81b263028d0c1d77a1','6948da86b263028d0c1d77a2','6948da81b263028d0c1d77a0',NULL,0),(222,'Ganta Abhisri','gantaabhi1173@gmail.com','Abhi@123','9491656162','4-163,SRIMANNARAYANA COLONY','India',1,'u','+91','English',1,'2025-12-22 11:15:49','2025-12-22 11:44:45','6948db0de3f3190aa6c384b7','6948db0fe3f3190aa6c384b8',NULL,NULL,0),(223,'RAMooooooooMOHAN SANGATI','sangatirammohan01111@gmail.com','Rammohan@01','09676659878','4-5/B, Jaggaiahpally, Kataram','India',1,'u','+91','English',1,'2025-12-22 13:10:06',NULL,'6948f5d7f2065d95c28cd125',NULL,'6948f5d7f2065d95c28cd124',NULL,0),(224,'RAMMOHAN SANGATI012345678','sammmmmmmmmmmmmmmmmmmm@gmail.com','Rammohan@01','9676659878','4-5/B, Jaggaiahpally, Kataram','India',1,'u','+91','English',1,'2025-12-22 13:18:38',NULL,'6948f7d60387943ccb1e46fa',NULL,'6948f7d60387943ccb1e46f9',NULL,0),(225,'communication','communication@gmail.com','Rammohan@01','12345677787','Hyderabad','India',1,'u','+91','English',1,'2025-12-22 14:41:13',NULL,'69490b32d099d2da2a989bd7','69490b35d099d2da2a989bd8','69490b31d099d2da2a989bd6',NULL,0),(226,'sasidhar','chowdarysasidhar876@gmail.com','Sasidhar@123','9177159245','9-291/2, beside post office, RUPENAGUNTLA, NEKARIKALLU, PALNADU, AP,522603','India',1,'u','+91','English',1,'2025-12-23 10:40:51','2025-12-23 10:41:36','694a245bb27ff3cd51ce7282','694a245db27ff3cd51ce7283',NULL,'694a2488b27ff3cd51ce7284',1),(227,'jyo','jyothiprathigudupu@gmail.com','Jyothi@12','9876543567','zsdfghj','dfgh',1,'u','+91','English',1,'2025-12-23 17:13:54',NULL,'694a807ab94e86bdeeaaaf02','694a807bb94e86bdeeaaaf03',NULL,NULL,0);
/*!40000 ALTER TABLE `tbl_Users` ENABLE KEYS */;
UNLOCK TABLES;

--
-- Table structure for table `tbl_livekit_chat_messages`
--

DROP TABLE IF EXISTS `tbl_livekit_chat_messages`;
/*!40101 SET @saved_cs_client     = @@character_set_client */;
/*!50503 SET character_set_client = utf8mb4 */;
CREATE TABLE `tbl_livekit_chat_messages` (
  `id` int NOT NULL AUTO_INCREMENT,
  `message_id` char(36) DEFAULT NULL,
  `meeting_id` varchar(20) NOT NULL,
  `user_id` int NOT NULL,
  `user_name` varchar(255) NOT NULL,
  `message` text NOT NULL,
  `message_type` enum('public','private') DEFAULT 'public',
  `timestamp` datetime NOT NULL DEFAULT CURRENT_TIMESTAMP,
  `created_at` datetime NOT NULL DEFAULT CURRENT_TIMESTAMP,
  PRIMARY KEY (`id`),
  UNIQUE KEY `message_id` (`message_id`),
  KEY `idx_meeting_timestamp` (`meeting_id`,`timestamp`),
  KEY `idx_user_id` (`user_id`),
  CONSTRAINT `fk_chat_meeting` FOREIGN KEY (`meeting_id`) REFERENCES `tbl_Meetings` (`ID`) ON DELETE CASCADE,
  CONSTRAINT `fk_chat_user` FOREIGN KEY (`user_id`) REFERENCES `tbl_Users` (`ID`) ON DELETE CASCADE
) ENGINE=InnoDB DEFAULT CHARSET=utf8mb4 COLLATE=utf8mb4_0900_ai_ci;
/*!40101 SET character_set_client = @saved_cs_client */;

--
-- Dumping data for table `tbl_livekit_chat_messages`
--

LOCK TABLES `tbl_livekit_chat_messages` WRITE;
/*!40000 ALTER TABLE `tbl_livekit_chat_messages` DISABLE KEYS */;
/*!40000 ALTER TABLE `tbl_livekit_chat_messages` ENABLE KEYS */;
UNLOCK TABLES;

--
-- Table structure for table `tbl_livekit_typing_indicators`
--

DROP TABLE IF EXISTS `tbl_livekit_typing_indicators`;
/*!40101 SET @saved_cs_client     = @@character_set_client */;
/*!50503 SET character_set_client = utf8mb4 */;
CREATE TABLE `tbl_livekit_typing_indicators` (
  `id` int NOT NULL AUTO_INCREMENT,
  `meeting_id` varchar(20) NOT NULL,
  `user_id` int NOT NULL,
  `user_name` varchar(255) NOT NULL,
  `is_typing` tinyint(1) DEFAULT '0',
  `last_updated` datetime NOT NULL DEFAULT CURRENT_TIMESTAMP ON UPDATE CURRENT_TIMESTAMP,
  PRIMARY KEY (`id`),
  UNIQUE KEY `unique_user_meeting` (`meeting_id`,`user_id`),
  KEY `idx_meeting_typing` (`meeting_id`,`is_typing`),
  KEY `fk_typing_user` (`user_id`),
  CONSTRAINT `fk_typing_meeting` FOREIGN KEY (`meeting_id`) REFERENCES `tbl_Meetings` (`ID`) ON DELETE CASCADE,
  CONSTRAINT `fk_typing_user` FOREIGN KEY (`user_id`) REFERENCES `tbl_Users` (`ID`) ON DELETE CASCADE
) ENGINE=InnoDB DEFAULT CHARSET=utf8mb4 COLLATE=utf8mb4_0900_ai_ci;
/*!40101 SET character_set_client = @saved_cs_client */;

--
-- Dumping data for table `tbl_livekit_typing_indicators`
--

LOCK TABLES `tbl_livekit_typing_indicators` WRITE;
/*!40000 ALTER TABLE `tbl_livekit_typing_indicators` DISABLE KEYS */;
/*!40000 ALTER TABLE `tbl_livekit_typing_indicators` ENABLE KEYS */;
UNLOCK TABLES;

--
-- Table structure for table `tbl_user_subscription_history`
--

DROP TABLE IF EXISTS `tbl_user_subscription_history`;
/*!40101 SET @saved_cs_client     = @@character_set_client */;
/*!50503 SET character_set_client = utf8mb4 */;
CREATE TABLE `tbl_user_subscription_history` (
  `Id` int NOT NULL AUTO_INCREMENT,
  `User_ID` int DEFAULT NULL,
  `Transaction_ID` int DEFAULT NULL,
  `Start_date` datetime DEFAULT NULL,
  `End_date` datetime DEFAULT NULL,
  `Status` tinyint(1) DEFAULT '0',
  PRIMARY KEY (`Id`),
  KEY `FK_SubHistory_Users` (`User_ID`),
  KEY `FK_SubHistory_Payments` (`Transaction_ID`),
  CONSTRAINT `FK_SubHistory_Payments` FOREIGN KEY (`Transaction_ID`) REFERENCES `tbl_Payments` (`Transaction_ID`),
  CONSTRAINT `FK_SubHistory_Users` FOREIGN KEY (`User_ID`) REFERENCES `tbl_Users` (`ID`)
) ENGINE=InnoDB DEFAULT CHARSET=utf8mb4 COLLATE=utf8mb4_0900_ai_ci;
/*!40101 SET character_set_client = @saved_cs_client */;

--
-- Dumping data for table `tbl_user_subscription_history`
--

LOCK TABLES `tbl_user_subscription_history` WRITE;
/*!40000 ALTER TABLE `tbl_user_subscription_history` DISABLE KEYS */;
/*!40000 ALTER TABLE `tbl_user_subscription_history` ENABLE KEYS */;
UNLOCK TABLES;
/*!40103 SET TIME_ZONE=@OLD_TIME_ZONE */;

/*!40101 SET SQL_MODE=@OLD_SQL_MODE */;
/*!40014 SET FOREIGN_KEY_CHECKS=@OLD_FOREIGN_KEY_CHECKS */;
/*!40014 SET UNIQUE_CHECKS=@OLD_UNIQUE_CHECKS */;
/*!40101 SET CHARACTER_SET_CLIENT=@OLD_CHARACTER_SET_CLIENT */;
/*!40101 SET CHARACTER_SET_RESULTS=@OLD_CHARACTER_SET_RESULTS */;
/*!40101 SET COLLATION_CONNECTION=@OLD_COLLATION_CONNECTION */;
/*!40111 SET SQL_NOTES=@OLD_SQL_NOTES */;

-- Dump completed on 2025-12-24 15:17:08
